gid,role,role_score,cluster_id,priority_score,evidence,depth,is_seed,truncated,flags,in_deg,out_deg,in_kzt,out_kzt,in_tx,out_tx,pass_through,seeds_upstream,fast_transit_share,pagerank,hub,authority,betweenness
100000000343175100,distributor,0.3639,16,0.2788,получателей: 31; плательщиков: 8; исходящий поток: 4 000 039 KZT,0,true,false,seed|fast_transit|depth_outlier|repeat_route,8,31,178712,4000039,14,33,22.3826,7,1,0.000709762,0.0065894,0.000289331,0.00109469
100000000456947100,peripheral,0,65,0.08,"seed без переводов в выборке: входящих 0, исходящих 0",0,true,false,seed,0,0,0,0,0,0,,0,0,0.000284037,0,0,0
100000000580561100,peripheral,0,37,0.1779,"смешанные признаки: плательщиков 2, получателей 3, поток 1 516 057 KZT",0,true,false,seed|fast_transit|mixed_signals|cycle|repeat_route,2,3,27980,1488077,3,13,53.1836,0,0.5712,0.000828964,0,0,0.00000118888
100000001415126100,peripheral,0,26,0.1886,"ниже порога конечного получателя: плательщиков 1 (нужно ≥ 2), получено 27 000 KZT (нужно ≥ 200 000 KZT)",0,true,false,seed,1,0,27000,0,1,0,0,7,0,0.000407179,0,2.88744e-7,0
100000001429930100,peripheral,0,15,0.1561,"ниже порога конечного получателя: плательщиков 1 (нужно ≥ 2), получено 26 000 KZT (нужно ≥ 200 000 KZT)",0,true,false,seed,1,0,26000,0,1,0,0,7,0,0.00034879,0,4.25995e-8,0
100000001616816100,peripheral,0,10,0.2346,"смешанные признаки: плательщиков 5, получателей 3, поток 357 521 KZT",0,true,false,seed|fast_transit|mixed_signals|cycle,5,3,176195,181326,12,10,1.0291,10,0.6939,0.00241194,0.0000218704,4.749e-7,0.000104701
100000001732159100,peripheral,0,4,0.2226,"смешанные признаки: плательщиков 2, получателей 4, поток 3 884 066 KZT",0,true,false,seed|fast_transit|mixed_signals|cycle|repeat_route,2,4,2378100,1505966,30,23,0.6333,9,0.9145,0.00108571,0.0000534019,7.69949e-7,0.0000202709
100000002527114100,distributor,0.8541,24,0.2943,получателей: 111; плательщиков: 3; исходящий поток: 3 289 249 KZT,0,true,false,seed|cycle,3,111,129000,3289249,4,113,25.4981,0,0.4464,0.00080609,9.60128e-11,2.52742e-14,0.000193391
100000002916006100,peripheral,0,26,0.1354,"смешанные признаки: плательщиков 0, получателей 1, поток 32 000 KZT",0,true,false,seed|mixed_signals,0,1,0,32000,0,1,,0,0,0.000284037,0,0,0
100000003016635100,coordinator,0.9211,2,0.4744,узлов сбора/раздачи за 2 шага: 21; прямых ветвей: 21; получателей: 73,0,true,false,seed|fast_transit|sync_inflow|cycle|depth_outlier|repeat_route,8,73,586981,9414081,36,151,16.0381,6,0.9351,0.00118297,0.0158426,0.0000124908,0.00721547
100000003200071100,peripheral,0,58,0.1335,"смешанные признаки: плательщиков 0, получателей 1, поток 30 000 KZT",0,true,false,seed|mixed_signals,0,1,0,30000,0,1,,0,0,0.000284037,0,0,0
100000003265658100,peripheral,0,66,0.08,"seed без переводов в выборке: входящих 0, исходящих 0",0,true,false,seed,0,0,0,0,0,0,,0,0,0.000284037,0,0,0
100000003349739100,peripheral,0,67,0.08,"seed без переводов в выборке: входящих 0, исходящих 0",0,true,false,seed,0,0,0,0,0,0,,0,0,0.000284037,0,0,0
100000003684369100,distributor,0.3693,7,0.3402,получателей: 62; плательщиков: 24; исходящий поток: 8 588 655 KZT,0,true,false,seed|fast_transit|sync_inflow|cycle|depth_outlier|repeat_route,24,62,3848436,8588655,58,67,2.2317,9,1,0.00200688,0.0247462,0.00135372,0.00230307
100000003770083100,peripheral,0,68,0.08,"seed без переводов в выборке: входящих 0, исходящих 0",0,true,false,seed,0,0,0,0,0,0,,0,0,0.000284037,0,0,0
100000003975102100,peripheral,0,2,0.1645,"смешанные признаки: плательщиков 1, получателей 2, поток 114 150 KZT",0,true,false,seed|mixed_signals,1,2,25650,88500,1,2,3.4503,7,0.3616,0.000343486,4.6427e-7,1.33104e-312,0.00000591468
100000003977183100,peripheral,0,10,0.1369,"смешанные признаки: плательщиков 2, получателей 4, поток 889 800 KZT",0,true,false,seed|mixed_signals|cycle,2,4,123800,766000,2,6,6.1874,1,0.2115,0.00032961,0.0000495193,0.0000420066,0.00000158517
100000004007116100,peripheral,0,42,0.151,"смешанные признаки: плательщиков 3, получателей 4, поток 912 704 KZT",0,true,false,seed|fast_transit|mixed_signals|cycle|repeat_route,3,4,764704,148000,24,6,0.1935,0,0.9324,0.000623732,2.34663e-217,1.38074e-217,3.96294e-7
100000004019124100,consolidator,0.8462,2,0.3649,"плательщиков: 3, прямых seed: 2; дальше: 0% входящего",0,true,false,seed,3,0,193000,0,3,0,0,11,0,0.00119475,0,2.66732e-8,0
100000004021459100,peripheral,0,69,0.08,"seed без переводов в выборке: входящих 0, исходящих 0",0,true,false,seed,0,0,0,0,0,0,,0,0,0.000284037,0,0,0
100000004041163100,peripheral,0,26,0.302,"смешанные признаки: плательщиков 1, получателей 2, поток 916 000 KZT",0,true,false,seed|mixed_signals|cycle,1,2,50000,866000,1,6,17.32,14,0.0554,0.00206713,4.64241e-7,0,0.0000233813
100000004174835100,peripheral,0,70,0.08,"seed без переводов в выборке: входящих 0, исходящих 0",0,true,false,seed,0,0,0,0,0,0,,0,0,0.000284037,0,0,0
100000004193835100,peripheral,0,2,0.1598,"смешанные признаки: плательщиков 1, получателей 1, поток 52 000 KZT",0,true,false,seed|fast_transit|mixed_signals,1,1,47000,5000,1,1,0.1064,7,1,0.000467133,4.60558e-7,6.97342e-11,0.00000667755
100000004269433100,peripheral,0,16,0.1338,"смешанные признаки: плательщиков 0, получателей 1, поток 1 372 000 KZT",0,true,false,seed|mixed_signals,0,1,0,1372000,0,67,,0,0,0.000284037,0,0,0
100000004358004100,distributor,0.3386,30,0.1862,получателей: 11; плательщиков: 0; исходящий поток: 980 850 KZT,0,true,false,seed,0,11,0,980850,0,17,,0,0,0.000284037,0.00363817,0,0
100000004388983100,peripheral,0,39,0.145,"смешанные признаки: плательщиков 0, получателей 2, поток 450 816 KZT",0,true,false,seed|mixed_signals,0,2,0,450816,0,23,,0,0,0.000284037,0,0,0
100000004714705100,peripheral,0,26,0.1366,"смешанные признаки: плательщиков 0, получателей 1, поток 36 550 KZT",0,true,false,seed|mixed_signals,0,1,0,36550,0,1,,0,0,0.000284037,0,0,0
100000004723755100,peripheral,0,7,0.1079,"смешанные признаки: плательщиков 0, получателей 1, поток 95 000 KZT",0,true,false,seed|mixed_signals,0,1,0,95000,0,5,,0,0,0.000284037,0,0,0
100000004813068100,peripheral,0,3,0.1207,"смешанные признаки: плательщиков 0, получателей 3, поток 297 000 KZT",0,true,false,seed|mixed_signals,0,3,0,297000,0,5,,0,0,0.000284037,0,0,0
100000004971871100,peripheral,0,56,0.1419,"смешанные признаки: плательщиков 1, получателей 1, поток 31 050 KZT",0,true,false,seed|fast_transit|mixed_signals|cycle,1,1,25400,5650,3,1,0.2224,0,1,0.000736954,0,0,0
100000005017150100,peripheral,0,71,0.08,"seed без переводов в выборке: входящих 0, исходящих 0",0,true,false,seed,0,0,0,0,0,0,,0,0,0.000284037,0,0,0
100000005087431100,peripheral,0,72,0.08,"seed без переводов в выборке: входящих 0, исходящих 0",0,true,false,seed,0,0,0,0,0,0,,0,0,0.000284037,0,0,0
100000005235389100,peripheral,0,73,0.08,"seed без переводов в выборке: входящих 0, исходящих 0",0,true,false,seed,0,0,0,0,0,0,,0,0,0.000284037,0,0,0
100000005264990100,peripheral,0,26,0.2032,"смешанные признаки: плательщиков 1, получателей 2, поток 139 070 KZT",0,true,false,seed|mixed_signals,1,2,17070,122000,1,2,7.147,7,0,0.00036189,4.64241e-7,2.88744e-7,0.0000776538
100000005370580100,peripheral,0,15,0.1553,"ниже порога конечного получателя: плательщиков 1 (нужно ≥ 2), получено 24 075 KZT (нужно ≥ 200 000 KZT)",0,true,false,seed,1,0,24075,0,1,0,0,7,0,0.000343996,0,4.25995e-8,0
100000005382566100,consolidator,0.6722,26,0.4161,"плательщиков: 7, прямых seed: 6; дальше: 13% входящего",0,true,false,seed|fast_transit|cycle,7,1,393066,50000,11,1,0.1272,14,1,0.00209776,0,0.00000108207,0.0000463664
100000005386383100,peripheral,0,26,0.1989,"смешанные признаки: плательщиков 2, получателей 1, поток 66 500 KZT",0,true,false,seed|mixed_signals,2,1,37500,29000,2,1,0.7733,7,0,0.00052122,4.60558e-7,0,0.0000285232
100000005392290100,peripheral,0,50,0.1424,"смешанные признаки: плательщиков 0, получателей 1, поток 81 465 KZT",0,true,false,seed|mixed_signals,0,1,0,81465,0,1,,0,0,0.000284037,0,0,0
100000005395727100,peripheral,0,26,0.1838,"ниже порога конечного получателя: плательщиков 1 (нужно ≥ 2), получено 17 000 KZT (нужно ≥ 200 000 KZT)",0,true,false,seed,1,0,17000,0,1,0,0,7,0,0.000369107,0,0,0
100000005409680100,terminal,0,14,0.1766,получено: 55 060 KZT; плательщиков: 2; исходящих: 0,0,true,false,seed,2,0,55060,0,2,0,0,9,0,0.000629323,0,0.0000358252,0
100000005417257100,peripheral,0,26,0.146,"смешанные признаки: плательщиков 0, получателей 2, поток 106 000 KZT",0,true,false,seed|mixed_signals,0,2,0,106000,0,2,,0,0,0.000284037,0,0,0
100000005454368100,terminal,0,15,0.1624,получено: 48 600 KZT; плательщиков: 2; исходящих: 0,0,true,false,seed,2,0,48600,0,2,0,0,7,0,0.000391886,0,0.00000507174,0
100000005480435100,peripheral,0,74,0.08,"seed без переводов в выборке: входящих 0, исходящих 0",0,true,false,seed,0,0,0,0,0,0,,0,0,0.000284037,0,0,0
100000005485830100,peripheral,0,43,0.1281,"смешанные признаки: плательщиков 0, получателей 5, поток 275 885 KZT",0,true,false,seed|mixed_signals,0,5,0,275885,0,9,,0,0,0.000284037,0,0,0
100000005493505100,consolidator,0.8462,15,0.3492,"плательщиков: 3, прямых seed: 1; дальше: 0% входящего",0,true,false,seed,3,0,62020,0,3,0,0,11,0,0.000613666,0,4.32889e-8,0
100000005495722100,peripheral,0,75,0.08,"seed без переводов в выборке: входящих 0, исходящих 0",0,true,false,seed,0,0,0,0,0,0,,0,0,0.000284037,0,0,0
100000005498992100,distributor,0.4802,10,0.2178,получателей: 16; плательщиков: 0; исходящий поток: 2 262 868 KZT,0,true,false,seed,0,16,0,2262868,0,19,,0,0,0.000284037,0.00122064,0,0
100000005519347100,peripheral,0,2,0.1868,"смешанные признаки: плательщиков 2, получателей 1, поток 172 100 KZT",0,true,false,seed|mixed_signals,2,1,73100,99000,2,1,1.3543,9,0,0.000553151,1.13528e-8,1.66926e-312,0.00000151913
100000005523088100,terminal,0.5556,26,0.3576,получено: 700 000 KZT; плательщиков: 1; исходящих: 0,0,true,false,seed,1,0,700000,0,2,0,0,15,0,0.0017043,0,8.65156e-9,0
100000005543136100,peripheral,0,15,0.094,"смешанные признаки: плательщиков 0, получателей 1, поток 10 000 KZT",0,true,false,seed|mixed_signals,0,1,0,10000,0,1,,0,0,0.000284037,1.84249e-8,0,0
100000005550592100,peripheral,0,76,0.08,"seed без переводов в выборке: входящих 0, исходящих 0",0,true,false,seed,0,0,0,0,0,0,,0,0,0.000284037,0,0,0
100000005560900100,peripheral,0,77,0.08,"seed без переводов в выборке: входящих 0, исходящих 0",0,true,false,seed,0,0,0,0,0,0,,0,0,0.000284037,0,0,0
100000005568407100,peripheral,0,78,0.08,"seed без переводов в выборке: входящих 0, исходящих 0",0,true,false,seed,0,0,0,0,0,0,,0,0,0.000284037,0,0,0
100000005668605100,consolidator,0.8333,26,0.3781,"плательщиков: 3, прямых seed: 1; дальше: 0% входящего",0,true,false,seed,3,0,94500,0,3,0,0,10,0,0.000832753,0,0.00000292872,0
100000005744674100,peripheral,0,26,0.1394,"смешанные признаки: плательщиков 0, получателей 1, поток 50 066 KZT",0,true,false,seed|mixed_signals,0,1,0,50066,0,2,,0,0,0.000284037,4.60558e-7,0,0
100000006232815100,peripheral,0,48,0.1436,"смешанные признаки: плательщиков 1, получателей 5, поток 456 500 KZT",0,true,false,seed|mixed_signals|cycle,1,5,160000,296500,2,5,1.8531,0,0,0.000552707,1e-323,0,0.00000277406
100000006249740100,peripheral,0,55,0.131,"смешанные признаки: плательщиков 0, получателей 3, поток 93 007 KZT",0,true,false,seed|mixed_signals,0,3,0,93007,0,5,,0,0,0.000284037,0,0,0
100000006831291100,peripheral,0,61,0.1274,"смешанные признаки: плательщиков 0, получателей 1, поток 15 000 KZT",0,true,false,seed|mixed_signals,0,1,0,15000,0,3,,0,0,0.000284037,0,0,0
100000006866783100,coordinator,0.9143,6,0.4437,узлов сбора/раздачи за 2 шага: 52; прямых ветвей: 31; получателей: 67,0,true,false,seed|fast_transit|sync_inflow|cycle|depth_outlier|repeat_route,13,67,838812,3948037,31,90,4.7067,6,1,0.000864797,0.115459,0.000683765,0.00604523
100000007018630100,peripheral,0,40,0.1378,"смешанные признаки: плательщиков 0, получателей 1, поток 200 000 KZT",0,true,false,seed|mixed_signals,0,1,0,200000,0,5,,0,0,0.000284037,0,0,0
100000007747786100,distributor,0.6815,11,0.256,получателей: 31; плательщиков: 0; исходящий поток: 4 238 009 KZT,0,true,false,seed|depth_outlier,0,31,0,4238009.4,0,35,,0,0,0.000284037,0.000232959,0,0
100000007982728100,peripheral,0,10,0.1348,"смешанные признаки: плательщиков 0, получателей 8, поток 1 804 384 KZT",0,true,false,seed|mixed_signals,0,8,0,1804384,0,12,,0,0,0.000284037,0.00219446,0,0
100000008117324100,peripheral,0,79,0.08,"seed без переводов в выборке: входящих 0, исходящих 0",0,true,false,seed,0,0,0,0,0,0,,0,0,0.000284037,0,0,0
100000008205000100,peripheral,0,80,0.08,"seed без переводов в выборке: входящих 0, исходящих 0",0,true,false,seed,0,0,0,0,0,0,,0,0,0.000284037,0,0,0
100000008314203100,peripheral,0,4,0.1969,"смешанные признаки: плательщиков 2, получателей 2, поток 709 076 KZT",0,true,false,seed|mixed_signals|split|cycle|repeat_route,2,2,382076,327000,10,13,0.8559,9,0.4862,0.000499232,0.0000405519,0.00000100942,0
100000008418835100,peripheral,0,16,0.1507,"смешанные признаки: плательщиков 1, получателей 4, поток 1 558 179 KZT",0,true,false,seed|fast_transit|mixed_signals|repeat_route,1,4,1372000,186179,67,6,0.1357,1,0.855,0.000525469,0.000128479,0,0.000316639
100000008513251100,peripheral,0,81,0.08,"seed без переводов в выборке: входящих 0, исходящих 0",0,true,false,seed,0,0,0,0,0,0,,0,0,0.000284037,0,0,0
100000008516839100,consolidator,0.8333,26,0.3866,"плательщиков: 3, прямых seed: 1; дальше: 0% входящего",0,true,false,seed,3,0,155000,0,4,0,0,10,0,0.00106267,0,0,0
100000008522127100,peripheral,0,0,0.1104,"смешанные признаки: плательщиков 0, получателей 1, поток 145 000 KZT",0,true,false,seed|mixed_signals,0,1,0,145000,0,3,,0,0,0.000284037,0,0,0
100000008571433100,peripheral,0,38,0.181,"смешанные признаки: плательщиков 2, получателей 2, поток 1 784 000 KZT",0,true,false,seed|fast_transit|mixed_signals|cycle,2,2,350000,1434000,2,3,4.0971,0,0.742,0.00162767,0,0,9.90734e-7
100000008575624100,peripheral,0,52,0.1307,"смешанные признаки: плательщиков 0, получателей 3, поток 89 500 KZT",0,true,false,seed|mixed_signals,0,3,0,89500,0,5,,0,0,0.000284037,0,0,0
100000008601794100,peripheral,0,32,0.1868,"смешанные признаки: плательщиков 2, получателей 1, поток 1 365 800 KZT",0,true,false,seed|mixed_signals|cycle,2,1,494400,871400,8,13,1.7625,0,0.2311,0.00244031,0,0,3.96294e-7
100000008637537100,peripheral,0,4,0.2162,"смешанные признаки: плательщиков 3, получателей 3, поток 2 971 385 KZT",0,true,false,seed|fast_transit|mixed_signals|split|cycle|repeat_route,3,3,619890,2351495,22,30,3.7934,9,1,0.000822011,7.634e-7,0.000094506,0.0000775354
100000008650785100,peripheral,0,2,0.1824,"смешанные признаки: плательщиков 2, получателей 2, поток 212 120 KZT",0,true,false,seed|fast_transit|mixed_signals,2,2,92000,120120,2,2,1.3057,8,0.5829,0.000608727,8.54432e-313,8.72185e-9,0.0000224236
100000008654653100,peripheral,0,2,0.1043,"смешанные признаки: плательщиков 0, получателей 1, поток 54 000 KZT",0,true,false,seed|mixed_signals,0,1,0,54000,0,1,,0,0,0.000284037,1.13528e-8,0,0
100000008659445100,peripheral,0,36,0.1923,"смешанные признаки: плательщиков 3, получателей 4, поток 1 013 640 KZT",0,true,false,seed|fast_transit|mixed_signals|cycle|repeat_route,3,4,138490,875150,7,18,6.3192,0,0.5179,0.00254666,2.3419e-267,1.27071e-267,9.90734e-7
100000008669037100,peripheral,0,82,0.08,"seed без переводов в выборке: входящих 0, исходящих 0",0,true,false,seed,0,0,0,0,0,0,,0,0,0.000284037,0,0,0
100000008673001100,peripheral,0,26,0.1542,"ниже порога конечного получателя: плательщиков 1 (нужно ≥ 2), получено 80 000 KZT (нужно ≥ 200 000 KZT)",0,true,false,seed,1,0,80000,0,1,0,0,1,0,0.00046625,0,0,0
100000008680731100,distributor,0.645,25,0.2406,получателей: 27; плательщиков: 0; исходящий поток: 1 464 354 KZT,0,true,false,seed,0,27,0,1464354,0,28,,0,0,0.000284037,0.000541965,0,0
100000008701222100,peripheral,0,83,0.08,"seed без переводов в выборке: входящих 0, исходящих 0",0,true,false,seed,0,0,0,0,0,0,,0,0,0.000284037,0,0,0
100000008738325100,peripheral,0,26,0.1564,"смешанные признаки: плательщиков 1, получателей 1, поток 90 550 KZT",0,true,false,seed|mixed_signals,1,1,36550,54000,1,1,1.4774,1,0,0.000525469,0.00000124654,0,1.98147e-7
100000003134937100,peripheral,0,2,0.1896,"ниже порога конечного получателя: плательщиков 1 (нужно ≥ 2), получено 10 286 KZT (нужно ≥ 200 000 KZT)",1,false,false,,1,0,10286,0,1,0,0,7,0,0.000285136,0,0.000295242,0
100000005074393100,peripheral,0.1111,7,0.296,"смешанные признаки: плательщиков 4, получателей 6, поток 1 248 526 KZT",1,false,false,mixed_signals|cycle,4,6,563026,685500,5,10,1.2175,10,0.0664,0.00105268,0.00000261671,0.000732292,0.000216971
100000001924185100,terminal,0,16,0.263,получено: 151 000 KZT; плательщиков: 2; исходящих: 0,1,false,false,,2,0,151000,0,2,0,0,11,0,0.000308532,0,0.000583968,0
100000004070318100,coordinator,0.7273,4,0.4554,узлов сбора/раздачи за 2 шага: 59; прямых ветвей: 15; получателей: 19,1,false,false,fast_transit|cycle|repeat_route,4,19,207246.55,551860,6,37,2.6628,7,0.5406,0.000312376,0.00497722,0.0066553,0.00207327
100000005807278100,peripheral,0,43,0.1399,"ниже порога конечного получателя: плательщиков 1 (нужно ≥ 2), получено 8 385 KZT (нужно ≥ 200 000 KZT)",1,false,false,,1,0,8385,0,1,0,0,1,0,0.000291375,0,0,0
100000003377795100,peripheral,0,11,0.1227,"ниже порога конечного получателя: плательщиков 1 (нужно ≥ 2), получено 7 000 KZT (нужно ≥ 200 000 KZT)",1,false,false,,1,0,7000,0,1,0,0,1,0,0.000284436,0,0.00000434142,0
100000004330371100,peripheral,0,2,0.2597,"смешанные признаки: плательщиков 2, получателей 2, поток 354 852 KZT",1,false,false,fast_transit|mixed_signals|cycle|repeat_route,2,2,264171,90681,12,6,0.3433,7,0.6495,0.00124972,0.00000535891,0.000297602,0.00033467
100000008165763100,peripheral,0.6,4,0.2924,"смешанные признаки: плательщиков 15, получателей 17, поток 2 433 673 KZT",1,false,false,fast_transit|mixed_signals|sync_inflow|depth_outlier,15,17,1165815,1267858,26,17,1.0875,9,0.6806,0.000904543,0.00766086,0.0009409,0.000345294
100000001684867100,peripheral,0,2,0.2024,"ниже порога конечного получателя: плательщиков 1 (нужно ≥ 2), получено 30 550 KZT (нужно ≥ 200 000 KZT)",1,false,false,,1,0,30550,0,1,0,0,7,0,0.0002873,0,0.000295242,0
100000003900547100,peripheral,0,2,0.1994,"ниже порога конечного получателя: плательщиков 1 (нужно ≥ 2), получено 23 700 KZT (нужно ≥ 200 000 KZT)",1,false,false,,1,0,23700,0,1,0,0,7,0,0.000286569,0,0.000295242,0
100000006656003100,peripheral,0,24,0.1387,"смешанные признаки: плательщиков 1, получателей 1, поток 29 000 KZT",1,false,false,fast_transit|mixed_signals|cycle,1,1,20000,9000,1,1,0.45,1,1,0.000288203,1.07573e-14,1.94123e-12,0
100000008237827100,peripheral,0,7,0.2339,"ниже порога конечного получателя: плательщиков 1 (нужно ≥ 2), получено 40 001 KZT (нужно ≥ 200 000 KZT)",1,false,false,,1,0,40001,0,1,0,0,10,0,0.000291982,0,0.000461168,0
100000003014659100,terminal,0.1667,16,0.2636,получено: 280 000 KZT; плательщиков: 1; исходящих: 0,1,false,false,,1,0,280000,0,1,0,0,8,0,0.000326268,0,0.0001228,0
100000007939160100,peripheral,0,64,0.1857,"смешанные признаки: плательщиков 1, получателей 2, поток 809 300 KZT",1,false,false,mixed_signals|cycle,1,2,795000,14300,2,2,0.018,1,0,0.000660478,0,0,3.96294e-7
100000007274584100,peripheral,0,7,0.2332,"ниже порога конечного получателя: плательщиков 1 (нужно ≥ 2), получено 38 000 KZT (нужно ≥ 200 000 KZT)",1,false,false,,1,0,38000,0,1,0,0,10,0,0.000291585,0,0.000461168,0
100000001524952100,peripheral,0,6,0.2137,"ниже порога конечного получателя: плательщиков 1 (нужно ≥ 2), получено 103 807 KZT (нужно ≥ 200 000 KZT)",1,false,false,,1,0,103807,0,1,0,0,7,0,0.000303365,0,0.00215168,0
100000003131693100,terminal,0.277,7,0.2991,получено: 353 277 KZT; плательщиков: 1; исходящих: 0,1,false,false,,1,0,353277,0,1,0,0,10,0,0.000354204,0,0.000461168,0
100000008383405100,peripheral,0,3,0.1423,"ниже порога конечного получателя: плательщиков 1 (нужно ≥ 2), получено 25 000 KZT (нужно ≥ 200 000 KZT)",1,false,false,,1,0,25000,0,2,0,0,1,0,0.00030436,0,0,0
100000008736173100,peripheral,0,24,0.1395,"ниже порога конечного получателя: плательщиков 1 (нужно ≥ 2), получено 31 060 KZT (нужно ≥ 200 000 KZT)",1,false,false,,1,0,31060,0,1,0,0,1,0,0.000290507,0,1.94123e-12,0
100000002861485100,peripheral,0,2,0.202,"ниже порога конечного получателя: плательщиков 1 (нужно ≥ 2), получено 29 323 KZT (нужно ≥ 200 000 KZT)",1,false,false,,1,0,29323,0,1,0,0,7,0,0.000287169,0,0.000295242,0
100000008745474100,peripheral,0,24,0.1427,"ниже порога конечного получателя: плательщиков 1 (нужно ≥ 2), получено 40 559 KZT (нужно ≥ 200 000 KZT)",1,false,false,,1,0,40559,0,1,0,0,1,0,0.000292486,0,1.94123e-12,0
100000008691330100,peripheral,0,24,0.1351,"ниже порога конечного получателя: плательщиков 1 (нужно ≥ 2), получено 21 440 KZT (нужно ≥ 200 000 KZT)",1,false,false,,1,0,21440,0,1,0,0,1,0,0.000288503,0,1.94123e-12,0
100000007639767100,coordinator,0.5652,15,0.4321,узлов сбора/раздачи за 2 шага: 54; прямых ветвей: 8; получателей: 10,1,false,false,cycle,4,10,90913,822244,4,13,9.0443,7,0.0952,0.000299783,0.00259745,0.00602594,0.00251122
100000002921047100,peripheral,0,11,0.254,"смешанные признаки: плательщиков 2, получателей 1, поток 501 000 KZT",1,false,false,fast_transit|mixed_signals,2,1,338000,163000.02,2,1,0.4822,9,1,0.000315302,0,0.00000561756,0.000021598
100000004783447100,peripheral,0,24,0.1375,"ниже порога конечного получателя: плательщиков 1 (нужно ≥ 2), получено 26 200 KZT (нужно ≥ 200 000 KZT)",1,false,false,,1,0,26200,0,1,0,0,1,0,0.000289495,0,1.94123e-12,0
100000008696919100,peripheral,0,24,0.1399,"ниже порога конечного получателя: плательщиков 1 (нужно ≥ 2), получено 31 945 KZT (нужно ≥ 200 000 KZT)",1,false,false,,1,0,31945,0,1,0,0,1,0,0.000290692,0,1.94123e-12,0
100000008736940100,peripheral,0,36,0.2606,"смешанные признаки: плательщиков 3, получателей 3, поток 633 190 KZT",1,false,false,fast_transit|mixed_signals|cycle|repeat_route,3,3,451090,182100,13,6,0.4037,1,1,0.00253832,1.71584e-267,1.44925e-267,7.92587e-7
100000005940652100,peripheral,0,4,0.2153,"ниже порога конечного получателя: плательщиков 1 (нужно ≥ 2), получено 8 395 KZT (нужно ≥ 200 000 KZT)",1,false,false,,1,0,8395,0,1,0,0,10,0,0.000286532,0,1.42267e-8,0
100000004180097100,consolidator,0.3009,17,0.3073,"плательщиков: 3, прямых seed: 1; дальше: 46% входящего",1,false,false,fast_transit|cycle,3,3,104854,47800,5,7,0.4559,7,0.8577,0.000849807,0.0000076231,0.00218665,0.000313666
100000005539201100,peripheral,0,2,0.213,"смешанные признаки: плательщиков 1, получателей 1, поток 70 504 KZT",1,false,false,mixed_signals,1,1,45504,25000,1,1,0.5494,7,0,0.000288898,0,0.000295242,0.0000419741
100000005620225100,terminal,0,6,0.2048,получено: 49 846 KZT; плательщиков: 2; исходящих: 0,1,false,false,,2,0,49845.66,0,2,0,0,7,0,0.000294622,0,0.0027945,0
100000004388353100,terminal,0,16,0.2234,получено: 62 960 KZT; плательщиков: 2; исходящих: 0,1,false,false,,2,0,62960,0,2,0,0,8,0,0.000338845,0,0.000151901,0
100000007442518100,peripheral,0.2727,5,0.2708,"смешанные признаки: плательщиков 5, получателей 9, поток 4 929 999 KZT",1,false,false,fast_transit|mixed_signals|cycle|depth_outlier,5,9,510000,4419999,8,12,8.6667,7,0.8993,0.000643709,0.0000208022,0.00549326,0.000252241
100000000267734100,peripheral,0.0588,11,0.1779,"смешанные признаки: плательщиков 2, получателей 7, поток 462 000 KZT",1,false,false,mixed_signals|cycle,2,7,180000,282000,4,8,1.5667,1,0.4149,0.000533901,3.16856e-293,0.00000437641,0.00000356664
100000001987030100,peripheral,0,2,0.2093,"смешанные признаки: плательщиков 2, получателей 1, поток 49 864 KZT",1,false,false,mixed_signals,2,1,30864,19000,2,1,0.6156,7,0,0.000292278,0.00000189691,0.000330918,0.0000570663
100000002603478100,peripheral,0,25,0.1372,"ниже порога конечного получателя: плательщиков 1 (нужно ≥ 2), получено 23 500 KZT (нужно ≥ 200 000 KZT)",1,false,false,,1,0,23500,0,1,0,0,1,0,0.000287912,0,0.0000101,0
100000001380054100,peripheral,0,34,0.181,"смешанные признаки: плательщиков 2, получателей 3, поток 487 050 KZT",1,false,false,fast_transit|mixed_signals|cycle,2,3,127050,360000,2,4,2.8335,1,0.5556,0.000711185,0,5e-324,0.00000277406
100000002992171100,peripheral,0,24,0.1306,"ниже порога конечного получателя: плательщиков 1 (нужно ≥ 2), получено 14 627 KZT (нужно ≥ 200 000 KZT)",1,false,false,,1,0,14627,0,1,0,0,1,0,0.000287084,0,1.94123e-12,0
100000002781227100,transit,0.8512,0,0.3911,передаёт 111% входящего; 81% исходящих — за 2 дня,1,false,false,fast_transit|cycle,2,3,191167.62,212420,8,10,1.1112,1,0.8117,0.00237324,0.00000265593,0,0.000132957
100000008745643100,peripheral,0,24,0.1345,"ниже порога конечного получателя: плательщиков 1 (нужно ≥ 2), получено 20 313 KZT (нужно ≥ 200 000 KZT)",1,false,false,,1,0,20313,0,1,0,0,1,0,0.000288269,0,1.94123e-12,0
100000002836736100,terminal,0.4358,10,0.2587,получено: 509 000 KZT; плательщиков: 2; исходящих: 0,1,false,false,,2,0,509000,0,2,0,0,3,0,0.000449101,0,0.00000545216,0
100000004188160100,peripheral,0,2,0.267,"смешанные признаки: плательщиков 2, получателей 5, поток 221 708 KZT",1,false,false,mixed_signals|cycle,2,5,87862,133846,5,6,1.5234,7,0.3865,0.000295218,0.0000960931,0.000330918,0.0024601
100000004841728100,peripheral,0,24,0.1457,"ниже порога конечного получателя: плательщиков 1 (нужно ≥ 2), получено 52 208 KZT (нужно ≥ 200 000 KZT)",1,false,false,,1,0,52208,0,1,0,0,1,0,0.000294913,0,1.94123e-12,0
100000001554432100,peripheral,0,7,0.2374,"ниже порога конечного получателя: плательщиков 1 (нужно ≥ 2), получено 53 920 KZT (нужно ≥ 200 000 KZT)",1,false,false,,1,0,53920,0,1,0,0,10,0,0.000294747,0,0.000461168,0
100000008768896100,peripheral,0,24,0.1445,"ниже порога конечного получателя: плательщиков 1 (нужно ≥ 2), получено 47 060 KZT (нужно ≥ 200 000 KZT)",1,false,false,,1,0,47060,0,1,0,0,1,0,0.00029384,0,1.94123e-12,0
100000008232832100,peripheral,0,4,0.2676,"смешанные признаки: плательщиков 1, получателей 1, поток 475 000 KZT",1,false,false,mixed_signals,1,1,337000,138000,2,1,0.4095,10,0,0.000490549,0.0000123245,9.95194e-7,0
100000002864256100,peripheral,0,7,0.2487,"ниже порога конечного получателя: плательщиков 1 (нужно ≥ 2), получено 135 780 KZT (нужно ≥ 200 000 KZT)",1,false,false,,1,0,135780,0,1,0,0,10,0,0.000311005,0,0.000461168,0
100000001929088100,terminal,0.3289,11,0.2261,получено: 396 010 KZT; плательщиков: 2; исходящих: 0,1,false,false,,2,0,396010,0,2,0,0,2,0,0.000315847,0,0.0000270892,0
100000002794197100,peripheral,0,11,0.1399,"ниже порога конечного получателя: плательщиков 1 (нужно ≥ 2), получено 30 100 KZT (нужно ≥ 200 000 KZT)",1,false,false,,1,0,30100,0,1,0,0,1,0,0.000285752,0,0.00000434142,0
100000005669845100,peripheral,0,48,0.159,"ниже порога конечного получателя: плательщиков 1 (нужно ≥ 2), получено 20 000 KZT (нужно ≥ 200 000 KZT)",1,false,false,,1,0,20000,0,1,0,0,1,0,0.000315727,0,5e-324,0
100000002211413100,peripheral,0,24,0.1416,"ниже порога конечного получателя: плательщиков 1 (нужно ≥ 2), получено 37 000 KZT (нужно ≥ 200 000 KZT)",1,false,false,,1,0,37000,0,1,0,0,1,0,0.000291745,0,1.94123e-12,0
100000002784085100,terminal,0,10,0.1643,получено: 200 000 KZT; плательщиков: 1; исходящих: 0,1,false,false,,1,0,200000,0,1,0,0,1,0,0.000305376,0,0.0000227478,0
100000008782421100,peripheral,0,24,0.1452,"ниже порога конечного получателя: плательщиков 1 (нужно ≥ 2), получено 49 680 KZT (нужно ≥ 200 000 KZT)",1,false,false,,1,0,49680,0,1,0,0,1,0,0.000294386,0,1.94123e-12,0
100000003739818100,peripheral,0,7,0.2382,"ниже порога конечного получателя: плательщиков 1 (нужно ≥ 2), получено 57 293 KZT (нужно ≥ 200 000 KZT)",1,false,false,,1,0,57293,0,1,0,0,10,0,0.000295417,0,0.000461168,0
100000002214570100,peripheral,0,24,0.1376,"ниже порога конечного получателя: плательщиков 1 (нужно ≥ 2), получено 26 471 KZT (нужно ≥ 200 000 KZT)",1,false,false,,1,0,26471,0,1,0,0,1,0,0.000289551,0,1.94123e-12,0
100000006443391100,peripheral,0,10,0.213,"смешанные признаки: плательщиков 3, получателей 2, поток 146 818 KZT",1,false,false,fast_transit|mixed_signals|cycle,3,2,86775.93,60041.71,7,6,0.6919,1,0.8945,0.00251321,0,0.000023116,0.00000118888
100000005473151100,consolidator,0.5487,11,0.404,"плательщиков: 3, прямых seed: 1; дальше: 18% входящего",1,false,false,fast_transit|cycle|depth_outlier,3,4,1220000,225000,4,6,0.1844,9,0.9111,0.000465606,0,0.00000624799,0.000241598
100000005124479100,peripheral,0,9,0.2489,"смешанные признаки: плательщиков 2, получателей 2, поток 159 753 KZT",1,false,false,mixed_signals,2,2,137753,22000,2,2,0.1597,10,0,0.000301559,0,0.00159311,0.0000475552
100000005527892100,coordinator,0.4545,0,0.3694,узлов сбора/раздачи за 2 шага: 18; прямых ветвей: 5; получателей: 8,1,false,false,fast_transit,3,8,220001,552419,3,8,2.511,8,0.6233,0.000310719,0.00000306088,0.00308734,0.000495571
100000008028628100,peripheral,0,24,0.1469,"ниже порога конечного получателя: плательщиков 1 (нужно ≥ 2), получено 57 224 KZT (нужно ≥ 200 000 KZT)",1,false,false,,1,0,57224,0,1,0,0,1,0,0.000295958,0,1.94123e-12,0
100000001953577100,peripheral,0,24,0.1314,"ниже порога конечного получателя: плательщиков 1 (нужно ≥ 2), получено 15 600 KZT (нужно ≥ 200 000 KZT)",1,false,false,,1,0,15600,0,1,0,0,1,0,0.000287287,0,1.94123e-12,0
100000008193577100,peripheral,0,46,0.1979,"смешанные признаки: плательщиков 2, получателей 5, поток 634 480 KZT",1,false,false,mixed_signals|cycle,2,5,154300,480180,6,16,3.112,1,0.1041,0.00129662,2.74013e-267,1.0319e-267,9.90734e-7
100000008753193100,peripheral,0,24,0.141,"ниже порога конечного получателя: плательщиков 1 (нужно ≥ 2), получено 35 225 KZT (нужно ≥ 200 000 KZT)",1,false,false,,1,0,35225,0,1,0,0,1,0,0.000291375,0,1.94123e-12,0
100000008746025100,peripheral,0,24,0.1354,"ниже порога конечного получателя: плательщиков 1 (нужно ≥ 2), получено 22 000 KZT (нужно ≥ 200 000 KZT)",1,false,false,,1,0,22000,0,1,0,0,1,0,0.00028862,0,1.94123e-12,0
100000002934441100,terminal,0,6,0.2073,получено: 60 846 KZT; плательщиков: 2; исходящих: 0,1,false,false,,2,0,60845.6,0,2,0,0,7,0,0.000300822,0,0.0027945,0
100000003701161100,consolidator,0.4641,28,0.3929,"плательщиков: 4, прямых seed: 1; дальше: 23% входящего",1,false,false,fast_transit|cycle|depth_outlier|repeat_route,4,3,1527103,349000,13,7,0.2285,7,1,0.00165407,0.00000277731,0.000393519,0.000213008
100000006707582100,distributor,0.3202,10,0.2668,получателей: 14; плательщиков: 2; исходящий поток: 961 138 KZT,1,false,false,fast_transit|cycle,2,14,39520,961138,2,15,24.3203,1,0.948,0.00053486,0.00124642,0.0000229297,0.000363467
100000003239379100,peripheral,0,25,0.1536,"ниже порога конечного получателя: плательщиков 1 (нужно ≥ 2), получено 92 500 KZT (нужно ≥ 200 000 KZT)",1,false,false,,1,0,92500,0,1,0,0,1,0,0.000299288,0,0.0000101,0
100000000979923100,peripheral,0,16,0.2277,"ниже порога конечного получателя: плательщиков 1 (нужно ≥ 2), получено 97 900 KZT (нужно ≥ 200 000 KZT)",1,false,false,,1,0,97900,0,1,0,0,8,0,0.000298803,0,0.0001228,0
100000001111763100,peripheral,0,24,0.1325,"ниже порога конечного получателя: плательщиков 1 (нужно ≥ 2), получено 17 144 KZT (нужно ≥ 200 000 KZT)",1,false,false,,1,0,17144,0,1,0,0,1,0,0.000287609,0,1.94123e-12,0
100000003865939100,peripheral,0,50,0.2055,"ниже порога конечного получателя: плательщиков 1 (нужно ≥ 2), получено 81 465 KZT (нужно ≥ 200 000 KZT)",1,false,false,,1,0,81465,0,1,0,0,1,0,0.000525469,0,0,0
100000002858835100,peripheral,0,24,0.1367,"ниже порога конечного получателя: плательщиков 1 (нужно ≥ 2), получено 24 400 KZT (нужно ≥ 200 000 KZT)",1,false,false,,1,0,24400,0,1,0,0,1,0,0.00028912,0,1.94123e-12,0
100000003404627100,consolidator,0.8462,4,0.5066,"плательщиков: 4, прямых seed: 1; дальше: 0% входящего",1,false,false,sync_inflow,4,0,877700,0,5,0,0,11,0,0.00136784,0,0.0000289561,0
100000008691027100,peripheral,0,24,0.1327,"ниже порога конечного получателя: плательщиков 1 (нужно ≥ 2), получено 17 534 KZT (нужно ≥ 200 000 KZT)",1,false,false,,1,0,17534,0,1,0,0,1,0,0.00028769,0,1.94123e-12,0
100000004071080100,consolidator,0.4973,6,0.3692,"плательщиков: 9, прямых seed: 1; дальше: 19% входящего",1,false,false,fast_transit|cycle|repeat_route,9,2,238600,46500,16,5,0.1949,7,0.871,0.00136209,0.000278009,0.00926305,0.0000281369
100000002864680100,peripheral,0,25,0.1475,"ниже порога конечного получателя: плательщиков 1 (нужно ≥ 2), получено 55 932 KZT (нужно ≥ 200 000 KZT)",1,false,false,,1,0,55932,0,1,0,0,1,0,0.000293259,0,0.0000101,0
100000001330685100,consolidator,0.7016,1,0.4208,"плательщиков: 3, прямых seed: 1; дальше: 4% входящего",1,false,false,depth_outlier,3,1,2435923,100500,7,1,0.0413,7,0,0.000435437,0,0.00622976,0.0000192202
100000008745725100,peripheral,0,24,0.1445,"ниже порога конечного получателя: плательщиков 1 (нужно ≥ 2), получено 47 060 KZT (нужно ≥ 200 000 KZT)",1,false,false,,1,0,47060,0,1,0,0,1,0,0.00029384,0,1.94123e-12,0
100000002621949100,peripheral,0,7,0.2511,"ниже порога конечного получателя: плательщиков 1 (нужно ≥ 2), получено 164 612 KZT (нужно ≥ 200 000 KZT)",1,false,false,,1,0,164612,0,1,0,0,10,0,0.000316732,0,0.000461168,0
100000007908818100,consolidator,0.3925,12,0.3803,"плательщиков: 4, прямых seed: 2; дальше: 42% входящего",1,false,false,,4,6,727475,302000,4,13,0.4151,11,0.0497,0.000472427,5.29107e-308,0.000857015,0.00017754
100000008691495100,peripheral,0,24,0.1379,"ниже порога конечного получателя: плательщиков 1 (нужно ≥ 2), получено 27 000 KZT (нужно ≥ 200 000 KZT)",1,false,false,,1,0,27000,0,1,0,0,1,0,0.000289662,0,1.94123e-12,0
100000003832231100,peripheral,0,7,0.2323,"ниже порога конечного получателя: плательщиков 1 (нужно ≥ 2), получено 35 000 KZT (нужно ≥ 200 000 KZT)",1,false,false,,1,0,35000,0,1,0,0,10,0,0.000290989,0,0.000461168,0
100000002371751100,peripheral,0,40,0.209,"смешанные признаки: плательщиков 1, получателей 1, поток 450 000 KZT",1,false,false,fast_transit|mixed_signals,1,1,200000,250000,5,1,1.25,1,1,0.000525469,0,0,1.98147e-7
100000002894076100,consolidator,0.8333,11,0.4726,"плательщиков: 4, прямых seed: 2; дальше: 0% входящего",1,false,false,sync_inflow,4,0,1122782,0,6,0,0,10,0,0.000380697,0,0.000130281,0
100000001362940100,peripheral,0,7,0.2423,"ниже порога конечного получателя: плательщиков 1 (нужно ≥ 2), получено 81 000 KZT (нужно ≥ 200 000 KZT)",1,false,false,,1,0,81000,0,1,0,0,10,0,0.000300125,0,0.000461168,0
100000008741372100,peripheral,0,24,0.1413,"ниже порога конечного получателя: плательщиков 1 (нужно ≥ 2), получено 35 975 KZT (нужно ≥ 200 000 KZT)",1,false,false,,1,0,35975,0,1,0,0,1,0,0.000291531,0,1.94123e-12,0
100000002618492100,terminal,0.1944,16,0.2691,получено: 296 500 KZT; плательщиков: 2; исходящих: 0,1,false,false,,2,0,296500,0,2,0,0,8,0,0.000366936,0,0.000146028,0
100000002750332100,peripheral,0,10,0.1301,"ниже порога конечного получателя: плательщиков 1 (нужно ≥ 2), получено 11 360 KZT (нужно ≥ 200 000 KZT)",1,false,false,,1,0,11360,0,1,0,0,1,0,0.000285249,0,0.0000227478,0
100000004948177100,consolidator,0.7778,2,0.4216,"плательщиков: 3, прямых seed: 1; дальше: 0% входящего",1,false,false,,3,0,437163,0,8,0,0,7,0,0.000419651,0,0.00032984,0
100000002511825100,peripheral,0,6,0.208,"ниже порога конечного получателя: плательщиков 1 (нужно ≥ 2), получено 65 000 KZT (нужно ≥ 200 000 KZT)",1,false,false,,1,0,65000,0,1,0,0,7,0,0.00029614,0,0.00215168,0
100000008566737100,terminal,0.0698,13,0.2631,получено: 230 000 KZT; плательщиков: 2; исходящих: 0,1,false,false,,2,0,230000,0,2,0,0,10,0,0.000347468,0,0.000622222,0
100000008661585100,peripheral,0,24,0.1435,"ниже порога конечного получателя: плательщиков 1 (нужно ≥ 2), получено 43 141 KZT (нужно ≥ 200 000 KZT)",1,false,false,,1,0,43141,0,1,0,0,1,0,0.000293024,0,1.94123e-12,0
100000004759121100,consolidator,0.31,9,0.3413,"плательщиков: 6, прямых seed: 1; дальше: 44% входящего",1,false,false,fast_transit|cycle,6,2,710000,312000,10,6,0.4394,7,0.5192,0.00141776,0,0.0103502,0.0000770791
100000004360785100,peripheral,0,2,0.2159,"ниже порога конечного получателя: плательщиков 1 (нужно ≥ 2), получено 94 705 KZT (нужно ≥ 200 000 KZT)",1,false,false,,1,0,94705,0,1,0,0,7,0,0.000294153,0,0.000295242,0
100000005092518100,peripheral,0,24,0.1375,"ниже порога конечного получателя: плательщиков 1 (нужно ≥ 2), получено 26 144 KZT (нужно ≥ 200 000 KZT)",1,false,false,,1,0,26144,0,1,0,0,1,0,0.000289483,0,1.94123e-12,0
100000008737958100,terminal,0,27,0.1452,получено: 53 373 KZT; плательщиков: 2; исходящих: 0,1,false,false,,2,0,53373,0,2,0,0,1,0,0.000297988,0,1.96607e-12,0
100000003044518100,peripheral,0,11,0.1414,"ниже порога конечного получателя: плательщиков 1 (нужно ≥ 2), получено 34 423 KZT (нужно ≥ 200 000 KZT)",1,false,false,,1,0,34423,0,1,0,0,1,0,0.000285998,0,0.00000434142,0
100000004159526100,consolidator,0.4691,8,0.3631,"плательщиков: 4, прямых seed: 1; дальше: 25% входящего",1,false,false,cycle,4,4,275037,68000,4,6,0.2472,8,0.4412,0.000846875,0,0.000052399,0.0000978845
100000007544358100,transit,0.7719,2,0.3947,передаёт 109% входящего; 29% исходящих — за 2 дня,1,false,false,,2,1,322500,350000,2,3,1.0853,7,0.2857,0.000338662,0,0.000319717,0.0000196165
100000005901606100,peripheral,0,24,0.1412,"ниже порога конечного получателя: плательщиков 1 (нужно ≥ 2), получено 35 660 KZT (нужно ≥ 200 000 KZT)",1,false,false,,1,0,35660,0,1,0,0,1,0,0.000291466,0,1.94123e-12,0
100000006658598100,peripheral,0,2,0.188,"ниже порога конечного получателя: плательщиков 1 (нужно ≥ 2), получено 9 000 KZT (нужно ≥ 200 000 KZT)",1,false,false,,1,0,9000,0,1,0,0,7,0,0.000284999,0,0.000295242,0
100000002793851100,peripheral,0,2,0.1904,"ниже порога конечного получателя: плательщиков 1 (нужно ≥ 2), получено 11 052 KZT (нужно ≥ 200 000 KZT)",1,false,false,,1,0,11052,0,1,0,0,7,0,0.000285218,0,0.000295242,0
100000005612411100,peripheral,0.1579,30,0.2503,"смешанные признаки: плательщиков 3, получателей 8, поток 622 497 KZT",1,false,false,fast_transit|mixed_signals,3,8,115500,506997,4,8,4.3896,8,0.5144,0.0003254,4.87448e-282,0.00028075,0.000155347
100000007511163100,peripheral,0,2,0.2243,"смешанные признаки: плательщиков 2, получателей 3, поток 145 718 KZT",1,false,false,fast_transit|mixed_signals|cycle,2,3,63666,82052,2,3,1.2888,7,0.5972,0.000337665,0.000127397,0.000305365,0.000136457
100000002648315100,peripheral,0,11,0.1628,"смешанные признаки: плательщиков 1, получателей 2, поток 208 000 KZT",1,false,false,mixed_signals,1,2,132000,76000,1,3,0.5758,1,0,0.000291557,0,0.00000434142,3.96294e-7
100000004739664100,transit,0.6333,62,0.2612,передаёт 83% входящего; 0% исходящих — за 2 дня,1,false,false,,1,1,12000,10000,1,1,0.8333,1,0,0.000286537,0,1.94123e-12,0.00000138703
100000003713616100,peripheral,0,2,0.1947,"ниже порога конечного получателя: плательщиков 1 (нужно ≥ 2), получено 15 893 KZT (нужно ≥ 200 000 KZT)",1,false,false,,1,0,15893,0,1,0,0,7,0,0.000285735,0,0.000295242,0
100000003476560100,peripheral,0,7,0.2365,"ниже порога конечного получателя: плательщиков 1 (нужно ≥ 2), получено 50 000 KZT (нужно ≥ 200 000 KZT)",1,false,false,,1,0,50000,0,1,0,0,10,0,0.000293968,0,0.000461168,0
100000008782800100,peripheral,0,24,0.1435,"ниже порога конечного получателя: плательщиков 1 (нужно ≥ 2), получено 43 381 KZT (нужно ≥ 200 000 KZT)",1,false,false,,1,0,43381,0,1,0,0,1,0,0.000293074,0,1.94123e-12,0
100000004218576100,peripheral,0,24,0.1375,"ниже порога конечного получателя: плательщиков 1 (нужно ≥ 2), получено 26 144 KZT (нужно ≥ 200 000 KZT)",1,false,false,,1,0,26144,0,1,0,0,1,0,0.000289483,0,1.94123e-12,0
100000003299365100,transit,1,7,0.4617,передаёт 100% входящего; 100% исходящих — за 2 дня,1,false,false,fast_transit|cycle,1,1,200000,200000,1,1,1,10,1,0.00032376,0.000576177,0.000461168,0
100000008730021100,peripheral,0,16,0.1686,"ниже порога конечного получателя: плательщиков 1 (нужно ≥ 2), получено 75 555 KZT (нужно ≥ 200 000 KZT)",1,false,false,,1,0,75555,0,3,0,0,2,0,0.000465296,0,0.00000239432,0
100000002757797100,peripheral,0,25,0.1545,"ниже порога конечного получателя: плательщиков 1 (нужно ≥ 2), получено 100 000 KZT (нужно ≥ 200 000 KZT)",1,false,false,,1,0,100000,0,1,0,0,1,0,0.000300525,0,0.0000101,0
100000002845605100,peripheral,0,6,0.2065,"ниже порога конечного получателя: плательщиков 1 (нужно ≥ 2), получено 57 567 KZT (нужно ≥ 200 000 KZT)",1,false,false,,1,0,57567,0,1,0,0,7,0,0.000294756,0,0.00215168,0
100000000817146100,peripheral,0,2,0.2393,"ниже порога конечного получателя: плательщиков 1 (нужно ≥ 2), получено 70 020 KZT (нужно ≥ 200 000 KZT)",1,false,false,,1,0,70020,0,1,0,0,9,0,0.000585649,0,3.38219e-313,0
100000002957306100,terminal,0.3317,16,0.3211,получено: 398 490 KZT; плательщиков: 2; исходящих: 0,1,false,false,,2,0,398490,0,2,0,0,11,0,0.000353171,0,0.000583968,0
100000008188026100,peripheral,0,2,0.235,"смешанные признаки: плательщиков 2, получателей 4, поток 424 451 KZT",1,false,false,mixed_signals|cycle,2,4,86468,337983.17,5,4,3.9088,7,0,0.000297681,0,0.000347811,0.0000820328
100000004790991100,terminal,0.0897,2,0.2395,получено: 239 413 KZT; плательщиков: 1; исходящих: 0,1,false,false,,1,0,239413,0,4,0,0,7,0,0.000309609,0,0.000295242,0
100000002973903100,consolidator,0.8,25,0.414,"плательщиков: 3, прямых seed: 1; дальше: 0% входящего",1,false,false,,3,0,92880,0,3,0,0,8,0,0.000315123,0,0.000154927,0
100000004325327100,transit,0.9885,6,0.4154,передаёт 99% входящего; 100% исходящих — за 2 дня,1,false,false,fast_transit,2,1,70817,70000,3,1,0.9885,7,1,0.000294182,0,0.00505746,0.0000384405
100000001477796100,peripheral,0,30,0.1634,"ниже порога конечного получателя: плательщиков 1 (нужно ≥ 2), получено 182 000 KZT (нужно ≥ 200 000 KZT)",1,false,false,,1,0,182000,0,1,0,0,1,0,0.000328836,0,0.0000678008,0
100000007536804100,peripheral,0,11,0.1593,"смешанные признаки: плательщиков 1, получателей 2, поток 155 000 KZT",1,false,false,fast_transit|mixed_signals,1,2,100000,55000,1,2,0.55,1,0.8182,0.000289734,0,0.00000434142,7.92587e-7
100000008665380100,peripheral,0,6,0.2116,"смешанные признаки: плательщиков 2, получателей 1, поток 87 300 KZT",1,false,false,fast_transit|mixed_signals,2,1,69100,18200,2,1,0.2634,7,1,0.000289204,0,0.00505746,0.0000192202
100000001870116100,peripheral,0,24,0.1365,"ниже порога конечного получателя: плательщиков 1 (нужно ≥ 2), получено 24 000 KZT (нужно ≥ 200 000 KZT)",1,false,false,,1,0,24000,0,1,0,0,1,0,0.000289037,0,1.94123e-12,0
100000001074553100,terminal,0,10,0.1512,получено: 28 971 KZT; плательщиков: 2; исходящих: 0,1,false,false,,2,0,28971,0,2,0,0,2,0,0.000287941,0,0.0000328478,0
100000000978041100,peripheral,0,24,0.1438,"ниже порога конечного получателя: плательщиков 1 (нужно ≥ 2), получено 44 445 KZT (нужно ≥ 200 000 KZT)",1,false,false,,1,0,44445,0,1,0,0,1,0,0.000293296,0,1.94123e-12,0
100000002603769100,consolidator,0.7778,4,0.4342,"плательщиков: 3, прямых seed: 1; дальше: 0% входящего",1,false,false,,3,0,1185368,0,3,0,0,7,0,0.000538179,0,0.00332088,0
100000005034574100,terminal,0.1282,39,0.2177,получено: 258 816 KZT; плательщиков: 1; исходящих: 0,1,false,false,,1,0,258816,0,16,0,0,1,0,0.000422645,0,0,0
100000002958286100,terminal,0.1247,10,0.1846,получено: 257 000 KZT; плательщиков: 1; исходящих: 0,1,false,false,,1,0,257000,0,1,0,0,1,0,0.000311457,0,0.0000227478,0
100000005634552100,peripheral,0,4,0.2444,"смешанные признаки: плательщиков 1, получателей 3, поток 1 221 850 KZT",1,false,false,mixed_signals,1,3,25850,1196000,1,4,46.2669,7,0,0.000286798,0.00167908,0.000295242,0.0000291771
100000008736760100,peripheral,0,24,0.1463,"ниже порога конечного получателя: плательщиков 1 (нужно ≥ 2), получено 54 757 KZT (нужно ≥ 200 000 KZT)",1,false,false,,1,0,54757,0,1,0,0,1,0,0.000295444,0,1.94123e-12,0
100000008701944100,peripheral,0,16,0.1629,"ниже порога конечного получателя: плательщиков 1 (нужно ≥ 2), получено 52 124 KZT (нужно ≥ 200 000 KZT)",1,false,false,,1,0,52124,0,1,0,0,2,0,0.000409084,0,0.00000239432,0
100000008748408100,distributor,0.571,19,0.3164,получателей: 21; плательщиков: 1; исходящий поток: 1 499 960 KZT,1,false,false,fast_transit|depth_outlier|repeat_route,1,21,360000,1499960,2,22,4.1666,1,0.8743,0.000332206,0.00154118,0.0000408959,0.00000713329
100000008486520100,peripheral,0,2,0.2085,"смешанные признаки: плательщиков 1, получателей 1, поток 49 720 KZT",1,false,false,mixed_signals,1,1,35720,14000,2,1,0.3919,7,0,0.000287853,0,0.000295242,0.0000192202
100000003163256100,transit,0.6877,2,0.3394,передаёт 111% входящего; 0% исходящих — за 2 дня,1,false,false,,1,1,13485,15000,1,1,1.1123,7,0,0.000285478,0,0.000295242,0.0000192202
100000003102157100,peripheral,0,6,0.2128,"ниже порога конечного получателя: плательщиков 1 (нужно ≥ 2), получено 96 746 KZT (нужно ≥ 200 000 KZT)",1,false,false,,1,0,96746,0,2,0,0,7,0,0.00030205,0,0.00215168,0
100000004741837100,peripheral,0,2,0.2003,"ниже порога конечного получателя: плательщиков 1 (нужно ≥ 2), получено 25 596 KZT (нужно ≥ 200 000 KZT)",1,false,false,,1,0,25596,0,1,0,0,7,0,0.000286771,0,0.000295242,0
100000008443341100,peripheral,0,25,0.2271,"смешанные признаки: плательщиков 2, получателей 3, поток 84 500 KZT",1,false,false,fast_transit|mixed_signals|cycle,2,3,34500,50000,2,4,1.4493,7,0.62,0.000664449,0.000240161,0.00216889,0.000360099
100000004792397100,peripheral,0,24,0.1499,"ниже порога конечного получателя: плательщиков 1 (нужно ≥ 2), получено 73 520 KZT (нужно ≥ 200 000 KZT)",1,false,false,,1,0,73520,0,1,0,0,1,0,0.000299352,0,1.94123e-12,0
100000003809101100,peripheral,0,16,0.241,"смешанные признаки: плательщиков 2, получателей 2, поток 221 250 KZT",1,false,false,mixed_signals|cycle,2,2,166050,55200,3,4,0.3324,8,0.1848,0.000359922,0,0.00012383,0.00013334
100000002838861100,consolidator,0.7652,10,0.4741,"плательщиков: 5, прямых seed: 2; дальше: 2% входящего",1,false,false,cycle,5,1,554523.95,10000,5,1,0.018,8,0,0.00222742,0,0.000030732,0.0000194184
100000008560717100,consolidator,0.6914,6,0.3985,"плательщиков: 7, прямых seed: 1; дальше: 5% входящего",1,false,false,,7,1,529000,25000,9,1,0.0473,7,0,0.000328947,0,0.0123378,0.0000192202
100000008693069100,peripheral,0,24,0.1343,"ниже порога конечного получателя: плательщиков 1 (нужно ≥ 2), получено 20 000 KZT (нужно ≥ 200 000 KZT)",1,false,false,,1,0,20000,0,1,0,0,1,0,0.000288203,0,1.94123e-12,0
100000008672162100,peripheral,0,24,0.1313,"ниже порога конечного получателя: плательщиков 1 (нужно ≥ 2), получено 15 550 KZT (нужно ≥ 200 000 KZT)",1,false,false,,1,0,15550,0,1,0,0,1,0,0.000287276,0,1.94123e-12,0
100000007311010100,peripheral,0,7,0.2434,"смешанные признаки: плательщиков 2, получателей 1, поток 84 480 KZT",1,false,false,mixed_signals,2,1,64480,20000,2,1,0.3102,10,0,0.000307643,0,0.000603935,0.0000239758
100000005505655100,peripheral,0,33,0.2101,"смешанные признаки: плательщиков 2, получателей 1, поток 53 070 KZT",1,false,false,fast_transit|mixed_signals|cycle,2,1,33070,20000,2,1,0.6048,7,1,0.0003197,8.93393e-9,0.000297742,0.000269083
100000004707703100,transit,0.9459,2,0.4337,передаёт 97% входящего; 89% исходящих — за 2 дня,1,false,false,fast_transit|repeat_route,2,5,239300,231650,3,6,0.968,7,0.8893,0.000631642,3.36256e-312,0.000297602,0.000107105
100000004005964100,peripheral,0,42,0.1863,"смешанные признаки: плательщиков 3, получателей 3, поток 169 900 KZT",1,false,false,fast_transit|mixed_signals|cycle,3,3,97900,72000,9,5,0.7354,1,0.625,0.000402078,1.74678e-217,1.21191e-217,4.95367e-7
100000008244300100,consolidator,0.8,6,0.4123,"плательщиков: 5, прямых seed: 1; дальше: 0% входящего",1,false,false,,5,0,65430,0,6,0,0,8,0,0.000476471,0,0.000157443,0
100000002692044100,peripheral,0,25,0.1541,"ниже порога конечного получателя: плательщиков 1 (нужно ≥ 2), получено 97 000 KZT (нужно ≥ 200 000 KZT)",1,false,false,,1,0,97000,0,1,0,0,1,0,0.00030003,0,0.0000101,0
100000001103905100,peripheral,0,24,0.133,"ниже порога конечного получателя: плательщиков 1 (нужно ≥ 2), получено 18 000 KZT (нужно ≥ 200 000 KZT)",1,false,false,,1,0,18000,0,1,0,0,1,0,0.000287787,0,1.94123e-12,0
100000008755361100,peripheral,0,24,0.1306,"ниже порога конечного получателя: плательщиков 1 (нужно ≥ 2), получено 14 627 KZT (нужно ≥ 200 000 KZT)",1,false,false,,1,0,14627,0,1,0,0,1,0,0.000287084,0,1.94123e-12,0
100000002810870100,peripheral,0,24,0.1405,"ниже порога конечного получателя: плательщиков 1 (нужно ≥ 2), получено 33 677 KZT (нужно ≥ 200 000 KZT)",1,false,false,,1,0,33677,0,1,0,0,1,0,0.000291052,0,1.94123e-12,0
100000005897462100,peripheral,0,16,0.2277,"ниже порога конечного получателя: плательщиков 1 (нужно ≥ 2), получено 98 400 KZT (нужно ≥ 200 000 KZT)",1,false,false,,1,0,98400,0,1,0,0,8,0,0.000298878,0,0.0001228,0
100000000941942100,peripheral,0,7,0.2481,"ниже порога конечного получателя: плательщиков 1 (нужно ≥ 2), получено 130 000 KZT (нужно ≥ 200 000 KZT)",1,false,false,,1,0,130000,0,1,0,0,10,0,0.000309857,0,0.000461168,0
100000008723830100,transit,0.9896,2,0.4419,передаёт 99% входящего; 100% исходящих — за 2 дня,1,false,false,fast_transit,2,1,459785,455000,2,1,0.9896,7,1,0.000338335,0,0.000319717,0.0000196165
100000008776576100,peripheral,0,24,0.1307,"ниже порога конечного получателя: плательщиков 1 (нужно ≥ 2), получено 14 765 KZT (нужно ≥ 200 000 KZT)",1,false,false,,1,0,14765,0,1,0,0,1,0,0.000287113,0,1.94123e-12,0
100000005432267100,terminal,0.2727,7,0.298,получено: 350 001 KZT; плательщиков: 2; исходящих: 0,1,false,false,,2,0,350001,0,2,0,0,10,0,0.000340351,0,0.000574825,0
100000006745291100,peripheral,0,16,0.2256,"ниже порога конечного получателя: плательщиков 1 (нужно ≥ 2), получено 82 534 KZT (нужно ≥ 200 000 KZT)",1,false,false,,1,0,82534,0,1,0,0,8,0,0.000296485,0,0.0001228,0
100000008670667100,peripheral,0,24,0.1313,"ниже порога конечного получателя: плательщиков 1 (нужно ≥ 2), получено 15 534 KZT (нужно ≥ 200 000 KZT)",1,false,false,,1,0,15534,0,1,0,0,1,0,0.000287273,0,1.94123e-12,0
100000002480800100,terminal,0.48,6,0.3376,получено: 569 251 KZT; плательщиков: 2; исходящих: 0,1,false,false,,2,0,569251,0,2,0,0,10,0,0.000636975,0,0.000464855,0
100000002182176100,peripheral,0,6,0.2029,"ниже порога конечного получателя: плательщиков 1 (нужно ≥ 2), получено 42 465 KZT (нужно ≥ 200 000 KZT)",1,false,false,,1,0,42465,0,1,0,0,7,0,0.000291944,0,0.00215168,0
100000008219168100,peripheral,0,11,0.1466,"ниже порога конечного получателя: плательщиков 1 (нужно ≥ 2), получено 53 200 KZT (нужно ≥ 200 000 KZT)",1,false,false,,1,0,53200,0,2,0,0,1,0,0.000287068,0,0.00000434142,0
100000004226848100,terminal,0.203,7,0.2868,получено: 301 866 KZT; плательщиков: 1; исходящих: 0,1,false,false,,1,0,301866,0,1,0,0,10,0,0.000343993,0,0.000461168,0
100000006326645100,peripheral,0,24,0.1371,"ниже порога конечного получателя: плательщиков 1 (нужно ≥ 2), получено 25 264 KZT (нужно ≥ 200 000 KZT)",1,false,false,,1,0,25264,0,1,0,0,1,0,0.0002893,0,1.94123e-12,0
100000003589877100,peripheral,0,16,0.2606,"смешанные признаки: плательщиков 2, получателей 6, поток 592 129 KZT",1,false,false,fast_transit|mixed_signals,2,6,176000,416129,2,6,2.3644,9,0.8798,0.000305303,0.000123163,0.00000483306,0.0000954572
100000003942602100,transit,1,24,0.3473,передаёт 100% входящего; 100% исходящих — за 2 дня,1,false,false,fast_transit|cycle,1,1,30000,30000,1,1,1,1,1,0.000290287,1.07573e-14,1.94123e-12,0
100000000922570100,transit,0.7385,25,0.3016,передаёт 106% входящего; 0% исходящих — за 2 дня,1,false,false,,1,1,47101,50000,1,1,1.0615,1,0,0.000291803,0,0.0000101,1.98147e-7
100000005079754100,peripheral,0,7,0.254,"смешанные признаки: плательщиков 1, получателей 2, поток 192 000 KZT",1,false,false,mixed_signals,1,2,70000,122000,1,2,1.7429,10,0.1639,0.00029794,0,0.000461168,0.0000951105
100000003187359100,peripheral,0,24,0.1337,"ниже порога конечного получателя: плательщиков 1 (нужно ≥ 2), получено 19 072 KZT (нужно ≥ 200 000 KZT)",1,false,false,,1,0,19072,0,1,0,0,1,0,0.00028801,0,1.94123e-12,0
100000000998559100,peripheral,0,7,0.2449,"ниже порога конечного получателя: плательщиков 1 (нужно ≥ 2), получено 100 000 KZT (нужно ≥ 200 000 KZT)",1,false,false,,1,0,100000,0,1,0,0,10,0,0.000303899,0,0.000461168,0
100000008690932100,peripheral,0,24,0.136,"ниже порога конечного получателя: плательщиков 1 (нужно ≥ 2), получено 23 000 KZT (нужно ≥ 200 000 KZT)",1,false,false,,1,0,23000,0,1,0,0,1,0,0.000288828,0,1.94123e-12,0
100000008773876100,peripheral,0,24,0.1375,"ниже порога конечного получателя: плательщиков 1 (нужно ≥ 2), получено 26 120 KZT (нужно ≥ 200 000 KZT)",1,false,false,,1,0,26120,0,1,0,0,1,0,0.000289478,0,1.94123e-12,0
100000006789108100,peripheral,0,16,0.2162,"ниже порога конечного получателя: плательщиков 1 (нужно ≥ 2), получено 37 500 KZT (нужно ≥ 200 000 KZT)",1,false,false,,1,0,37500,0,1,0,0,8,0,0.000289693,0,0.0001228,0
100000004058740100,peripheral,0,24,0.1391,"ниже порога конечного получателя: плательщиков 1 (нужно ≥ 2), получено 30 000 KZT (нужно ≥ 200 000 KZT)",1,false,false,,1,0,30000,0,1,0,0,1,0,0.000290287,0,1.94123e-12,0
100000007641801100,terminal,0,11,0.1624,получено: 200 000 KZT; плательщиков: 1; исходящих: 0,1,false,false,,1,0,200000,0,1,0,0,1,0,0.000295431,0,0.00000434142,0
100000000555721100,terminal,0,6,0.2147,получено: 113 000 KZT; плательщиков: 2; исходящих: 0,1,false,false,,2,0,113000,0,3,0,0,7,0,0.000306382,0,0.00328959,0
100000008729801100,peripheral,0,24,0.1327,"ниже порога конечного получателя: плательщиков 1 (нужно ≥ 2), получено 17 534 KZT (нужно ≥ 200 000 KZT)",1,false,false,,1,0,17534,0,1,0,0,1,0,0.00028769,0,1.94123e-12,0
100000004664905100,terminal,0.2439,2,0.2668,получено: 329 020 KZT; плательщиков: 2; исходящих: 0,1,false,false,,2,0,329020,0,4,0,0,7,0,0.000409394,0,0.000305365,0
100000003057225100,terminal,0.0826,2,0.2384,получено: 236 000 KZT; плательщиков: 1; исходящих: 0,1,false,false,,1,0,236000,0,1,0,0,7,0,0.000309245,0,0.000295242,0
100000000703902100,peripheral,0,24,0.1372,"ниже порога конечного получателя: плательщиков 1 (нужно ≥ 2), получено 25 499 KZT (нужно ≥ 200 000 KZT)",1,false,false,,1,0,25499,0,1,0,0,1,0,0.000289349,0,1.94123e-12,0
100000008720798100,peripheral,0,24,0.1313,"ниже порога конечного получателя: плательщиков 1 (нужно ≥ 2), получено 15 534 KZT (нужно ≥ 200 000 KZT)",1,false,false,,1,0,15534,0,1,0,0,1,0,0.000287273,0,1.94123e-12,0
100000001411870100,terminal,0.6364,10,0.2836,получено: 900 000 KZT; плательщиков: 2; исходящих: 0,1,false,false,,2,0,900000,0,4,0,0,2,0,0.000475211,0,0.0000420066,0
100000008556318100,terminal,0,7,0.2578,получено: 180 132 KZT; плательщиков: 2; исходящих: 0,1,false,false,,2,0,180132,0,2,0,0,10,0,0.000557125,0,0.000464855,0
100000002720627100,peripheral,0,16,0.2364,"ниже порога конечного получателя: плательщиков 1 (нужно ≥ 2), получено 199 300 KZT (нужно ≥ 200 000 KZT)",1,false,false,,1,0,199300,0,1,0,0,8,0,0.000314096,0,0.0001228,0
100000003022835100,peripheral,0,7,0.2477,"ниже порога конечного получателя: плательщиков 1 (нужно ≥ 2), получено 125 000 KZT (нужно ≥ 200 000 KZT)",1,false,false,,1,0,125000,0,1,0,0,10,0,0.000308864,0,0.000461168,0
100000008304115100,peripheral,0,25,0.1464,"ниже порога конечного получателя: плательщиков 1 (нужно ≥ 2), получено 51 000 KZT (нужно ≥ 200 000 KZT)",1,false,false,,1,0,51000,0,1,0,0,1,0,0.000292446,0,0.0000101,0
100000003886323100,peripheral,0,2,0.253,"смешанные признаки: плательщиков 2, получателей 1, поток 85 818 KZT",1,false,false,mixed_signals|cycle,2,1,78168,7650,6,1,0.0979,7,0,0.00189658,0,0.000297602,0.0000192202
100000000607731100,peripheral,0,53,0.1513,"смешанные признаки: плательщиков 1, получателей 1, поток 86 666 KZT",1,false,false,mixed_signals,1,1,20000,66666,1,1,3.3333,1,0,0.000315727,0,5e-324,5.94441e-7
100000005961971100,peripheral,0,24,0.1446,"ниже порога конечного получателя: плательщиков 1 (нужно ≥ 2), получено 47 353 KZT (нужно ≥ 200 000 KZT)",1,false,false,,1,0,47353,0,1,0,0,1,0,0.000293901,0,1.94123e-12,0
100000000440392100,peripheral,0,2,0.2172,"ниже порога конечного получателя: плательщиков 1 (нужно ≥ 2), получено 105 705 KZT (нужно ≥ 200 000 KZT)",1,false,false,,1,0,105705,0,4,0,0,7,0,0.000295328,0,0.000295242,0
100000004105288100,terminal,0.0361,16,0.2757,получено: 215 000 KZT; плательщиков: 2; исходящих: 0,1,false,false,,2,0,215000,0,2,0,0,11,0,0.000460307,0,0.000123797,0
100000008169544100,coordinator,0.25,2,0.2881,узлов сбора/раздачи за 2 шага: 16; прямых ветвей: 3; получателей: 4,1,false,false,cycle,1,4,137104,42800,2,7,0.3122,7,0.2874,0.000298681,0.000132811,0.000295242,0.000118307
100000004186824100,peripheral,0,2,0.2365,"смешанные признаки: плательщиков 2, получателей 1, поток 458 700 KZT",1,false,false,mixed_signals,2,1,451700,7000,7,1,0.0155,7,0,0.000379756,0.000126667,0.000307838,0.00000217962
100000008672200100,peripheral,0,24,0.1242,"ниже порога конечного получателя: плательщиков 1 (нужно ≥ 2), получено 8 511 KZT (нужно ≥ 200 000 KZT)",1,false,false,,1,0,8511,0,1,0,0,1,0,0.00028581,0,1.94123e-12,0
100000002188829100,terminal,0.3333,7,0.3085,получено: 400 000 KZT; плательщиков: 1; исходящих: 0,1,false,false,,1,0,400000,0,1,0,0,10,0,0.000363484,0,0.000461168,0
100000008717341100,peripheral,0,24,0.1306,"ниже порога конечного получателя: плательщиков 1 (нужно ≥ 2), получено 14 627 KZT (нужно ≥ 200 000 KZT)",1,false,false,,1,0,14627,0,1,0,0,1,0,0.000287084,0,1.94123e-12,0
100000002214301100,peripheral,0,6,0.2001,"смешанные признаки: плательщиков 1, получателей 1, поток 29 438 KZT",1,false,false,mixed_signals,1,1,21438,8000,1,1,0.3732,7,0,0.000288029,0,0.00215168,0.0000961012
100000002565277100,terminal,0.4146,7,0.3223,получено: 483 319 KZT; плательщиков: 1; исходящих: 0,1,false,false,,1,0,483319,0,1,0,0,10,0,0.000380032,0,0.000461168,0
100000005546031100,peripheral,0,52,0.1922,"смешанные признаки: плательщиков 3, получателей 1, поток 74 800 KZT",1,false,false,fast_transit|mixed_signals|cycle,3,1,66800,8000,6,1,0.1198,1,1,0.000708042,0,0,5.94441e-7
100000003449074100,peripheral,0,6,0.1857,"ниже порога конечного получателя: плательщиков 1 (нужно ≥ 2), получено 10 000 KZT (нужно ≥ 200 000 KZT)",1,false,false,,1,0,10000,0,1,0,0,7,0,0.000285899,0,0.00215168,0
100000008748914100,coordinator,0.625,7,0.3785,узлов сбора/раздачи за 2 шага: 45; прямых ветвей: 9; получателей: 13,1,false,false,cycle|depth_outlier|repeat_route,2,13,180000,4471847,9,21,24.8436,1,0.4959,0.000785948,0.00333327,0,0.000640609
100000004744306100,peripheral,0,26,0.2843,"смешанные признаки: плательщиков 1, получателей 2, поток 161 000 KZT",1,false,false,mixed_signals,1,2,69000,92000,1,3,1.3333,8,0,0.000458012,0,8.65156e-9,0.0000392331
100000003158727100,consolidator,0.8182,11,0.4443,"плательщиков: 3, прямых seed: 1; дальше: 0% входящего",1,false,false,,3,0,367940,0,3,0,0,9,0,0.000312448,0,0.00000758378,0
100000001389255100,peripheral,0,24,0.1318,"ниже порога конечного получателя: плательщиков 1 (нужно ≥ 2), получено 16 136 KZT (нужно ≥ 200 000 KZT)",1,false,false,,1,0,16136,0,1,0,0,1,0,0.000287399,0,1.94123e-12,0
100000008695495100,peripheral,0,24,0.1349,"ниже порога конечного получателя: плательщиков 1 (нужно ≥ 2), получено 21 000 KZT (нужно ≥ 200 000 KZT)",1,false,false,,1,0,21000,0,1,0,0,1,0,0.000288412,0,1.94123e-12,0
100000004015047100,consolidator,0.7153,10,0.4996,"плательщиков: 9, прямых seed: 3; дальше: 8% входящего",1,false,false,fast_transit|cycle,9,1,919104,69195,18,7,0.0753,11,0.6363,0.00225694,2.0213e-7,0.0000505689,0.000022886
100000005183943100,terminal,0.5459,37,0.3075,получено: 680 900 KZT; плательщиков: 1; исходящих: 0,1,false,false,,1,0,680900,0,9,0,0,1,0,0.00060645,0,0,0
100000003004487100,peripheral,0,6,0.2352,"смешанные признаки: плательщиков 4, получателей 2, поток 448 718 KZT",1,false,false,fast_transit|mixed_signals|cycle,4,2,183702.8,265015,9,3,1.4426,7,0.9245,0.000348769,0,0.00574775,0.000192797
100000003042994100,terminal,0.1771,2,0.2538,получено: 286 086 KZT; плательщиков: 1; исходящих: 0,1,false,false,,1,0,286086,0,3,0,0,7,0,0.000314594,0,0.000295242,0
100000001899164100,consolidator,0.4559,25,0.3707,"плательщиков: 4, прямых seed: 1; дальше: 26% входящего",1,false,false,cycle,4,3,291675,76500,5,3,0.2623,8,0,0.0011663,0,0.000127204,0.000126616
100000003946524100,transit,0.7178,7,0.403,передаёт 108% входящего; 0% исходящих — за 2 дня,1,false,false,cycle,2,2,133757,144750,2,2,1.0822,10,0,0.000324224,0,0.000464885,0.000119483
100000008717340100,peripheral,0,24,0.143,"ниже порога конечного получателя: плательщиков 1 (нужно ≥ 2), получено 41 500 KZT (нужно ≥ 200 000 KZT)",1,false,false,,1,0,41500,0,1,0,0,1,0,0.000292682,0,1.94123e-12,0
100000003831324100,terminal,0.2,11,0.2751,получено: 300 000 KZT; плательщиков: 2; исходящих: 0,1,false,false,,2,0,300000,0,2,0,0,9,0,0.00031347,0,0.00000467237,0
100000008129393100,peripheral,0,55,0.1591,"ниже порога конечного получателя: плательщиков 1 (нужно ≥ 2), получено 10 000 KZT (нужно ≥ 200 000 KZT)",1,false,false,,1,0,10000,0,1,0,0,1,0,0.000309996,0,0,0
100000004388209100,peripheral,0,24,0.128,"ниже порога конечного получателя: плательщиков 1 (нужно ≥ 2), получено 11 800 KZT (нужно ≥ 200 000 KZT)",1,false,false,,1,0,11800,0,1,0,0,1,0,0.000286495,0,1.94123e-12,0
100000000706545100,consolidator,0.6537,2,0.4747,"плательщиков: 3, прямых seed: 1; дальше: 7% входящего",1,false,false,cycle,3,1,1070300,75800,8,3,0.0708,7,0,0.00341356,0,0.000322273,0.0000196165
100000004497606100,peripheral,0,24,0.1313,"ниже порога конечного получателя: плательщиков 1 (нужно ≥ 2), получено 15 534 KZT (нужно ≥ 200 000 KZT)",1,false,false,,1,0,15534,0,1,0,0,1,0,0.000287273,0,1.94123e-12,0
100000008470470100,peripheral,0,24,0.1405,"ниже порога конечного получателя: плательщиков 1 (нужно ≥ 2), получено 33 547 KZT (нужно ≥ 200 000 KZT)",1,false,false,,1,0,33547,0,1,0,0,1,0,0.000291025,0,1.94123e-12,0
100000004318918100,peripheral,0,16,0.2246,"ниже порога конечного получателя: плательщиков 1 (нужно ≥ 2), получено 75 600 KZT (нужно ≥ 200 000 KZT)",1,false,false,,1,0,75600,0,1,0,0,8,0,0.00029544,0,0.0001228,0
100000005228059100,peripheral,0,24,0.1374,"ниже порога конечного получателя: плательщиков 1 (нужно ≥ 2), получено 26 000 KZT (нужно ≥ 200 000 KZT)",1,false,false,,1,0,26000,0,1,0,0,1,0,0.000289453,0,1.94123e-12,0
100000001609499100,consolidator,0.6401,6,0.381,"плательщиков: 3, прямых seed: 1; дальше: 8% входящего",1,false,false,cycle,3,2,263113,21000,3,2,0.0798,7,0.4762,0.000319111,0.000543334,0.00666188,0.000184223
100000002824176100,peripheral,0,10,0.1712,"ниже порога конечного получателя: плательщиков 1 (нужно ≥ 2), получено 144 000 KZT (нужно ≥ 200 000 KZT)",1,false,false,,1,0,144000,0,1,0,0,2,0,0.000336706,0,9.22838e-7,0
100000001363952100,peripheral,0,13,0.2255,"смешанные признаки: плательщиков 2, получателей 1, поток 287 655 KZT",1,false,false,mixed_signals,2,1,196655,91000,2,2,0.4627,7,0.1099,0.000305404,0,0.00226534,0.0000192202
100000001049200100,peripheral,0,2,0.2374,"смешанные признаки: плательщиков 2, получателей 4, поток 112 624 KZT",1,false,false,mixed_signals|cycle,2,4,76624,36000,2,5,0.4698,7,0,0.000296669,0.0000110124,0.000379722,0.00115965
100000002662768100,peripheral,0,30,0.1537,"ниже порога конечного получателя: плательщиков 1 (нужно ≥ 2), получено 84 300 KZT (нужно ≥ 200 000 KZT)",1,false,false,,1,0,84300,0,1,0,0,1,0,0.000304787,0,0.0000678008,0
100000004737477100,transit,0.6906,6,0.3501,передаёт 82% входящего; 37% исходящих — за 2 дня,1,false,false,,2,1,49598,40500,3,3,0.8166,7,0.3704,0.000290736,0,0.00505746,0.0000192202
100000008680451100,peripheral,0,24,0.1362,"ниже порога конечного получателя: плательщиков 1 (нужно ≥ 2), получено 23 534 KZT (нужно ≥ 200 000 KZT)",1,false,false,,1,0,23534,0,1,0,0,1,0,0.00028894,0,1.94123e-12,0
100000001952325100,peripheral,0,24,0.1506,"ниже порога конечного получателя: плательщиков 1 (нужно ≥ 2), получено 77 888 KZT (нужно ≥ 200 000 KZT)",1,false,false,,1,0,77888,0,2,0,0,1,0,0.000300262,0,1.94123e-12,0
100000008751429100,peripheral,0,36,0.2341,"смешанные признаки: плательщиков 3, получателей 1, поток 458 800 KZT",1,false,false,fast_transit|mixed_signals|cycle|repeat_route,3,1,386200,72600,6,2,0.188,1,1,0.00157712,6.16836e-268,1.72873e-267,0
100000001960517100,terminal,0,10,0.1756,получено: 200 000 KZT; плательщиков: 1; исходящих: 0,1,false,false,,1,0,200000,0,1,0,0,2,0,0.000357188,0,9.22838e-7,0
100000008686234100,peripheral,0,6,0.2021,"ниже порога конечного получателя: плательщиков 1 (нужно ≥ 2), получено 39 778 KZT (нужно ≥ 200 000 KZT)",1,false,false,,1,0,39778,0,1,0,0,7,0,0.000291443,0,0.00215168,0
100000004213658100,peripheral,0,24,0.1371,"ниже порога конечного получателя: плательщиков 1 (нужно ≥ 2), получено 25 347 KZT (нужно ≥ 200 000 KZT)",1,false,false,,1,0,25347,0,1,0,0,1,0,0.000289317,0,1.94123e-12,0
100000001194266100,peripheral,0,7,0.2365,"ниже порога конечного получателя: плательщиков 1 (нужно ≥ 2), получено 50 000 KZT (нужно ≥ 200 000 KZT)",1,false,false,,1,0,50000,0,1,0,0,10,0,0.000293968,0,0.000461168,0
100000002243354100,peripheral,0,24,0.1348,"ниже порога конечного получателя: плательщиков 1 (нужно ≥ 2), получено 20 879 KZT (нужно ≥ 200 000 KZT)",1,false,false,,1,0,20879,0,1,0,0,1,0,0.000288387,0,1.94123e-12,0
100000006069103100,transit,0.6534,2,0.3872,передаёт 118% входящего; 17% исходящих — за 2 дня,1,false,false,cycle,3,3,228818,270000,3,4,1.18,7,0.1667,0.00114267,0,0.000310299,0.000058057
100000002760175100,peripheral,0,16,0.2356,"ниже порога конечного получателя: плательщиков 1 (нужно ≥ 2), получено 187 410 KZT (нужно ≥ 200 000 KZT)",1,false,false,,1,0,187410,0,1,0,0,8,0,0.000312303,0,0.0001228,0
100000003567087100,peripheral,0,24,0.1478,"ниже порога конечного получателя: плательщиков 1 (нужно ≥ 2), получено 62 115 KZT (нужно ≥ 200 000 KZT)",1,false,false,,1,0,62115,0,1,0,0,1,0,0.000296976,0,1.94123e-12,0
100000008229700100,peripheral,0,25,0.1403,"смешанные признаки: плательщиков 1, получателей 1, поток 30 700 KZT",1,false,false,mixed_signals,1,1,23500,7200,1,1,0.3064,1,0,0.000287912,0,0.0000101,1.98147e-7
100000004076740100,peripheral,0.0588,23,0.2394,"смешанные признаки: плательщиков 3, получателей 6, поток 218 250 KZT",1,false,false,mixed_signals|cycle,3,6,93250,125000,5,10,1.3405,7,0.184,0.000736359,1.95836e-7,0.00218665,0.00043516
100000003284932100,peripheral,0,7,0.2406,"ниже порога конечного получателя: плательщиков 1 (нужно ≥ 2), получено 69 925 KZT (нужно ≥ 200 000 KZT)",1,false,false,,1,0,69925,0,1,0,0,10,0,0.000297926,0,0.000461168,0
100000008071620100,peripheral,0,6,0.2041,"ниже порога конечного получателя: плательщиков 1 (нужно ≥ 2), получено 46 968 KZT (нужно ≥ 200 000 KZT)",1,false,false,,1,0,46968,0,1,0,0,7,0,0.000292782,0,0.00215168,0
100000003235780100,terminal,0,6,0.2078,получено: 65 000 KZT; плательщиков: 2; исходящих: 0,1,false,false,,2,0,65000,0,2,0,0,7,0,0.000289626,0,0.00505746,0
100000005363908100,transit,1,52,0.3757,передаёт 100% входящего; 100% исходящих — за 2 дня,1,false,false,fast_transit,1,1,19500,19500,1,1,1,1,1,0.00033664,0,0,0
100000001851289100,peripheral,0,2,0.2177,"ниже порога конечного получателя: плательщиков 1 (нужно ≥ 2), получено 109 510 KZT (нужно ≥ 200 000 KZT)",1,false,false,,1,0,109510,0,3,0,0,7,0,0.000295734,0,0.000295242,0
100000002870937100,peripheral,0,11,0.152,"ниже порога конечного получателя: плательщиков 1 (нужно ≥ 2), получено 83 700 KZT (нужно ≥ 200 000 KZT)",1,false,false,,1,0,83700,0,1,0,0,1,0,0.000288806,0,0.00000434142,0
100000002152857100,peripheral,0,10,0.1917,"смешанные признаки: плательщиков 1, получателей 5, поток 1 335 000 KZT",1,false,false,fast_transit|mixed_signals,1,5,105000,1230000,1,6,11.7143,1,0.5854,0.000298087,0.0000229816,0.0000408959,0.000313468
100000002600345100,terminal,0,2,0.209,получено: 52 400 KZT; плательщиков: 2; исходящих: 0,1,false,false,,2,0,52400,0,2,0,0,7,0,0.000294118,0,0.000319717,0
100000002580377100,peripheral,0,2,0.2067,"смешанные признаки: плательщиков 1, получателей 1, поток 42 750 KZT",1,false,false,mixed_signals,1,1,37750,5000,2,1,0.1325,7,0,0.000288069,0,0.000295242,0.0000192202
100000004094958100,transit,0.9744,45,0.3468,передаёт 103% входящего; 100% исходящих — за 2 дня,1,false,false,fast_transit,1,1,39000,40000,1,1,1.0256,1,1,0.000389242,0,0,1.98147e-7
100000002609774100,peripheral,0,10,0.2081,"смешанные признаки: плательщиков 1, получателей 1, поток 35 200 KZT",1,false,false,mixed_signals,1,1,7700,27500,1,1,3.5714,7,0,0.00028486,0.0000120562,0.000295242,0.000279701
100000002596035100,terminal,0.0732,16,0.2483,получено: 231 570 KZT; плательщиков: 1; исходящих: 0,1,false,false,,1,0,231570,0,1,0,0,8,0,0.000318963,0,0.0001228,0
100000004664515100,peripheral,0,6,0.2015,"ниже порога конечного получателя: плательщиков 1 (нужно ≥ 2), получено 37 691 KZT (нужно ≥ 200 000 KZT)",1,false,false,,1,0,37691,0,1,0,0,7,0,0.000291055,0,0.00215168,0
100000000661912100,transit,0.8545,9,0.4659,передаёт 110% входящего; 75% исходящих — за 2 дня,1,false,false,fast_transit|cycle|repeat_route,5,2,393036,430700,9,8,1.0958,7,0.7516,0.00179314,0,0.00786214,0.00133369
100000004144536100,terminal,0.3333,35,0.2202,получено: 168 000 KZT; плательщиков: 4; исходящих: 0,1,false,false,,4,0,168000,0,6,0,0,1,0,0.000962003,0,1.57817e-217,0
100000006177176100,peripheral,0,2,0.1879,"ниже порога конечного получателя: плательщиков 1 (нужно ≥ 2), получено 8 911 KZT (нужно ≥ 200 000 KZT)",1,false,false,,1,0,8911,0,1,0,0,7,0,0.000284989,0,0.000295242,0
100000002158488100,peripheral,0,24,0.1398,"ниже порога конечного получателя: плательщиков 1 (нужно ≥ 2), получено 31 723 KZT (нужно ≥ 200 000 KZT)",1,false,false,,1,0,31723,0,1,0,0,1,0,0.000290645,0,1.94123e-12,0
100000000041368100,peripheral,0,7,0.2507,"ниже порога конечного получателя: плательщиков 1 (нужно ≥ 2), получено 160 000 KZT (нужно ≥ 200 000 KZT)",1,false,false,,1,0,160000,0,1,0,0,10,0,0.000315816,0,0.000461168,0
100000008722328100,peripheral,0,24,0.1363,"ниже порога конечного получателя: плательщиков 1 (нужно ≥ 2), получено 23 677 KZT (нужно ≥ 200 000 KZT)",1,false,false,,1,0,23677,0,1,0,0,1,0,0.000288969,0,1.94123e-12,0
100000008735384100,peripheral,0,24,0.1423,"ниже порога конечного получателя: плательщиков 1 (нужно ≥ 2), получено 39 220 KZT (нужно ≥ 200 000 KZT)",1,false,false,,1,0,39220,0,1,0,0,1,0,0.000292207,0,1.94123e-12,0
100000004480280100,peripheral,0,15,0.2712,"смешанные признаки: плательщиков 1, получателей 2, поток 442 544 KZT",1,false,false,mixed_signals,1,2,146694,295850,1,7,2.0168,10,0.24,0.000313173,1.85722e-8,0.000461168,0.0000357176
100000004286573100,peripheral,0,25,0.133,"ниже порога конечного получателя: плательщиков 1 (нужно ≥ 2), получено 16 590 KZT (нужно ≥ 200 000 KZT)",1,false,false,,1,0,16590,0,1,0,0,1,0,0.000286773,0,0.0000101,0
100000001746925100,peripheral,0,7,0.2426,"смешанные признаки: плательщиков 1, получателей 1, поток 70 250 KZT",1,false,false,mixed_signals,1,1,65250,5000,1,1,0.0766,10,0,0.000296997,0,0.000461168,0.000118888
100000001660397100,coordinator,0.3478,6,0.3081,узлов сбора/раздачи за 2 шага: 31; прямых ветвей: 3; получателей: 3,1,false,false,fast_transit|cycle,2,3,48600,49000,2,4,1.0082,7,0.7551,0.000293545,0.00053508,0.00375609,0.000503295
100000002591469100,terminal,0.0819,11,0.1756,получено: 235 670 KZT; плательщиков: 1; исходящих: 0,1,false,false,,1,0,235670,0,1,0,0,1,0,0.000297463,0,0.00000434142,0
100000002731501100,peripheral,0.1111,35,0.1881,"смешанные признаки: плательщиков 3, получателей 7, поток 1 404 330 KZT",1,false,false,mixed_signals|sync_inflow|cycle|repeat_route,3,7,570370,833960,7,20,1.4621,1,0.3298,0.000482585,2.46958e-217,1.36165e-217,0.0000044583
100000000089154100,coordinator,0.6667,4,0.4002,узлов сбора/раздачи за 2 шага: 42; прямых ветвей: 10; получателей: 15,1,false,false,cycle,1,15,10000,425500,1,21,42.55,7,0.2738,0.000285899,0.00284943,0.00215168,0.000108955
100000008732098100,peripheral,0,24,0.1314,"ниже порога конечного получателя: плательщиков 1 (нужно ≥ 2), получено 15 677 KZT (нужно ≥ 200 000 KZT)",1,false,false,,1,0,15677,0,1,0,0,1,0,0.000287303,0,1.94123e-12,0
100000005456919100,peripheral,0,46,0.198,"смешанные признаки: плательщиков 2, получателей 1, поток 484 950 KZT",1,false,false,fast_transit|mixed_signals|cycle,2,1,479950,5000,10,1,0.0104,1,1,0.00143268,5.40848e-268,1.29238e-267,0
100000000507799100,peripheral,0,49,0.1903,"смешанные признаки: плательщиков 1, получателей 1, поток 13 132 KZT",1,false,false,mixed_signals,1,1,5132,8000,1,1,1.5588,7,0,0.000284585,0,0.000295242,0.000115321
100000008716439100,peripheral,0,24,0.1285,"ниже порога конечного получателя: плательщиков 1 (нужно ≥ 2), получено 12 267 KZT (нужно ≥ 200 000 KZT)",1,false,false,,1,0,12267,0,1,0,0,1,0,0.000286593,0,1.94123e-12,0
100000002981527100,peripheral,0,10,0.1622,"ниже порога конечного получателя: плательщиков 1 (нужно ≥ 2), получено 168 000 KZT (нужно ≥ 200 000 KZT)",1,false,false,,1,0,168000,0,1,0,0,1,0,0.000301962,0,0.0000227478,0
100000002844652100,peripheral,0,11,0.1483,"ниже порога конечного получателя: плательщиков 1 (нужно ≥ 2), получено 61 360 KZT (нужно ≥ 200 000 KZT)",1,false,false,,1,0,61360,0,1,0,0,1,0,0.000287533,0,0.00000434142,0
100000002605548100,terminal,0,16,0.2501,получено: 116 695 KZT; плательщиков: 2; исходящих: 0,1,false,false,,2,0,116695,0,2,0,0,10,0,0.000312614,0,0.000125095,0
100000002750956100,peripheral,0,6,0.2042,"ниже порога конечного получателя: плательщиков 1 (нужно ≥ 2), получено 47 416 KZT (нужно ≥ 200 000 KZT)",1,false,false,,1,0,47416,0,1,0,0,7,0,0.000292866,0,0.00215168,0
100000002982252100,peripheral,0,24,0.1345,"ниже порога конечного получателя: плательщиков 1 (нужно ≥ 2), получено 20 320 KZT (нужно ≥ 200 000 KZT)",1,false,false,,1,0,20320,0,1,0,0,1,0,0.00028827,0,1.94123e-12,0
100000000961900100,terminal,0,6,0.2009,получено: 36 000 KZT; плательщиков: 2; исходящих: 0,1,false,false,,2,0,36000,0,3,0,0,7,0,0.000292722,0,0.0027945,0
100000007175718100,peripheral,0,43,0.1504,"ниже порога конечного получателя: плательщиков 1 (нужно ≥ 2), получено 20 000 KZT (нужно ≥ 200 000 KZT)",1,false,false,,1,0,20000,0,1,0,0,1,0,0.00030154,0,0,0
100000002306369100,coordinator,0.434,4,0.3386,узлов сбора/раздачи за 2 шага: 38; прямых ветвей: 5; получателей: 6,1,false,false,cycle,1,6,73166,260900,1,9,3.5659,7,0,0.00029766,0.00379576,0.00215168,0.0000702515
100000000667713100,peripheral,0,2,0.2275,"смешанные признаки: плательщиков 2, получателей 6, поток 198 731 KZT",1,false,false,mixed_signals|cycle,2,6,119495,79236,10,7,0.6631,7,0.4726,0.000318342,0.000675925,0.000300271,0.000139676
100000001072022100,consolidator,0.8333,7,0.4807,"плательщиков: 3, прямых seed: 1; дальше: 0% входящего",1,false,false,depth_outlier,3,0,1684000,0,6,0,0,10,0,0.000498874,0,0.00346346,0
100000008116374100,peripheral,0,2,0.2027,"ниже порога конечного получателя: плательщиков 1 (нужно ≥ 2), получено 31 284 KZT (нужно ≥ 200 000 KZT)",1,false,false,,1,0,31284,0,1,0,0,7,0,0.000287379,0,0.000295242,0
100000000703894100,peripheral,0,48,0.1869,"смешанные признаки: плательщиков 1, получателей 1, поток 155 000 KZT",1,false,false,mixed_signals,1,1,120000,35000,1,1,0.2917,1,0,0.000474176,0,5e-324,5.94441e-7
100000008066326100,peripheral,0,6,0.1935,"ниже порога конечного получателя: плательщиков 1 (нужно ≥ 2), получено 19 320 KZT (нужно ≥ 200 000 KZT)",1,false,false,,1,0,19320,0,1,0,0,7,0,0.000287634,0,0.00215168,0
100000004662806100,peripheral,0,25,0.2312,"смешанные признаки: плательщиков 2, получателей 2, поток 166 485 KZT",1,false,false,fast_transit|mixed_signals,2,2,106585,59900,2,3,0.562,8,1,0.000303785,0,0.000652916,0.0000388368
100000005778283100,consolidator,0.8182,14,0.4536,"плательщиков: 3, прямых seed: 2; дальше: 0% входящего",1,false,false,,3,0,615760,0,3,0,0,9,0,0.000434977,0,0.000113576,0
100000004408683100,terminal,0,2,0.2201,получено: 112 920 KZT; плательщиков: 2; исходящих: 0,1,false,false,,2,0,112919.68,0,3,0,0,7,0,0.000383071,0,0.000312109,0
100000002704875100,consolidator,0.7778,13,0.4082,"плательщиков: 3, прямых seed: 1; дальше: 0% входящего",1,false,false,,3,0,244891,0,4,0,0,7,0,0.000313312,0,0.00483983,0
100000008349675100,peripheral,0,11,0.1518,"смешанные признаки: плательщиков 1, получателей 1, поток 83 170 KZT",1,false,false,fast_transit|mixed_signals,1,1,46520,36650,1,2,0.7878,1,0.5048,0.000286687,0,0.00000434142,1.98147e-7
100000006889963100,consolidator,0.4635,16,0.4059,"плательщиков: 4, прямых seed: 2; дальше: 31% входящего",1,false,false,fast_transit|sync_inflow|depth_outlier|repeat_route,4,1,1431000,443475.8,6,3,0.3099,11,1,0.000424675,0,0.00465608,0.0000251647
100000008771819100,peripheral,0,24,0.1422,"ниже порога конечного получателя: плательщиков 1 (нужно ≥ 2), получено 38 900 KZT (нужно ≥ 200 000 KZT)",1,false,false,,1,0,38900,0,1,0,0,1,0,0.00029214,0,1.94123e-12,0
100000008586731100,peripheral,0,25,0.1292,"ниже порога конечного получателя: плательщиков 1 (нужно ≥ 2), получено 12 000 KZT (нужно ≥ 200 000 KZT)",1,false,false,,1,0,12000,0,1,0,0,1,0,0.000286016,0,0.0000101,0
100000005844459100,terminal,0.0979,6,0.2379,получено: 243 400 KZT; плательщиков: 2; исходящих: 0,1,false,false,,2,0,243400,0,2,0,0,7,0,0.000336131,0,0.00328959,0
100000008172352100,peripheral,0.1111,30,0.2462,"смешанные признаки: плательщиков 3, получателей 7, поток 379 775 KZT",1,false,false,fast_transit|mixed_signals,3,7,90265,289510,3,8,3.2073,8,0.7667,0.000373111,8.64167e-293,0.000121012,0.000186734
100000001162560100,distributor,0.373,0,0.2785,получателей: 12; плательщиков: 1; исходящий поток: 2 904 398 KZT,1,false,false,depth_outlier,1,12,331300,2904398,2,14,8.7667,1,0.1497,0.000319385,0.0000268985,0.0000227478,0.0000029722
100000008779584100,peripheral,0,24,0.1397,"ниже порога конечного получателя: плательщиков 1 (нужно ≥ 2), получено 31 400 KZT (нужно ≥ 200 000 KZT)",1,false,false,,1,0,31400,0,1,0,0,1,0,0.000290578,0,1.94123e-12,0
100000007631637100,peripheral,0,24,0.1312,"ниже порога конечного получателя: плательщиков 1 (нужно ≥ 2), получено 15 341 KZT (нужно ≥ 200 000 KZT)",1,false,false,,1,0,15341,0,1,0,0,1,0,0.000287233,0,1.94123e-12,0
100000007347733100,peripheral,0,55,0.1697,"ниже порога конечного получателя: плательщиков 1 (нужно ≥ 2), получено 23 007 KZT (нужно ≥ 200 000 KZT)",1,false,false,,1,0,23007,0,1,0,0,1,0,0.00034376,0,0,0
100000001463701100,terminal,0.5128,16,0.3263,получено: 621 000 KZT; плательщиков: 2; исходящих: 0,1,false,false,,2,0,621000,0,2,0,0,8,0,0.000568859,0,0.000123781,0
100000008664469100,peripheral,0,7,0.2282,"ниже порога конечного получателя: плательщиков 1 (нужно ≥ 2), получено 25 000 KZT (нужно ≥ 200 000 KZT)",1,false,false,,1,0,25000,0,1,0,0,10,0,0.000289003,0,0.000461168,0
100000003923946100,peripheral,0,10,0.1947,"смешанные признаки: плательщиков 1, получателей 4, поток 957 000 KZT",1,false,false,fast_transit|mixed_signals|cycle,1,4,282000,675000,3,4,2.3936,2,1,0.00038718,0.0000596022,9.22838e-7,0.00000198147
100000006562026100,terminal,0,61,0.2182,получено: 75 000 KZT; плательщиков: 2; исходящих: 0,1,false,false,,2,0,75000,0,6,0,0,2,0,0.00068122,0,0,0
100000008776298100,peripheral,0,24,0.1434,"ниже порога конечного получателя: плательщиков 1 (нужно ≥ 2), получено 42 800 KZT (нужно ≥ 200 000 KZT)",1,false,false,,1,0,42800,0,1,0,0,1,0,0.000292953,0,1.94123e-12,0
100000006446271100,terminal,0,7,0.2425,получено: 80 000 KZT; плательщиков: 2; исходящих: 0,1,false,false,,2,0,80000,0,2,0,0,10,0,0.000312161,0,0.000603935,0
100000004588479100,peripheral,0,2,0.2235,"ниже порога конечного получателя: плательщиков 1 (нужно ≥ 2), получено 177 633 KZT (нужно ≥ 200 000 KZT)",1,false,false,,1,0,177633,0,2,0,0,7,0,0.00030301,0,0.000295242,0
100000002324543100,peripheral,0,10,0.1417,"ниже порога конечного получателя: плательщиков 1 (нужно ≥ 2), получено 30 202 KZT (нужно ≥ 200 000 KZT)",1,false,false,,1,0,30202,0,1,0,0,1,0,0.00028726,0,0.0000227478,0
100000007129492100,peripheral,0,16,0.2567,"смешанные признаки: плательщиков 2, получателей 1, поток 87 990 KZT",1,false,false,fast_transit|mixed_signals,2,1,50990,37000,2,1,0.7256,11,1,0.000292923,0,0.000583968,0.0000251647
100000003877908100,peripheral,0,7,0.2339,"ниже порога конечного получателя: плательщиков 1 (нужно ≥ 2), получено 40 000 KZT (нужно ≥ 200 000 KZT)",1,false,false,,1,0,40000,0,1,0,0,10,0,0.000291982,0,0.000461168,0
100000002748180100,peripheral,0.0588,10,0.1786,"смешанные признаки: плательщиков 1, получателей 8, поток 689 643 KZT",1,false,false,mixed_signals,1,8,9900,679743,1,9,68.6609,1,0.2648,0.00028567,0.00000219374,0.0000101,0.00000852031
100000000945428100,peripheral,0,6,0.2119,"ниже порога конечного получателя: плательщиков 1 (нужно ≥ 2), получено 89 629 KZT (нужно ≥ 200 000 KZT)",1,false,false,,1,0,89629,0,1,0,0,7,0,0.000300725,0,0.00215168,0
100000003115284100,consolidator,0.5225,4,0.4484,"плательщиков: 8, прямых seed: 2; дальше: 24% входящего",1,false,false,fast_transit|sync_inflow|cycle|burst|depth_outlier,8,2,2160500,517000,15,4,0.2393,11,0.9865,0.00151556,0.0000173247,0.00500956,0.000127805
100000005394708100,peripheral,0,26,0.2042,"смешанные признаки: плательщиков 1, получателей 1, поток 91 000 KZT",1,false,false,fast_transit|mixed_signals,1,1,26000,65000,1,1,2.5,1,1,0.000343256,0,0,1.98147e-7
100000008747113100,terminal,0,7,0.253,получено: 197 801 KZT; плательщиков: 2; исходящих: 0,1,false,false,,2,0,197801,0,2,0,0,10,0,0.000305809,0,0.00340134,0
100000004491881100,peripheral,0,24,0.1325,"ниже порога конечного получателя: плательщиков 1 (нужно ≥ 2), получено 17 144 KZT (нужно ≥ 200 000 KZT)",1,false,false,,1,0,17144,0,1,0,0,1,0,0.000287609,0,1.94123e-12,0
100000006008169100,peripheral,0,25,0.1502,"ниже порога конечного получателя: плательщиков 1 (нужно ≥ 2), получено 70 000 KZT (нужно ≥ 200 000 KZT)",1,false,false,,1,0,70000,0,1,0,0,1,0,0.000295578,0,0.0000101,0
100000002681449100,peripheral,0,4,0.2246,"смешанные признаки: плательщиков 2, получателей 2, поток 227 638 KZT",1,false,false,mixed_signals,2,2,94638,133000,2,2,1.4054,7,0.0977,0.000293534,0.00014076,0.00328362,0.0000176476
100000002645609100,consolidator,0.7778,6,0.4191,"плательщиков: 4, прямых seed: 1; дальше: 0% входящего",1,false,false,,4,0,546820.68,0,5,0,0,7,0,0.000353317,0,0.00593362,0
100000006369769100,peripheral,0,24,0.1426,"ниже порога конечного получателя: плательщиков 1 (нужно ≥ 2), получено 40 000 KZT (нужно ≥ 200 000 KZT)",1,false,false,,1,0,40000,0,1,0,0,1,0,0.00029237,0,1.94123e-12,0
100000002173161100,consolidator,0.8182,2,0.4654,"плательщиков: 3, прямых seed: 1; дальше: 0% входящего",1,false,false,,3,0,1427500,0,5,0,0,9,0,0.000432887,0,0.000301183,0
100000008686313100,coordinator,0.4643,6,0.4029,узлов сбора/раздачи за 2 шага: 41; прямых ветвей: 6; получателей: 7,1,false,false,fast_transit|cycle|depth_outlier|repeat_route,6,7,1912716,333800,16,13,0.1745,7,1,0.000464706,0.00189829,0.0108259,0.00198483
100000004692798100,peripheral,0,25,0.2059,"смешанные признаки: плательщиков 2, получателей 1, поток 255 305 KZT",1,false,false,fast_transit|mixed_signals|cycle,2,1,240305,15000,4,2,0.0624,1,1,0.00200665,0,0.0000101808,1.98147e-7
100000002939838100,consolidator,0.8333,17,0.4633,"плательщиков: 3, прямых seed: 1; дальше: 0% входящего",1,false,false,,3,0,571233,0,3,0,0,10,0,0.000397689,0,0.000468989,0
100000003119550100,peripheral,0,24,0.1349,"ниже порога конечного получателя: плательщиков 1 (нужно ≥ 2), получено 21 000 KZT (нужно ≥ 200 000 KZT)",1,false,false,,1,0,21000,0,1,0,0,1,0,0.000288412,0,1.94123e-12,0
100000004315838100,peripheral,0,7,0.2404,"смешанные признаки: плательщиков 2, получателей 1, поток 68 000 KZT",1,false,false,mixed_signals,2,1,50000,18000,2,1,0.36,10,0,0.000289806,0,0.00340134,0.0000237776
100000002671806100,peripheral,0,25,0.1296,"ниже порога конечного получателя: плательщиков 1 (нужно ≥ 2), получено 12 440 KZT (нужно ≥ 200 000 KZT)",1,false,false,,1,0,12440,0,1,0,0,1,0,0.000286088,0,0.0000101,0
100000008716222100,peripheral,0,24,0.133,"ниже порога конечного получателя: плательщиков 1 (нужно ≥ 2), получено 18 000 KZT (нужно ≥ 200 000 KZT)",1,false,false,,1,0,18000,0,1,0,0,1,0,0.000287787,0,1.94123e-12,0
100000005496254100,peripheral,0,6,0.1885,"ниже порога конечного получателя: плательщиков 1 (нужно ≥ 2), получено 12 700 KZT (нужно ≥ 200 000 KZT)",1,false,false,,1,0,12700,0,1,0,0,7,0,0.000286402,0,0.00215168,0
100000004622227100,peripheral,0,6,0.204,"смешанные признаки: плательщиков 1, получателей 3, поток 43 931 KZT",1,false,false,mixed_signals,1,3,24931,19000,1,3,0.7621,7,0,0.000288679,0.000343936,0.00215168,0.0000478418
100000000274067100,peripheral,0,11,0.1988,"смешанные признаки: плательщиков 2, получателей 3, поток 3 486 704 KZT",1,false,false,fast_transit|mixed_signals|cycle|depth_outlier,2,3,517704,2969000,9,9,5.7349,1,0.6922,0.000411173,0,0.00000437641,0.00000118888
100000008782056100,peripheral,0,24,0.1387,"ниже порога конечного получателя: плательщиков 1 (нужно ≥ 2), получено 29 082 KZT (нужно ≥ 200 000 KZT)",1,false,false,,1,0,29082,0,1,0,0,1,0,0.000290095,0,1.94123e-12,0
100000006788200100,consolidator,0.4562,10,0.3411,"плательщиков: 4, прямых seed: 1; дальше: 24% входящего",1,false,false,,4,3,272155.8,64500,4,4,0.237,7,0,0.000335269,0.0000126235,0.00471214,0.0000968938
100000001164648100,terminal,0,5,0.1889,получено: 13 660 KZT; плательщиков: 2; исходящих: 0,1,false,false,,2,0,13660,0,2,0,0,7,0,0.00028858,0,0.000298929,0
100000005133757100,terminal,0,12,0.2375,получено: 65 000 KZT; плательщиков: 2; исходящих: 0,1,false,false,,2,0,65000,0,2,0,0,10,0,0.00029777,0,0.000591448,0
100000006445501100,peripheral,0,16,0.2268,"ниже порога конечного получателя: плательщиков 1 (нужно ≥ 2), получено 91 000 KZT (нужно ≥ 200 000 KZT)",1,false,false,,1,0,91000,0,1,0,0,8,0,0.000297762,0,0.0001228,0
100000004390333100,coordinator,0.5082,4,0.3648,узлов сбора/раздачи за 2 шага: 46; прямых ветвей: 7; получателей: 9,1,false,false,cycle,2,9,64558,506500,2,14,7.8457,7,0.2172,0.000293607,0.00286911,0.00505746,0.000158415
100000001641789100,peripheral,0,10,0.2401,"ниже порога конечного получателя: плательщиков 1 (нужно ≥ 2), получено 17 826 KZT (нужно ≥ 200 000 KZT)",1,false,false,,1,0,17826,0,1,0,0,11,0,0.000485586,0,4.07575e-7,0
100000000968253100,peripheral,0,24,0.1309,"ниже порога конечного получателя: плательщиков 1 (нужно ≥ 2), получено 15 000 KZT (нужно ≥ 200 000 KZT)",1,false,false,,1,0,15000,0,1,0,0,1,0,0.000287162,0,1.94123e-12,0
100000001527186100,terminal,0.5444,7,0.345,получено: 678 000 KZT; плательщиков: 1; исходящих: 0,1,false,false,,1,0,678000,0,2,0,0,10,0,0.000418699,0,0.000461168,0
100000005852946100,peripheral,0,7,0.2276,"ниже порога конечного получателя: плательщиков 1 (нужно ≥ 2), получено 23 746 KZT (нужно ≥ 200 000 KZT)",1,false,false,,1,0,23746,0,1,0,0,10,0,0.000288754,0,0.000461168,0
100000001530983100,distributor,0.0476,17,0.2675,получателей: 11; плательщиков: 4; исходящий поток: 1 829 538 KZT,1,false,false,depth_outlier,4,11,564158,1829538,4,17,3.243,7,0.1565,0.000354074,0.000216826,0.00543967,0.000332072
100000008221543100,terminal,0.4609,21,0.2975,получено: 542 000 KZT; плательщиков: 2; исходящих: 0,1,false,false,,2,0,542000,0,2,0,0,7,0,0.000369324,0,0.00238503,0
100000001937767100,peripheral,0,8,0.3025,"смешанные признаки: плательщиков 1, получателей 4, поток 1 986 000 KZT",1,false,false,mixed_signals|cycle|depth_outlier,1,4,53000,1933000,1,6,36.4717,11,0.0274,0.000883278,2.33093e-7,4.07575e-7,0.0000566999
100000002462183100,peripheral,0,43,0.172,"ниже порога конечного получателя: плательщиков 1 (нужно ≥ 2), получено 107 500 KZT (нужно ≥ 200 000 KZT)",1,false,false,,1,0,107500,0,3,0,0,1,0,0.000378112,0,0,0
100000001805543100,peripheral,0,2,0.2103,"ниже порога конечного получателя: плательщиков 1 (нужно ≥ 2), получено 59 000 KZT (нужно ≥ 200 000 KZT)",1,false,false,,1,0,59000,0,1,0,0,7,0,0.000290339,0,0.000295242,0
100000002606567100,peripheral,0,6,0.2085,"смешанные признаки: плательщиков 1, получателей 1, поток 67 095 KZT",1,false,false,mixed_signals,1,1,14095,53000,1,1,3.7602,7,0,0.000286662,0,0.00215168,0.0000192202
100000007281639100,terminal,0.0402,2,0.2318,получено: 216 770 KZT; плательщиков: 2; исходящих: 0,1,false,false,,2,0,216770,0,4,0,0,7,0,0.000321764,0,0.000330918,0
100000002991079100,peripheral,0,2,0.2247,"смешанные признаки: плательщиков 2, получателей 1, поток 159 900 KZT",1,false,false,fast_transit|mixed_signals,2,1,148900,11000,3,1,0.0739,7,1,0.000392832,0,0.000305365,0.0000198147
100000002847207100,peripheral,0,7,0.2356,"ниже порога конечного получателя: плательщиков 1 (нужно ≥ 2), получено 46 243 KZT (нужно ≥ 200 000 KZT)",1,false,false,,1,0,46243,0,1,0,0,10,0,0.000293222,0,0.000461168,0
100000000011452100,consolidator,0.545,6,0.3499,"плательщиков: 3, прямых seed: 1; дальше: 15% входящего",1,false,false,fast_transit|cycle,3,1,110000,16685,7,2,0.1517,7,1,0.000487245,0.000693886,0.00378637,0.0000033685
100000003148220100,peripheral,0,56,0.2087,"смешанные признаки: плательщиков 1, получателей 2, поток 49 050 KZT",1,false,false,mixed_signals|cycle,1,2,5650,43400,1,4,7.6814,1,0.2212,0.000910448,0,0,3.96294e-7
100000002479804100,peripheral,0,30,0.1531,"смешанные признаки: плательщиков 1, получателей 2, поток 81 300 KZT",1,false,false,fast_transit|mixed_signals,1,2,46000,35300,1,2,0.7674,1,0.6516,0.00029536,0,0.0000678008,0.00000178332
100000008745489100,peripheral,0,24,0.1465,"ниже порога конечного получателя: плательщиков 1 (нужно ≥ 2), получено 55 539 KZT (нужно ≥ 200 000 KZT)",1,false,false,,1,0,55539,0,1,0,0,1,0,0.000295607,0,1.94123e-12,0
100000002289937100,peripheral,0,24,0.1343,"ниже порога конечного получателя: плательщиков 1 (нужно ≥ 2), получено 20 000 KZT (нужно ≥ 200 000 KZT)",1,false,false,,1,0,20000,0,1,0,0,1,0,0.000288203,0,1.94123e-12,0
100000004679953100,consolidator,0.6121,13,0.3803,"плательщиков: 3, прямых seed: 1; дальше: 10% входящего",1,false,false,fast_transit|cycle,3,3,343538,34100,3,3,0.0993,7,0.6246,0.000332359,0.000266393,0.00666188,0.000354216
100000003066385100,terminal,0,6,0.194,получено: 20 000 KZT; плательщиков: 2; исходящих: 0,1,false,false,,2,0,20000,0,2,0,0,7,0,0.000289963,0,0.0027945,0
100000008744849100,peripheral,0,24,0.1438,"ниже порога конечного получателя: плательщиков 1 (нужно ≥ 2), получено 44 445 KZT (нужно ≥ 200 000 KZT)",1,false,false,,1,0,44445,0,1,0,0,1,0,0.000293296,0,1.94123e-12,0
100000005093521100,peripheral,0,7,0.2223,"ниже порога конечного получателя: плательщиков 1 (нужно ≥ 2), получено 15 200 KZT (нужно ≥ 200 000 KZT)",1,false,false,,1,0,15200,0,1,0,0,10,0,0.000287056,0,0.000461168,0
100000006518161100,transit,0.9401,2,0.4468,передаёт 100% входящего; 71% исходящих — за 2 дня,1,false,false,fast_transit|cycle|repeat_route,3,2,594200,595899,13,13,1.0029,7,0.7147,0.000804354,0,0.000333585,0.0000578589
100000001126374100,consolidator,0.5354,6,0.3501,"плательщиков: 4, прямых seed: 1; дальше: 16% входящего",1,false,false,fast_transit,4,2,182500,29200,7,4,0.16,7,0.7534,0.000311765,0,0.00630231,0.0000392331
100000004509286100,peripheral,0,7,0.2339,"ниже порога конечного получателя: плательщиков 1 (нужно ≥ 2), получено 40 000 KZT (нужно ≥ 200 000 KZT)",1,false,false,,1,0,40000,0,1,0,0,10,0,0.000291982,0,0.000461168,0
100000005056870100,peripheral,0,43,0.1504,"ниже порога конечного получателя: плательщиков 1 (нужно ≥ 2), получено 20 000 KZT (нужно ≥ 200 000 KZT)",1,false,false,,1,0,20000,0,1,0,0,1,0,0.00030154,0,0,0
100000008708368100,peripheral,0,24,0.1363,"ниже порога конечного получателя: плательщиков 1 (нужно ≥ 2), получено 23 677 KZT (нужно ≥ 200 000 KZT)",1,false,false,,1,0,23677,0,1,0,0,1,0,0.000288969,0,1.94123e-12,0
100000005895525100,peripheral,0,43,0.1735,"ниже порога конечного получателя: плательщиков 1 (нужно ≥ 2), получено 120 000 KZT (нужно ≥ 200 000 KZT)",1,false,false,,1,0,120000,0,3,0,0,1,0,0.000389051,0,0,0
100000008716773100,peripheral,0,24,0.1314,"ниже порога конечного получателя: плательщиков 1 (нужно ≥ 2), получено 15 677 KZT (нужно ≥ 200 000 KZT)",1,false,false,,1,0,15677,0,1,0,0,1,0,0.000287303,0,1.94123e-12,0
100000002778085100,peripheral,0,2,0.2116,"ниже порога конечного получателя: плательщиков 1 (нужно ≥ 2), получено 66 208 KZT (нужно ≥ 200 000 KZT)",1,false,false,,1,0,66208,0,1,0,0,7,0,0.000291109,0,0.000295242,0
100000007055802100,consolidator,0.4037,9,0.3677,"плательщиков: 6, прямых seed: 1; дальше: 30% входящего",1,false,false,fast_transit|sync_inflow|cycle|depth_outlier|repeat_route,6,1,2024999,605000,34,7,0.2988,7,1,0.00117095,0.00343417,0.0108205,0.00000435923
100000003071930100,consolidator,0.7795,10,0.4315,"плательщиков: 3, прямых seed: 1; дальше: 1% входящего",1,false,false,fast_transit,3,1,477610,5000,4,1,0.0105,8,1,0.000346495,0,0.000146313,0.0000427997
100000002941114100,peripheral,0,16,0.2706,"смешанные признаки: плательщиков 2, получателей 1, поток 143 510 KZT",1,false,false,fast_transit|mixed_signals|cycle,2,1,128510,15000,15,1,0.1167,8,1,0.00190717,0,0.000123781,0.0000206073
100000003888271100,peripheral,0,63,0.1409,"смешанные признаки: плательщиков 1, получателей 2, поток 37 767 KZT",1,false,false,mixed_signals|cycle,1,2,12177,25590,2,3,2.1015,1,0.27,0.000289803,0,0,3.96294e-7
100000007507343100,terminal,0.2982,38,0.2504,получено: 370 000 KZT; плательщиков: 1; исходящих: 0,1,false,false,,1,0,370000,0,1,0,0,1,0,0.000641013,0,0,0
100000008002020100,peripheral,0,25,0.1533,"смешанные признаки: плательщиков 1, получателей 1, поток 90 860 KZT",1,false,false,mixed_signals,1,1,73860,17000,1,1,0.2302,1,0,0.000296215,0,0.0000101,0.00000158517
100000001872484100,peripheral,0,32,0.2573,"смешанные признаки: плательщиков 1, получателей 3, поток 1 385 980 KZT",1,false,false,fast_transit|mixed_signals|cycle,1,3,871400,514580,13,9,0.5905,1,0.5464,0.0023583,0,0,5.94441e-7
100000008769636100,peripheral,0,24,0.136,"ниже порога конечного получателя: плательщиков 1 (нужно ≥ 2), получено 23 118 KZT (нужно ≥ 200 000 KZT)",1,false,false,,1,0,23118,0,1,0,0,1,0,0.000288853,0,1.94123e-12,0
100000004135268100,transit,0.7772,41,0.3788,передаёт 81% входящего; 85% исходящих — за 2 дня,1,false,false,fast_transit|cycle|depth_outlier|repeat_route,2,3,1239000,1000200,3,4,0.8073,1,0.8498,0.0017409,0,0,0.00000118888
100000005316708100,peripheral,0,10,0.1706,"смешанные признаки: плательщиков 1, получателей 2, поток 347 500 KZT",1,false,false,mixed_signals,1,2,90000,257500,1,4,2.8611,1,0,0.00029608,0.00000209904,0.0000408959,0.00000118888
100000008671929100,peripheral,0,7,0.2414,"ниже порога конечного получателя: плательщиков 1 (нужно ≥ 2), получено 75 000 KZT (нужно ≥ 200 000 KZT)",1,false,false,,1,0,75000,0,2,0,0,10,0,0.000298933,0,0.000461168,0
100000005287097100,coordinator,0.5,2,0.3796,узлов сбора/раздачи за 2 шага: 18; прямых ветвей: 6; получателей: 9,1,false,false,cycle,2,9,127173,697300,5,42,5.4831,7,0.2442,0.000301057,0.000139711,0.000330918,0.000783221
100000007283257100,peripheral,0,39,0.1957,"ниже порога конечного получателя: плательщиков 1 (нужно ≥ 2), получено 192 000 KZT (нужно ≥ 200 000 KZT)",1,false,false,,1,0,192000,0,7,0,0,1,0,0.000386862,0,0,0
100000004847758100,coordinator,0.6667,4,0.4254,узлов сбора/раздачи за 2 шага: 30; прямых ветвей: 8; получателей: 15,1,false,false,cycle,4,15,115171,488800,4,23,4.2441,7,0.2578,0.000303066,0.0085577,0.00677019,0.00135859
100000008737422100,peripheral,0,24,0.1504,"ниже порога конечного получателя: плательщиков 1 (нужно ≥ 2), получено 76 903 KZT (нужно ≥ 200 000 KZT)",1,false,false,,1,0,76903,0,1,0,0,1,0,0.000300057,0,1.94123e-12,0
100000008555918100,peripheral,0,7,0.253,"смешанные признаки: плательщиков 1, получателей 2, поток 182 511 KZT",1,false,false,mixed_signals,1,2,139211,43300,1,2,0.311,10,0,0.000311687,0,0.000461168,0.0000475552
100000008094734100,consolidator,0.8,6,0.4243,"плательщиков: 4, прямых seed: 2; дальше: 0% входящего",1,false,false,,4,0,236249,0,4,0,0,8,0,0.000342175,0,0.00233547,0
100000006952718100,peripheral,0,2,0.2125,"ниже порога конечного получателя: плательщиков 1 (нужно ≥ 2), получено 71 489 KZT (нужно ≥ 200 000 KZT)",1,false,false,,1,0,71489,0,1,0,0,7,0,0.000291673,0,0.000295242,0
100000005339662100,peripheral,0,2,0.27,"смешанные признаки: плательщиков 4, получателей 4, поток 498 099 KZT",1,false,false,fast_transit|mixed_signals|cycle,4,4,202939,295160,9,15,1.4544,7,0.7669,0.00165502,0.000128664,0.000336316,0.000139625
100000001716579100,peripheral,0,24,0.13,"ниже порога конечного получателя: плательщиков 1 (нужно ≥ 2), получено 13 916 KZT (нужно ≥ 200 000 KZT)",1,false,false,,1,0,13916,0,1,0,0,1,0,0.000286936,0,1.94123e-12,0
100000002774456100,peripheral,0,16,0.2197,"ниже порога конечного получателя: плательщиков 1 (нужно ≥ 2), получено 50 363 KZT (нужно ≥ 200 000 KZT)",1,false,false,,1,0,50363,0,1,0,0,8,0,0.000291633,0,0.0001228,0
100000004394765100,consolidator,0.5632,2,0.3761,"плательщиков: 3, прямых seed: 1; дальше: 14% входящего",1,false,false,,3,2,603844,82500,10,2,0.1366,7,0.4303,0.000378107,3.74192e-9,0.000383488,0.0000651639
100000004004621100,consolidator,0.8333,4,0.4393,"плательщиков: 3, прямых seed: 1; дальше: 0% входящего",1,false,false,,3,0,75389,0,3,0,0,10,0,0.000299125,0,0.0036608,0
100000000907277100,peripheral,0,24,0.1327,"ниже порога конечного получателя: плательщиков 1 (нужно ≥ 2), получено 17 534 KZT (нужно ≥ 200 000 KZT)",1,false,false,,1,0,17534,0,1,0,0,1,0,0.00028769,0,1.94123e-12,0
100000003835149100,peripheral,0,3,0.2086,"смешанные признаки: плательщиков 1, получателей 2, поток 4 848 940 KZT",1,false,false,mixed_signals|depth_outlier,1,2,248500,4600440,1,13,18.5128,1,0,0.000486043,6.81048e-302,0,0.00000178332
100000004254434100,peripheral,0,24,0.1438,"ниже порога конечного получателя: плательщиков 1 (нужно ≥ 2), получено 44 445 KZT (нужно ≥ 200 000 KZT)",1,false,false,,1,0,44445,0,2,0,0,1,0,0.000293296,0,1.94123e-12,0
100000003635170100,transit,0.9441,16,0.4592,передаёт 94% входящего; 100% исходящих — за 2 дня,1,false,false,fast_transit|cycle|repeat_route,3,4,268500,253500,13,10,0.9441,8,1,0.00113835,0,0.000124795,0.000188041
100000006687202100,peripheral,0,6,0.2048,"ниже порога конечного получателя: плательщиков 1 (нужно ≥ 2), получено 50 000 KZT (нужно ≥ 200 000 KZT)",1,false,false,,1,0,50000,0,1,0,0,7,0,0.000293347,0,0.00215168,0
100000006030946100,peripheral,0,24,0.1498,"ниже порога конечного получателя: плательщиков 1 (нужно ≥ 2), получено 73 289 KZT (нужно ≥ 200 000 KZT)",1,false,false,,1,0,73289,0,1,0,0,1,0,0.000299304,0,1.94123e-12,0
100000002615479100,terminal,0.0476,10,0.1721,получено: 220 000 KZT; плательщиков: 1; исходящих: 0,1,false,false,,1,0,220000,0,1,0,0,1,0,0.00030751,0,0.0000227478,0
100000002952631100,peripheral,0,2,0.2078,"ниже порога конечного получателя: плательщиков 1 (нужно ≥ 2), получено 48 050 KZT (нужно ≥ 200 000 KZT)",1,false,false,,1,0,48050,0,1,0,0,7,0,0.00028917,0,0.000295242,0
100000002890167100,peripheral,0,2,0.2186,"ниже порога конечного получателя: плательщиков 1 (нужно ≥ 2), получено 118 150 KZT (нужно ≥ 200 000 KZT)",1,false,false,,1,0,118150,0,1,0,0,7,0,0.000296657,0,0.000295242,0
100000008687671100,peripheral,0,24,0.1418,"ниже порога конечного получателя: плательщиков 1 (нужно ≥ 2), получено 37 500 KZT (нужно ≥ 200 000 KZT)",1,false,false,,1,0,37500,0,1,0,0,1,0,0.000291849,0,1.94123e-12,0
100000000810551100,peripheral,0,7,0.247,"смешанные признаки: плательщиков 1, получателей 1, поток 107 100 KZT",1,false,false,mixed_signals,1,1,100000,7100,1,1,0.071,10,0,0.000303899,0,0.000461168,0.0000776956
100000008724279100,peripheral,0,2,0.1911,"ниже порога конечного получателя: плательщиков 1 (нужно ≥ 2), получено 11 750 KZT (нужно ≥ 200 000 KZT)",1,false,false,,1,0,11750,0,1,0,0,7,0,0.000285292,0,0.000295242,0
100000002592567100,peripheral,0,2,0.2211,"смешанные признаки: плательщиков 1, получателей 2, поток 53 897 KZT",1,false,false,mixed_signals,1,2,5297,48600,1,2,9.175,7,0,0.000284603,0.00000140857,0.000295242,0.000720248
100000002670860100,terminal,0.3846,5,0.2434,получено: 450 000 KZT; плательщиков: 2; исходящих: 0,1,false,false,,2,0,450000,0,2,0,0,3,0,0.000307254,0,0.00000472083,0
100000002844897100,peripheral,0,10,0.1295,"ниже порога конечного получателя: плательщиков 1 (нужно ≥ 2), получено 10 800 KZT (нужно ≥ 200 000 KZT)",1,false,false,,1,0,10800,0,1,0,0,1,0,0.00028519,0,0.0000227478,0
100000007938486100,peripheral,0,24,0.1424,"ниже порога конечного получателя: плательщиков 1 (нужно ≥ 2), получено 39 500 KZT (нужно ≥ 200 000 KZT)",1,false,false,,1,0,39500,0,1,0,0,1,0,0.000292265,0,1.94123e-12,0
100000008438656100,peripheral,0,7,0.2432,"смешанные признаки: плательщиков 2, получателей 1, поток 85 000 KZT",1,false,false,fast_transit|mixed_signals,2,1,80000,5000,2,1,0.0625,10,1,0.000295765,0,0.00340134,0.0000237776
100000008304139100,coordinator,0.7778,15,0.474,узлов сбора/раздачи за 2 шага: 50; прямых ветвей: 12; получателей: 24,1,false,false,cycle|depth_outlier,4,24,189329.75,1692997,4,43,8.9421,7,0.2819,0.000311882,0.00762871,0.00575671,0.0013103
100000002597003100,peripheral,0,6,0.1985,"смешанные признаки: плательщиков 1, получателей 1, поток 28 700 KZT",1,false,false,mixed_signals,1,1,17700,11000,1,1,0.6215,7,0,0.000287333,0,0.00215168,0.0000192202
100000002830055100,peripheral,0,24,0.1301,"ниже порога конечного получателя: плательщиков 1 (нужно ≥ 2), получено 14 000 KZT (нужно ≥ 200 000 KZT)",1,false,false,,1,0,14000,0,1,0,0,1,0,0.000286954,0,1.94123e-12,0
100000004299488100,consolidator,0.4949,9,0.3935,"плательщиков: 6, прямых seed: 1; дальше: 20% входящего",1,false,false,fast_transit|sync_inflow|cycle|depth_outlier|repeat_route,6,2,1749000,344999,22,14,0.1973,7,0.942,0.00144806,0.0046423,0.00806852,0.0000208054
100000002809568100,peripheral,0,6,0.1857,"ниже порога конечного получателя: плательщиков 1 (нужно ≥ 2), получено 10 000 KZT (нужно ≥ 200 000 KZT)",1,false,false,,1,0,10000,0,1,0,0,7,0,0.000285899,0,0.00215168,0
100000004784224100,peripheral,0,3,0.161,"смешанные признаки: плательщиков 1, получателей 1, поток 123 500 KZT",1,false,false,mixed_signals,1,1,23500,100000,2,1,4.2553,1,0,0.00030314,0,0,1.98147e-7
100000003123296100,peripheral,0,25,0.1527,"ниже порога конечного получателя: плательщиков 1 (нужно ≥ 2), получено 86 200 KZT (нужно ≥ 200 000 KZT)",1,false,false,,1,0,86200,0,2,0,0,1,0,0.000298249,0,0.0000101,0
100000004130144100,terminal,0,11,0.1624,получено: 200 000 KZT; плательщиков: 1; исходящих: 0,1,false,false,,1,0,200000,0,1,0,0,1,0,0.000295431,0,0.00000434142,0
100000001253557100,consolidator,0.8333,0,0.451,"плательщиков: 5, прямых seed: 1; дальше: 0% входящего",1,false,false,,5,0,210200,0,5,0,0,10,0,0.000349201,0,0.000041417,0
100000008767925100,peripheral,0,24,0.1325,"ниже порога конечного получателя: плательщиков 1 (нужно ≥ 2), получено 17 144 KZT (нужно ≥ 200 000 KZT)",1,false,false,,1,0,17144,0,1,0,0,1,0,0.000287609,0,1.94123e-12,0
100000007181706100,terminal,0,7,0.2519,получено: 176 272 KZT; плательщиков: 2; исходящих: 0,1,false,false,,2,0,176272,0,2,0,0,10,0,0.000317264,0,0.00336695,0
100000003366154100,peripheral,0,16,0.2659,"смешанные признаки: плательщиков 1, получателей 3, поток 414 170 KZT",1,false,false,fast_transit|mixed_signals,1,3,125000,289170,1,3,2.3134,10,1,0.000308864,0.0000535407,0.000461168,0.0000614671
100000007641183100,peripheral,0,2,0.2014,"ниже порога конечного получателя: плательщиков 1 (нужно ≥ 2), получено 28 000 KZT (нужно ≥ 200 000 KZT)",1,false,false,,1,0,28000,0,1,0,0,7,0,0.000287028,0,0.000295242,0
100000008663007100,peripheral,0,24,0.1301,"ниже порога конечного получателя: плательщиков 1 (нужно ≥ 2), получено 14 000 KZT (нужно ≥ 200 000 KZT)",1,false,false,,1,0,14000,0,1,0,0,1,0,0.000286954,0,1.94123e-12,0
100000007334196100,peripheral,0,16,0.2329,"ниже порога конечного получателя: плательщиков 1 (нужно ≥ 2), получено 150 002 KZT (нужно ≥ 200 000 KZT)",1,false,false,,1,0,150002,0,1,0,0,8,0,0.000306661,0,0.0001228,0
100000003873332100,peripheral,0,14,0.2427,"смешанные признаки: плательщиков 1, получателей 4, поток 309 468 KZT",1,false,false,mixed_signals,1,4,23468,286000,1,8,12.1868,7,0,0.000288407,0,0.00215168,0.000893559
100000001550388100,peripheral,0,6,0.2048,"ниже порога конечного получателя: плательщиков 1 (нужно ≥ 2), получено 50 000 KZT (нужно ≥ 200 000 KZT)",1,false,false,,1,0,50000,0,1,0,0,7,0,0.000293347,0,0.00215168,0
100000008718089100,peripheral,0,24,0.1313,"ниже порога конечного получателя: плательщиков 1 (нужно ≥ 2), получено 15 534 KZT (нужно ≥ 200 000 KZT)",1,false,false,,1,0,15534,0,1,0,0,1,0,0.000287273,0,1.94123e-12,0
100000008728457100,peripheral,0,16,0.2183,"ниже порога конечного получателя: плательщиков 1 (нужно ≥ 2), получено 45 000 KZT (нужно ≥ 200 000 KZT)",1,false,false,,1,0,45000,0,1,0,0,8,0,0.000290824,0,0.0001228,0
100000004206046100,peripheral,0,2,0.1904,"ниже порога конечного получателя: плательщиков 1 (нужно ≥ 2), получено 11 075 KZT (нужно ≥ 200 000 KZT)",1,false,false,,1,0,11075,0,1,0,0,7,0,0.00028522,0,0.000295242,0
100000006579678100,peripheral,0,2,0.2662,"смешанные признаки: плательщиков 2, получателей 6, поток 1 861 730 KZT",1,false,false,mixed_signals|cycle|depth_outlier,2,6,192930,1668800,2,15,8.6498,7,0.1208,0.00062161,0.0000100879,0.000297602,0.000448944
100000002988894100,peripheral,0,7,0.2629,"смешанные признаки: плательщиков 1, получателей 3, поток 383 621 KZT",1,false,false,mixed_signals,1,3,306121,77500,1,3,0.2532,10,0.3742,0.000344838,0,0.000461168,0.0000713329
100000008749406100,peripheral,0,24,0.1325,"ниже порога конечного получателя: плательщиков 1 (нужно ≥ 2), получено 17 144 KZT (нужно ≥ 200 000 KZT)",1,false,false,,1,0,17144,0,1,0,0,1,0,0.000287609,0,1.94123e-12,0
100000005584222100,peripheral,0,6,0.2402,"смешанные признаки: плательщиков 2, получателей 2, поток 301 304 KZT",1,false,false,fast_transit|mixed_signals|cycle,2,2,192717,108587,6,3,0.5635,7,0.8619,0.000868751,0,0.00216889,0.0000386386
100000003239859100,peripheral,0,25,0.1344,"ниже порога конечного получателя: плательщиков 1 (нужно ≥ 2), получено 18 600 KZT (нужно ≥ 200 000 KZT)",1,false,false,,1,0,18600,0,1,0,0,1,0,0.000287104,0,0.0000101,0
100000003980083100,peripheral,0,58,0.1938,"ниже порога конечного получателя: плательщиков 1 (нужно ≥ 2), получено 30 000 KZT (нужно ≥ 200 000 KZT)",1,false,false,,1,0,30000,0,1,0,0,1,0,0.000525469,0,0,0
100000004351795100,coordinator,0.6471,4,0.4516,узлов сбора/раздачи за 2 шага: 39; прямых ветвей: 9; получателей: 14,1,false,false,cycle|depth_outlier,3,14,118333,1715161,3,37,14.4944,7,0.3791,0.000311769,0.00277536,0.00401555,0.00242852
100000002666248100,peripheral,0,7,0.2406,"ниже порога конечного получателя: плательщиков 1 (нужно ≥ 2), получено 70 032 KZT (нужно ≥ 200 000 KZT)",1,false,false,,1,0,70032,0,1,0,0,10,0,0.000297947,0,0.000461168,0
100000005877725100,peripheral,0,24,0.1493,"ниже порога конечного получателя: плательщиков 1 (нужно ≥ 2), получено 70 000 KZT (нужно ≥ 200 000 KZT)",1,false,false,,1,0,70000,0,1,0,0,1,0,0.000298619,0,1.94123e-12,0
100000001697501100,distributor,0.6268,27,0.3366,получателей: 38; плательщиков: 3; исходящий поток: 1 482 606 KZT,1,false,false,cycle|depth_outlier,3,38,123700,1482606,3,55,11.9855,1,0.4582,0.000587937,1.22854e-12,1.20199e-11,0.000205478
100000006972210100,consolidator,0.8,10,0.4358,"плательщиков: 3, прямых seed: 3; дальше: 0% входящего",1,false,false,,3,0,488775,0,4,0,0,8,0,0.000344381,0,0.000186443,0
100000008749618100,peripheral,0,24,0.1446,"ниже порога конечного получателя: плательщиков 1 (нужно ≥ 2), получено 47 280 KZT (нужно ≥ 200 000 KZT)",1,false,false,,1,0,47280,0,1,0,0,1,0,0.000293886,0,1.94123e-12,0
100000008671026100,peripheral,0,24,0.1362,"ниже порога конечного получателя: плательщиков 1 (нужно ≥ 2), получено 23 534 KZT (нужно ≥ 200 000 KZT)",1,false,false,,1,0,23534,0,1,0,0,1,0,0.00028894,0,1.94123e-12,0
100000001696818100,peripheral,0,30,0.1482,"ниже порога конечного получателя: плательщиков 1 (нужно ≥ 2), получено 53 550 KZT (нужно ≥ 200 000 KZT)",1,false,false,,1,0,53550,0,1,0,0,1,0,0.000297218,0,0.0000678008,0
100000008679986100,peripheral,0,24,0.1337,"ниже порога конечного получателя: плательщиков 1 (нужно ≥ 2), получено 19 000 KZT (нужно ≥ 200 000 KZT)",1,false,false,,1,0,19000,0,1,0,0,1,0,0.000287995,0,1.94123e-12,0
100000003616818100,peripheral,0,42,0.1962,"смешанные признаки: плательщиков 3, получателей 3, поток 318 100 KZT",1,false,false,mixed_signals|cycle,3,3,78000,240100,4,8,3.0782,1,0,0.000509771,7.82448e-218,1.36165e-217,0.00000198147
100000004156082100,distributor,0.3975,2,0.3923,получателей: 26; плательщиков: 5; исходящий поток: 2 319 556 KZT,1,false,false,fast_transit|cycle|depth_outlier,5,26,377366.11,2319556,7,29,6.1467,7,0.959,0.00086147,0.00191438,0.00000773963,0.00204004
100000008667058100,peripheral,0,24,0.1327,"ниже порога конечного получателя: плательщиков 1 (нужно ≥ 2), получено 17 534 KZT (нужно ≥ 200 000 KZT)",1,false,false,,1,0,17534,0,1,0,0,1,0,0.00028769,0,1.94123e-12,0
100000008628231100,peripheral,0,7,0.268,"смешанные признаки: плательщиков 1, получателей 2, поток 677 870 KZT",1,false,false,mixed_signals,1,2,50000,627870,1,19,12.5574,10,0.035,0.000293968,0,0.000461168,0.0000475552
100000008749063100,peripheral,0,24,0.1337,"ниже порога конечного получателя: плательщиков 1 (нужно ≥ 2), получено 19 000 KZT (нужно ≥ 200 000 KZT)",1,false,false,,1,0,19000,0,1,0,0,1,0,0.000287995,0,1.94123e-12,0
100000004494983100,peripheral,0,24,0.141,"ниже порога конечного получателя: плательщиков 1 (нужно ≥ 2), получено 35 000 KZT (нужно ≥ 200 000 KZT)",1,false,false,,1,0,35000,0,1,0,0,1,0,0.000291328,0,1.94123e-12,0
100000007648946100,peripheral,0,15,0.213,"смешанные признаки: плательщиков 1, получателей 1, поток 44 550 KZT",1,false,false,mixed_signals,1,1,19550,25000,1,1,1.2788,7,0,0.000287677,0.0000605621,0.00215168,0.00000291309
100000003037660100,peripheral,0,7,0.2372,"ниже порога конечного получателя: плательщиков 1 (нужно ≥ 2), получено 53 000 KZT (нужно ≥ 200 000 KZT)",1,false,false,,1,0,53000,0,1,0,0,10,0,0.000294564,0,0.000461168,0
100000002679516100,consolidator,0.8333,25,0.4433,"плательщиков: 3, прямых seed: 1; дальше: 0% входящего",1,false,false,,3,0,102335,0,3,0,0,10,0,0.000324998,0,0.000155237,0
100000005588444100,peripheral,0,11,0.1293,"ниже порога конечного получателя: плательщиков 1 (нужно ≥ 2), получено 12 300 KZT (нужно ≥ 200 000 KZT)",1,false,false,,1,0,12300,0,1,0,0,1,0,0.000284738,0,0.00000434142,0
100000001307612100,peripheral,0,24,0.1421,"ниже порога конечного получателя: плательщиков 1 (нужно ≥ 2), получено 38 483 KZT (нужно ≥ 200 000 KZT)",1,false,false,,1,0,38483,0,1,0,0,1,0,0.000292054,0,1.94123e-12,0
100000003001564100,peripheral,0,2,0.2251,"смешанные признаки: плательщиков 1, получателей 1, поток 203 520 KZT",1,false,false,mixed_signals,1,1,23520,180000,1,1,7.6531,7,0,0.000286549,0,0.000295242,0.0000192202
100000002762076100,peripheral,0,11,0.1705,"смешанные признаки: плательщиков 2, получателей 1, поток 170 350 KZT",1,false,false,mixed_signals,2,1,140350,30000,2,1,0.2138,2,0,0.000297525,0,0.0000144414,3.96294e-7
100000005514161100,consolidator,0.6188,10,0.4133,"плательщиков: 4, прямых seed: 1; дальше: 12% входящего",1,false,false,,4,1,401500,50000,7,1,0.1245,9,0,0.000801182,0,0.00000445677,0.000040422
100000008746673100,peripheral,0,24,0.1459,"ниже порога конечного получателя: плательщиков 1 (нужно ≥ 2), получено 53 048 KZT (нужно ≥ 200 000 KZT)",1,false,false,,1,0,53048,0,1,0,0,1,0,0.000295088,0,1.94123e-12,0
100000003265158100,transit,0.9446,25,0.4412,передаёт 106% входящего; 100% исходящих — за 2 дня,1,false,false,fast_transit,3,2,146100.4,154200,3,4,1.0554,9,1,0.000382469,0,0.0000194706,0.000176549
100000001567366100,terminal,0.6094,2,0.327,получено: 824 070 KZT; плательщиков: 1; исходящих: 0,1,false,false,,1,0,824070,0,4,0,0,7,0,0.000372057,0,0.000295242,0
100000008777088100,peripheral,0,24,0.133,"ниже порога конечного получателя: плательщиков 1 (нужно ≥ 2), получено 18 000 KZT (нужно ≥ 200 000 KZT)",1,false,false,,1,0,18000,0,1,0,0,1,0,0.000287787,0,1.94123e-12,0
100000002589019100,peripheral,0,25,0.1418,"ниже порога конечного получателя: плательщиков 1 (нужно ≥ 2), получено 34 710 KZT (нужно ≥ 200 000 KZT)",1,false,false,,1,0,34710,0,1,0,0,1,0,0.00028976,0,0.0000101,0
100000008666075100,peripheral,0,24,0.1375,"ниже порога конечного получателя: плательщиков 1 (нужно ≥ 2), получено 26 217 KZT (нужно ≥ 200 000 KZT)",1,false,false,,1,0,26217,0,1,0,0,1,0,0.000289498,0,1.94123e-12,0
100000008137435100,peripheral,0,6,0.2504,"смешанные признаки: плательщиков 2, получателей 6, поток 1 513 606 KZT",1,false,false,mixed_signals|cycle|depth_outlier,2,6,93906,1419700,2,7,15.1183,7,0.2944,0.000312531,0.00493174,0.0027945,0.000298409
100000004403675100,peripheral,0.0588,26,0.3388,"смешанные признаки: плательщиков 4, получателей 5, поток 447 679 KZT",1,false,false,fast_transit|mixed_signals|cycle,4,5,182980,264699,8,6,1.4466,7,0.5402,0.000734868,0.000100619,0.00221642,0.00278767
100000004677680100,peripheral,0,16,0.2572,"смешанные признаки: плательщиков 2, получателей 1, поток 231 000 KZT",1,false,false,fast_transit|mixed_signals|cycle,2,1,63000,168000,2,3,2.6667,8,0.9107,0.00108807,0,0.000123789,0.0000412145
100000005958064100,peripheral,0,8,0.2189,"смешанные признаки: плательщиков 1, получателей 2, поток 169 733 KZT",1,false,false,mixed_signals,1,2,5746,163986.84,1,3,28.5393,7,0,0.000284651,2.74839e-8,0.000295242,0.0000251282
100000002881669100,peripheral,0,25,0.1344,"ниже порога конечного получателя: плательщиков 1 (нужно ≥ 2), получено 18 600 KZT (нужно ≥ 200 000 KZT)",1,false,false,,1,0,18600,0,1,0,0,1,0,0.000287104,0,0.0000101,0
100000002938501100,peripheral,0,2,0.193,"смешанные признаки: плательщиков 1, получателей 1, поток 13 395 KZT",1,false,false,mixed_signals,1,1,8395,5000,1,1,0.5956,7,0,0.000284934,0.00000119769,0.000295242,0.0000179439
100000006734554100,peripheral,0,60,0.1425,"смешанные признаки: плательщиков 1, получателей 1, поток 41 500 KZT",1,false,false,mixed_signals,1,1,16500,25000,1,1,1.5152,1,0,0.000310181,0,5e-324,5.94441e-7
100000008003034100,peripheral,0,2,0.2542,"смешанные признаки: плательщиков 1, получателей 4, поток 147 201 KZT",1,false,false,mixed_signals|cycle,1,4,12201,135000,1,4,11.0647,7,0.3593,0.00028534,0.0000914438,0.000295242,0.00199314
100000003970394100,peripheral,0,25,0.1525,"ниже порога конечного получателя: плательщиков 1 (нужно ≥ 2), получено 85 000 KZT (нужно ≥ 200 000 KZT)",1,false,false,,1,0,85000,0,1,0,0,1,0,0.000298051,0,0.0000101,0
100000003205210100,peripheral,0,7,0.2488,"ниже порога конечного получателя: плательщиков 1 (нужно ≥ 2), получено 137 563 KZT (нужно ≥ 200 000 KZT)",1,false,false,,1,0,137563,0,1,0,0,10,0,0.000311359,0,0.000461168,0
100000004559194100,terminal,0.1704,2,0.2527,получено: 282 145 KZT; плательщиков: 1; исходящих: 0,1,false,false,,1,0,282145,0,6,0,0,7,0,0.000314173,0,0.000295242,0
100000008173359100,peripheral,0,2,0.1834,"ниже порога конечного получателя: плательщиков 1 (нужно ≥ 2), получено 6 110 KZT (нужно ≥ 200 000 KZT)",1,false,false,,1,0,6110,0,1,0,0,7,0,0.00028469,0,0.000295242,0
100000007953156100,peripheral,0,8,0.2121,"смешанные признаки: плательщиков 1, получателей 1, поток 28 000 KZT",2,false,false,mixed_signals,1,1,18000,10000,1,1,0.5556,8,0,0.000474584,0,0,0.0000198147
100000002224132100,peripheral,0.0588,3,0.3713,"смешанные признаки: плательщиков 5, получателей 4, поток 16 066 020 KZT",2,false,false,fast_transit|mixed_signals|cycle|burst|depth_outlier|repeat_route,5,4,3951020,12115000,10,25,3.0663,2,0.7268,0.00633845,7.4396e-302,1.31342e-301,0.00000624163
100000008547844100,distributor,0.3722,0,0.3742,получателей: 19; плательщиков: 3; исходящий поток: 2 042 199 KZT,2,false,false,cycle|depth_outlier,3,19,177600,2042199,3,21,11.4989,8,0.4073,0.00034246,0.000014019,0.00000328275,0.00178761
100000002635780100,peripheral,0,11,0.246,"ниже порога конечного получателя: плательщиков 1 (нужно ≥ 2), получено 163 000 KZT (нужно ≥ 200 000 KZT)",2,false,false,,1,0,163000.02,0,1,0,0,9,0,0.000552044,0,0,0
100000001279875100,peripheral,0,10,0.1477,"ниже порога конечного получателя: плательщиков 1 (нужно ≥ 2), получено 49 235 KZT (нужно ≥ 200 000 KZT)",2,false,false,,1,0,49235,0,1,0,0,1,0,0.000301625,0,4.08825e-8,0
100000001961048100,peripheral,0,5,0.2174,"ниже порога конечного получателя: плательщиков 1 (нужно ≥ 2), получено 150 000 KZT (нужно ≥ 200 000 KZT)",2,false,false,,1,0,150000,0,1,0,0,7,0,0.000302606,0,3.87669e-7,0
100000000993112100,peripheral,0,30,0.233,"ниже порога конечного получателя: плательщиков 1 (нужно ≥ 2), получено 141 000 KZT (нужно ≥ 200 000 KZT)",2,false,false,,1,0,141000,0,1,0,0,8,0,0.000438496,0,2.82283e-293,0
100000005547096100,peripheral,0,45,0.1765,"смешанные признаки: плательщиков 1, получателей 2, поток 234 300 KZT",2,false,false,mixed_signals|cycle,1,2,8000,226300,1,3,28.2875,1,0,0.000885873,0,0,3.96294e-7
100000000331309100,distributor,0.7961,1,0.5458,получателей: 99; плательщиков: 5; исходящий поток: 23 001 375 KZT,2,false,false,sync_inflow|cycle|burst|depth_outlier|repeat_route,5,99,984635,23001375,8,126,23.3603,7,0.3584,0.000869742,0.157769,0.000227847,0.00455723
100000006684930100,peripheral,0,7,0.2177,"ниже порога конечного получателя: плательщиков 1 (нужно ≥ 2), получено 10 000 KZT (нужно ≥ 200 000 KZT)",2,false,false,,1,0,10000,0,1,0,0,10,0,0.00029709,0,4.87648e-8,0
100000004479404100,peripheral,0,4,0.2636,"смешанные признаки: плательщиков 2, получателей 1, поток 1 792 000 KZT",2,false,false,mixed_signals|cycle,2,1,1492000,300000,8,2,0.2011,7,0,0.000859738,0,0.0000935212,0.0000961012
100000004134060100,peripheral,0,0,0.2223,"ниже порога конечного получателя: плательщиков 1 (нужно ≥ 2), получено 88 179 KZT (нужно ≥ 200 000 KZT)",2,false,false,,1,0,88179,0,1,0,0,8,0,0.000326196,0,5.70424e-8,0
100000001083990100,peripheral,0,25,0.221,"ниже порога конечного получателя: плательщиков 1 (нужно ≥ 2), получено 49 900 KZT (нужно ≥ 200 000 KZT)",2,false,false,,1,0,49900,0,2,0,0,8,0,0.000499146,0,0,0
100000004573782100,peripheral,0,11,0.1322,"ниже порога конечного получателя: плательщиков 1 (нужно ≥ 2), получено 15 000 KZT (нужно ≥ 200 000 KZT)",2,false,false,,1,0,15000,0,1,0,0,1,0,0.000308176,0,1.0394e-293,0
100000005660203100,peripheral,0,2,0.2536,"смешанные признаки: плательщиков 1, получателей 2, поток 613 899 KZT",2,false,false,fast_transit|mixed_signals|cycle,1,2,572899,41000,12,5,0.0716,7,1,0.00094135,0.000143118,0,0.0000194184
100000008771627100,peripheral,0,27,0.1312,"ниже порога конечного получателя: плательщиков 1 (нужно ≥ 2), получено 16 500 KZT (нужно ≥ 200 000 KZT)",2,false,false,,1,0,16500,0,1,0,0,1,0,0.000289599,0,2.48392e-14,0
100000000031787100,transit,0.8889,11,0.3421,передаёт 100% входящего; 44% исходящих — за 2 дня,2,false,false,cycle,1,2,90000,90000,2,4,1,1,0.4444,0.000428872,0.0000018776,1.0394e-293,3.96294e-7
100000001346560100,peripheral,0,12,0.2464,"смешанные признаки: плательщиков 2, получателей 1, поток 32 200 KZT",2,false,false,fast_transit|mixed_signals,2,1,10000,22200,2,1,2.22,11,1,0.000582978,0,2.39405e-308,0.0000257591
100000001703168100,peripheral,0,15,0.2264,"смешанные признаки: плательщиков 1, получателей 1, поток 135 000 KZT",2,false,false,fast_transit|mixed_signals,1,1,45000,90000,1,1,2,7,1,0.000291084,0,0.000142168,0.0000192202
100000004904960100,terminal,0,9,0.2404,получено: 32 000 KZT; плательщиков: 2; исходящих: 0,2,false,false,,2,0,32000,0,2,0,0,10,0,0.000773056,0,0,0
100000004467157100,peripheral,0,23,0.1992,"смешанные признаки: плательщиков 1, получателей 1, поток 27 000 KZT",2,false,false,mixed_signals|cycle,1,1,20000,7000,3,1,0.35,7,0,0.000384182,0.000930695,3.64959e-9,0
100000008346837100,distributor,0.2406,4,0.4566,получателей: 25; плательщиков: 9; исходящий поток: 1 258 643 KZT,2,false,false,fast_transit|sync_inflow|cycle,9,25,254359,1258643,12,26,4.9483,7,0.8516,0.000544059,0.0139226,0.000207906,0.00898116
100000006385877100,peripheral,0,10,0.1997,"смешанные признаки: плательщиков 1, получателей 1, поток 90 310 KZT",2,false,false,mixed_signals|cycle,1,1,53706.62,36602.93,5,5,0.6815,1,0.3033,0.00219487,0.00000983875,0,0
100000002459093100,peripheral,0,10,0.1783,"смешанные признаки: плательщиков 1, получателей 1, поток 555 000 KZT",2,false,false,mixed_signals,1,1,500000,55000,2,3,0.11,1,0,0.000387035,0,4.28283e-7,0.00000118888
100000005053653100,peripheral,0,4,0.2139,"смешанные признаки: плательщиков 2, получателей 1, поток 88 073 KZT",2,false,false,mixed_signals,2,1,63073,25000,2,1,0.3964,7,0,0.000311872,0,0.000418941,0.0000192202
100000001557930100,peripheral,0,19,0.1399,"ниже порога конечного получателя: плательщиков 1 (нужно ≥ 2), получено 34 610 KZT (нужно ≥ 200 000 KZT)",2,false,false,,1,0,34610,0,1,0,0,1,0,0.000290553,0,0.0000287214,0
100000002820010100,peripheral,0,19,0.1382,"ниже порога конечного получателя: плательщиков 1 (нужно ≥ 2), получено 30 000 KZT (нужно ≥ 200 000 KZT)",2,false,false,,1,0,30000,0,1,0,0,1,0,0.000289685,0,0.0000287214,0
100000000769919100,terminal,0.1111,40,0.2222,получено: 250 000 KZT; плательщиков: 1; исходящих: 0,2,false,false,,1,0,250000,0,1,0,0,1,0,0.000730686,0,0,0
100000003188607100,peripheral,0,11,0.1373,"смешанные признаки: плательщиков 1, получателей 1, поток 23 000 KZT",2,false,false,mixed_signals,1,1,18000,5000,1,1,0.2778,1,0,0.000313004,0,1.0394e-293,5.94441e-7
100000002836052100,peripheral,0,12,0.2304,"ниже порога конечного получателя: плательщиков 1 (нужно ≥ 2), получено 15 000 KZT (нужно ≥ 200 000 KZT)",2,false,false,,1,0,15000,0,1,0,0,11,0,0.000303982,0,2.00745e-308,0
100000001102676100,transit,1,30,0.4263,передаёт 100% входящего; 100% исходящих — за 2 дня,2,false,false,fast_transit,1,1,50000,50000,1,1,1,8,1,0.000311315,0.000576177,1.43156e-282,0.0000239758
100000003390036100,peripheral,0,4,0.2927,"смешанные признаки: плательщиков 2, получателей 2, поток 293 300 KZT",2,false,false,mixed_signals|cycle,2,2,231300,62000,4,2,0.2681,11,0.1613,0.00131175,0,0.0000403786,0.000078268
100000008335401100,peripheral,0,11,0.245,"ниже порога конечного получателя: плательщиков 1 (нужно ≥ 2), получено 150 000 KZT (нужно ≥ 200 000 KZT)",2,false,false,split,1,0,150000,0,3,0,0,9,0,0.000547881,0,0,0
100000006994985100,peripheral,0,10,0.2148,"смешанные признаки: плательщиков 1, получателей 1, поток 58 700 KZT",2,false,false,fast_transit|mixed_signals|repeat_route,1,1,48500,10200,2,2,0.2103,7,1,0.000498323,0,2.35251e-7,0.0000196165
100000008356606100,terminal,0,2,0.2305,получено: 168 500 KZT; плательщиков: 2; исходящих: 0,2,false,false,,2,0,168500,0,2,0,0,7,0,0.000623003,0,0.00000171777,0
100000007930878100,peripheral,0,64,0.1216,"ниже порога конечного получателя: плательщиков 1 (нужно ≥ 2), получено 5 000 KZT (нужно ≥ 200 000 KZT)",2,false,false,,1,0,5000,0,1,0,0,1,0,0.000480333,0,0,0
100000008389800100,peripheral,0.1111,2,0.245,"смешанные признаки: плательщиков 3, получателей 7, поток 590 620 KZT",2,false,false,fast_transit|mixed_signals|cycle,3,7,189000,401620,3,8,2.125,7,0.5363,0.000502011,0.000543229,0.00000258281,0.00015931
100000005474472100,peripheral,0,3,0.1642,"ниже порога конечного получателя: плательщиков 1 (нужно ≥ 2), получено 100 000 KZT (нужно ≥ 200 000 KZT)",2,false,false,,1,0,100000,0,1,0,0,1,0,0.000541707,0,0,0
100000004486525100,peripheral,0.1111,4,0.2484,"смешанные признаки: плательщиков 8, получателей 2, поток 631 969 KZT",2,false,false,fast_transit|mixed_signals|sync_inflow,8,2,360924,271045,21,3,0.751,7,1,0.000800809,0.000464871,0.000301757,0.00000475552
100000003031890100,terminal,0.0361,35,0.1687,получено: 215 000 KZT; плательщиков: 1; исходящих: 0,2,false,false,,1,0,215000,0,10,0,0,1,0,0.000389789,0,3.83454e-218,0
100000008624978100,peripheral,0,0,0.225,"ниже порога конечного получателя: плательщиков 1 (нужно ≥ 2), получено 109 000 KZT (нужно ≥ 200 000 KZT)",2,false,false,,1,0,109000,0,1,0,0,8,0,0.00033615,0,5.70424e-8,0
100000000790311100,peripheral,0,2,0.2076,"ниже порога конечного получателя: плательщиков 1 (нужно ≥ 2), получено 46 300 KZT (нужно ≥ 200 000 KZT)",2,false,false,,1,0,46300,0,1,0,0,7,0,0.000298654,0,0.0000356763,0
100000008546855100,consolidator,0.5599,14,0.3727,"плательщиков: 6, прямых seed: 0; дальше: 14% входящего",2,false,false,fast_transit|sync_inflow|cycle,6,2,71790,10000,8,2,0.1393,7,1,0.0014141,0,0.000207142,0.0000588496
100000002863356100,peripheral,0,27,0.1475,"смешанные признаки: плательщиков 1, получателей 1, поток 65 000 KZT",2,false,false,mixed_signals,1,1,45000,20000,1,1,0.4444,1,0,0.000299206,0,2.48392e-14,0.00000138703
100000000332284100,peripheral,0.2381,4,0.2426,"смешанные признаки: плательщиков 10, получателей 3, поток 396 926 KZT",2,false,false,fast_transit|mixed_signals|sync_inflow|burst,10,3,107426,289500,12,3,2.6949,7,1,0.00071272,0.001282,0.000356529,0.000109137
100000002605308100,consolidator,0.8462,8,0.5055,"плательщиков: 3, прямых seed: 0; дальше: 0% входящего",2,false,false,split|depth_outlier,3,0,2569521.84,0,7,0,0,11,0,0.000878127,0,6.40607e-8,0
100000005931985100,peripheral,0,10,0.1531,"ниже порога конечного получателя: плательщиков 1 (нужно ≥ 2), получено 76 000 KZT (нужно ≥ 200 000 KZT)",2,false,false,,1,0,76000,0,1,0,0,1,0,0.000311186,0,4.08825e-8,0
100000001166289100,peripheral,0,27,0.2192,"смешанные признаки: плательщиков 2, получателей 1, поток 746 039 KZT",2,false,false,fast_transit|mixed_signals|cycle,2,1,721039,25000,10,1,0.0347,1,1,0.00211624,1.07573e-14,2.50567e-14,0
100000008477350100,distributor,0.3824,9,0.4013,получателей: 39; плательщиков: 11; исходящий поток: 3 374 866 KZT,2,false,false,fast_transit|cycle|depth_outlier,11,39,610100,3374866,14,44,5.5317,7,0.5699,0.00102728,0.0610598,0.000552934,0.00251719
100000003824464100,terminal,0,6,0.2218,получено: 200 000 KZT; плательщиков: 1; исходящих: 0,2,false,false,,1,0,200000,0,1,0,0,7,0,0.000321461,0,0.0000919076,0
100000002738256100,transit,0.8349,41,0.3383,передаёт 117% входящего; 100% исходящих — за 2 дня,2,false,false,fast_transit|cycle,1,1,150200,175000,1,1,1.1651,1,1,0.000506253,0,0,0
100000001857829100,distributor,0.1315,12,0.3235,получателей: 16; плательщиков: 6; исходящий поток: 2 390 993 KZT,2,false,false,fast_transit|split|sync_inflow|cycle|depth_outlier,6,16,888535,2390993,9,16,2.6909,7,0.8155,0.000616547,0.00699081,0.00203776,0.0019596
100000008672762100,peripheral,0,27,0.1283,"ниже порога конечного получателя: плательщиков 1 (нужно ≥ 2), получено 13 000 KZT (нужно ≥ 200 000 KZT)",2,false,false,,1,0,13000,0,1,0,0,1,0,0.000288419,0,2.48392e-14,0
100000001737722100,peripheral,0,30,0.2201,"ниже порога конечного получателя: плательщиков 1 (нужно ≥ 2), получено 60 460 KZT (нужно ≥ 200 000 KZT)",2,false,false,,1,0,60460,0,1,0,0,8,0,0.000317021,0,1.43156e-282,0
100000005572303100,peripheral,0,2,0.217,"смешанные признаки: плательщиков 1, получателей 1, поток 95 000 KZT",2,false,false,mixed_signals,1,1,75000,20000,1,1,0.2667,7,0,0.000311561,0,0.00000260364,0.0000384405
100000008733049100,peripheral,0,2,0.1893,"ниже порога конечного получателя: плательщиков 1 (нужно ≥ 2), получено 10 000 KZT (нужно ≥ 200 000 KZT)",2,false,false,,1,0,10000,0,1,0,0,7,0,0.000287194,0,0.0000356763,0
100000000850297100,transit,1,10,0.3435,передаёт 100% входящего; 100% исходящих — за 2 дня,2,false,false,fast_transit|cycle,1,1,17520,17520,1,1,1,1,1,0.000292324,0.00000975946,0.0000232281,0
100000005140601100,peripheral,0,6,0.2842,"смешанные признаки: плательщиков 3, получателей 2, поток 247 985 KZT",2,false,false,fast_transit|mixed_signals|cycle,3,2,52685,195300,4,5,3.7069,7,0.9744,0.00283693,0.00162446,0.00163027,0.0000196165
100000004410489100,peripheral,0,4,0.2078,"ниже порога конечного получателя: плательщиков 1 (нужно ≥ 2), получено 54 000 KZT (нужно ≥ 200 000 KZT)",2,false,false,,1,0,54000,0,1,0,0,7,0,0.000312496,0,0.000159481,0
100000006852430100,peripheral,0,16,0.2518,"ниже порога конечного получателя: плательщиков 1 (нужно ≥ 2), получено 37 000 KZT (нужно ≥ 200 000 KZT)",2,false,false,,1,0,37000,0,1,0,0,11,0,0.000533021,0,0,0
100000003166755100,peripheral,0,15,0.2057,"ниже порога конечного получателя: плательщиков 1 (нужно ≥ 2), получено 24 010 KZT (нужно ≥ 200 000 KZT)",2,false,false,,1,0,24010,0,1,0,0,7,0,0.000287797,0,0.000142168,0
100000008258083100,peripheral,0,5,0.2779,"смешанные признаки: плательщиков 2, получателей 2, поток 5 195 150 KZT",2,false,false,fast_transit|mixed_signals|cycle|depth_outlier,2,2,3149500,2045650,13,6,0.6495,7,0.7647,0.00104111,0.0000194645,0.0000453937,0.0000776736
100000003054328100,peripheral,0,10,0.1711,"смешанные признаки: плательщиков 1, получателей 2, поток 333 720 KZT",2,false,false,fast_transit|mixed_signals,1,2,140000,193720,1,2,1.3837,1,0.9639,0.000334048,0,4.08825e-8,7.92587e-7
100000008473207100,terminal,0.005,12,0.2675,получено: 202 000 KZT; плательщиков: 1; исходящих: 0,2,false,false,,1,0,202000,0,4,0,0,11,0,0.000552632,0,2.00745e-308,0
100000008104567100,peripheral,0,10,0.2547,"смешанные признаки: плательщиков 3, получателей 3, поток 93 550 KZT",2,false,false,mixed_signals|cycle,3,3,53550,40000,3,4,0.747,7,0.3,0.000534881,0.00000122321,0.0000283259,0.00202602
100000002721825100,peripheral,0,6,0.1926,"ниже порога конечного получателя: плательщиков 1 (нужно ≥ 2), получено 11 000 KZT (нужно ≥ 200 000 KZT)",2,false,false,,1,0,11000,0,1,0,0,7,0,0.00052827,0,0,0
100000003509750100,transit,0.9017,19,0.3711,передаёт 95% входящего; 74% исходящих — за 2 дня,2,false,false,fast_transit|cycle,3,3,82290,78400,4,5,0.9527,1,0.7449,0.00167474,0,0.0000291844,0.00000198147
100000007322059100,peripheral,0,30,0.2274,"смешанные признаки: плательщиков 2, получателей 1, поток 51 500 KZT",2,false,false,fast_transit|mixed_signals|cycle,2,1,29000,22500,2,2,0.7759,8,0.6889,0.000674824,0,3.36646e-293,0.0000400257
100000004441291100,peripheral,0,7,0.2317,"ниже порога конечного получателя: плательщиков 1 (нужно ≥ 2), получено 20 000 KZT (нужно ≥ 200 000 KZT)",2,false,false,,1,0,20000,0,1,0,0,10,0,0.000545534,0,0,0
100000006122699100,terminal,0,2,0.2099,получено: 45 865 KZT; плательщиков: 2; исходящих: 0,2,false,false,,2,0,45865,0,2,0,0,7,0,0.000402355,0,0.0000074033,0
100000008254069100,peripheral,0,26,0.2788,"смешанные признаки: плательщиков 1, получателей 5, поток 117 700 KZT",2,false,false,mixed_signals|cycle,1,5,10200,107500,2,6,10.5392,8,0.093,0.000340569,0.0000552894,0,0.0000935121
100000003336565100,peripheral,0,27,0.1312,"ниже порога конечного получателя: плательщиков 1 (нужно ≥ 2), получено 16 550 KZT (нужно ≥ 200 000 KZT)",2,false,false,,1,0,16550,0,1,0,0,1,0,0.000289616,0,2.48392e-14,0
100000002492277100,peripheral,0,15,0.2268,"ниже порога конечного получателя: плательщиков 1 (нужно ≥ 2), получено 138 500 KZT (нужно ≥ 200 000 KZT)",2,false,false,,1,0,138500,0,1,0,0,7,0,0.000305724,0,0.000142168,0
100000001339466100,peripheral,0,4,0.2206,"ниже порога конечного получателя: плательщиков 1 (нужно ≥ 2), получено 30 000 KZT (нужно ≥ 200 000 KZT)",2,false,false,,1,0,30000,0,1,0,0,9,0,0.00030223,0,0.000142767,0
100000005022964100,peripheral,0,7,0.2265,"ниже порога конечного получателя: плательщиков 1 (нужно ≥ 2), получено 20 000 KZT (нужно ≥ 200 000 KZT)",2,false,false,,1,0,20000,0,1,0,0,10,0,0.000325554,0,0,0
100000003112436100,peripheral,0,17,0.2126,"ниже порога конечного получателя: плательщиков 1 (нужно ≥ 2), получено 100 000 KZT (нужно ≥ 200 000 KZT)",2,false,false,,1,0,100000,0,1,0,0,7,0,0.000300488,0,0.00000404076,0
100000000489417100,transit,0.9116,15,0.4163,передаёт 109% входящего; 100% исходящих — за 2 дня,2,false,false,fast_transit,3,1,73504,80000,3,1,1.0884,7,1,0.000548475,0.00137273,0.00014229,0.0000140455
100000002217161100,peripheral,0.0588,31,0.2601,"смешанные признаки: плательщиков 2, получателей 7, поток 1 399 882 KZT",2,false,false,fast_transit|mixed_signals|cycle,2,7,404750,995132,15,19,2.4586,7,0.9498,0.000884121,1.31163e-295,0.0000521349,0.000155149
100000002469065100,terminal,0,17,0.2212,получено: 200 000 KZT; плательщиков: 1; исходящих: 0,2,false,false,,1,0,200000,0,1,0,0,7,0,0.000316938,0,0.00000404076,0
100000007337374100,peripheral,0,27,0.1334,"ниже порога конечного получателя: плательщиков 1 (нужно ≥ 2), получено 20 000 KZT (нужно ≥ 200 000 KZT)",2,false,false,,1,0,20000,0,2,0,0,1,0,0.000290779,0,2.48392e-14,0
100000003249054100,consolidator,0.5465,4,0.3499,"плательщиков: 7, прямых seed: 0; дальше: 15% входящего",2,false,false,,7,1,99700,15000,11,1,0.1505,7,0,0.000428938,0,0.000381854,0.0000396294
100000003024542100,peripheral,0,7,0.2162,"ниже порога конечного получателя: плательщиков 1 (нужно ≥ 2), получено 8 500 KZT (нужно ≥ 200 000 KZT)",2,false,false,,1,0,8500,0,1,0,0,10,0,0.000316185,0,0,0
100000002718366100,consolidator,0.8182,0,0.4744,"плательщиков: 6, прямых seed: 0; дальше: 0% входящего",2,false,false,sync_inflow|depth_outlier,6,0,2525000,0,10,0,0,9,0,0.000677485,0,0.00000793228,0
100000005059998100,peripheral,0,4,0.1944,"ниже порога конечного получателя: плательщиков 1 (нужно ≥ 2), получено 18 000 KZT (нужно ≥ 200 000 KZT)",2,false,false,,1,0,18000,0,1,0,0,7,0,0.000294318,0,0.0000531019,0
100000004071070100,peripheral,0,6,0.2251,"смешанные признаки: плательщиков 2, получателей 1, поток 47 000 KZT",2,false,false,fast_transit|mixed_signals|cycle,2,1,41000,6000,5,1,0.1463,7,1,0.00118241,0.00394259,0.000647997,0
100000001584286100,terminal,0.5739,5,0.3257,получено: 738 699 KZT; плательщиков: 2; исходящих: 0,2,false,false,,2,0,738699,0,3,0,0,8,0,0.000326621,0,7.67082e-7,0
100000008701256100,peripheral,0,15,0.2165,"ниже порога конечного получателя: плательщиков 1 (нужно ≥ 2), получено 58 250 KZT (нужно ≥ 200 000 KZT)",2,false,false,,1,0,58250,0,1,0,0,7,0,0.000302089,0,0.0000484058,0
100000001490461100,peripheral,0,11,0.2188,"смешанные признаки: плательщиков 1, получателей 1, поток 25 000 KZT",2,false,false,mixed_signals,1,1,20000,5000,1,1,0.25,9,0,0.000319216,0,0,0.0000219943
100000008531186100,peripheral,0,4,0.2388,"ниже порога конечного получателя: плательщиков 1 (нужно ≥ 2), получено 125 000 KZT (нужно ≥ 200 000 KZT)",2,false,false,,1,0,125000,0,1,0,0,9,0,0.00035984,0,0.000142767,0
100000004765639100,peripheral,0,17,0.1924,"смешанные признаки: плательщиков 1, получателей 2, поток 16 000 KZT",2,false,false,fast_transit|mixed_signals|cycle,1,2,5000,11000,1,2,2.2,7,0.5455,0.000359595,0.000938196,1.42064e-7,0
100000002983879100,terminal,0.0001,4,0.2443,получено: 200 050 KZT; плательщиков: 2; исходящих: 0,2,false,false,,2,0,200050,0,2,0,0,9,0,0.000355993,0,0.00308294,0
100000008734364100,peripheral,0,27,0.1367,"ниже порога конечного получателя: плательщиков 1 (нужно ≥ 2), получено 26 200 KZT (нужно ≥ 200 000 KZT)",2,false,false,,1,0,26200,0,1,0,0,1,0,0.000292869,0,2.48392e-14,0
100000003192220100,peripheral,0,2,0.2154,"ниже порога конечного получателя: плательщиков 1 (нужно ≥ 2), получено 60 000 KZT (нужно ≥ 200 000 KZT)",2,false,false,,1,0,60000,0,2,0,0,7,0,0.000499874,0,0,0
100000008060273100,peripheral,0,12,0.2254,"ниже порога конечного получателя: плательщиков 1 (нужно ≥ 2), получено 10 000 KZT (нужно ≥ 200 000 KZT)",2,false,false,,1,0,10000,0,2,0,0,11,0,0.000297334,0,2.00745e-308,0
100000008205937100,peripheral,0,7,0.2332,"ниже порога конечного получателя: плательщиков 1 (нужно ≥ 2), получено 35 000 KZT (нужно ≥ 200 000 KZT)",2,false,false,,1,0,35000,0,3,0,0,10,0,0.000329722,0,4.87648e-8,0
100000005507142100,peripheral,0,30,0.1666,"смешанные признаки: плательщиков 3, получателей 3, поток 151 000 KZT",2,false,false,mixed_signals|cycle,3,3,51000,100000,3,4,1.9608,1,0,0.000555533,0,0,0.00000455738
100000005539910100,peripheral,0,7,0.2528,"смешанные признаки: плательщиков 1, получателей 2, поток 124 000 KZT",2,false,false,mixed_signals,1,2,102000,22000,1,2,0.2157,10,0,0.00049577,0,0,0.0000479515
100000002459163100,peripheral,0,32,0.1602,"ниже порога конечного получателя: плательщиков 1 (нужно ≥ 2), получено 20 180 KZT (нужно ≥ 200 000 KZT)",2,false,false,,1,0,20180,0,1,0,0,1,0,0.000362649,0,0,0
100000004666651100,terminal,0.3643,7,0.3157,получено: 429 250 KZT; плательщиков: 1; исходящих: 0,2,false,false,,1,0,429250,0,1,0,0,10,0,0.000454866,0,0,0
100000003927792100,peripheral,0,2,0.1925,"ниже порога конечного получателя: плательщиков 1 (нужно ≥ 2), получено 13 067 KZT (нужно ≥ 200 000 KZT)",2,false,false,,1,0,13067,0,1,0,0,7,0,0.000288162,0,0.0000356763,0
100000000607941100,peripheral,0,2,0.2263,"смешанные признаки: плательщиков 2, получателей 1, поток 120 000 KZT",2,false,false,mixed_signals|cycle|repeat_route,2,1,50000,70000,3,4,1.4,7,0.2857,0.000574373,0,0.0000026248,0.0000576607
100000004158362100,peripheral,0,4,0.1896,"ниже порога конечного получателя: плательщиков 1 (нужно ≥ 2), получено 12 000 KZT (нужно ≥ 200 000 KZT)",2,false,false,,1,0,12000,0,1,0,0,7,0,0.000289811,0,0.0000927551,0
100000005664922100,peripheral,0,3,0.1907,"смешанные признаки: плательщиков 2, получателей 3, поток 559 000 KZT",2,false,false,mixed_signals|cycle,2,3,22000,537000,2,4,24.4091,1,0,0.00080096,8.03072e-302,0,0.00000396294
100000007594394100,peripheral,0,14,0.2805,"смешанные признаки: плательщиков 6, получателей 1, поток 3 771 697 KZT",2,false,false,mixed_signals|cycle|depth_outlier,6,1,395385,3376312,6,40,8.5393,9,0.4527,0.000403153,0.00126142,0.00440882,0.0000361995
100000000979567100,peripheral,0,62,0.1309,"ниже порога конечного получателя: плательщиков 1 (нужно ≥ 2), получено 10 000 KZT (нужно ≥ 200 000 KZT)",2,false,false,,1,0,10000,0,1,0,0,1,0,0.000527594,0,0,0
100000002831727100,peripheral,0,14,0.2126,"смешанные признаки: плательщиков 1, получателей 1, поток 83 000 KZT",2,false,false,mixed_signals,1,1,6000,77000,1,3,12.8333,7,0.1299,0.00028918,0,0,0.0000192202
100000003062895100,terminal,0.2431,16,0.2879,получено: 328 444 KZT; плательщиков: 2; исходящих: 0,2,false,false,,2,0,328444,0,2,0,0,9,0,0.000405309,0,0.000115952,0
100000008376089100,peripheral,0,5,0.2162,"ниже порога конечного получателя: плательщиков 1 (нужно ≥ 2), получено 135 000 KZT (нужно ≥ 200 000 KZT)",2,false,false,,1,0,135000,0,1,0,0,7,0,0.000300749,0,3.87669e-7,0
100000003219438100,peripheral,0,23,0.2026,"ниже порога конечного получателя: плательщиков 1 (нужно ≥ 2), получено 32 000 KZT (нужно ≥ 200 000 KZT)",2,false,false,,1,0,32000,0,1,0,0,7,0,0.000444269,0,3.64959e-9,0
100000000967918100,peripheral,0,6,0.1991,"ниже порога конечного получателя: плательщиков 1 (нужно ≥ 2), получено 21 200 KZT (нужно ≥ 200 000 KZT)",2,false,false,,1,0,21200,0,3,0,0,7,0,0.000476435,0,0,0
100000003254723100,terminal,0.1487,15,0.2903,получено: 269 850 KZT; плательщиков: 1; исходящих: 0,2,false,false,,1,0,269850,0,6,0,0,10,0,0.00052684,0,3.4611e-10,0
100000003823811100,peripheral,0,26,0.2672,"смешанные признаки: плательщиков 1, получателей 3, поток 96 130 KZT",2,false,false,mixed_signals,1,3,30000,66130,1,3,2.2043,7,0,0.000354831,0.0000154939,0.00000187512,0.000124523
100000008587459100,peripheral,0,4,0.2405,"смешанные признаки: плательщиков 2, получателей 2, поток 868 007 KZT",2,false,false,mixed_signals|cycle,2,2,181507,686500,2,4,3.7822,7,0,0.000299121,0.000503593,0.00304795,0.0000177246
100000008603331100,peripheral,0,29,0.2411,"смешанные признаки: плательщиков 2, получателей 6, поток 781 274 KZT",2,false,false,mixed_signals|cycle,2,6,39500,741774,3,6,18.7791,7,0.444,0.000342319,0.00000261207,0.00000171822,0.000195769
100000008758168100,peripheral,0,0,0.2672,"смешанные признаки: плательщиков 2, получателей 5, поток 1 609 010 KZT",2,false,false,mixed_signals,2,5,75410,1533600,2,5,20.3368,9,0.2873,0.000316616,0.00000448839,0.00000133319,0.00005602
100000003724440100,terminal,0,4,0.2068,получено: 50 000 KZT; плательщиков: 2; исходящих: 0,2,false,false,,2,0,50000,0,2,0,0,7,0,0.000306398,0,0.000418941,0
100000000291906100,transit,0.7089,6,0.3922,передаёт 117% входящего; 42% исходящих — за 2 дня,2,false,false,cycle,2,2,388000,455854,3,6,1.1749,7,0.4187,0.000757952,0,0,0.0000780699
100000005077484100,peripheral,0,34,0.164,"смешанные признаки: плательщиков 1, получателей 2, поток 163 550 KZT",2,false,false,fast_transit|mixed_signals|cycle,1,2,150000,13550,1,2,0.0903,1,0.5203,0.000535915,5e-324,0,3.96294e-7
100000004192107100,peripheral,0,30,0.2093,"ниже порога конечного получателя: плательщиков 1 (нужно ≥ 2), получено 25 000 KZT (нужно ≥ 200 000 KZT)",2,false,false,,1,0,25000,0,1,0,0,8,0,0.000297676,0,1.43156e-282,0
100000002193259100,peripheral,0,25,0.2401,"смешанные признаки: плательщиков 2, получателей 3, поток 106 000 KZT",2,false,false,fast_transit|mixed_signals|cycle,2,3,48000,58000,2,3,1.2083,8,0.6897,0.000883438,0.0000550138,0,0.0000643977
100000005481280100,peripheral,0,26,0.2627,"смешанные признаки: плательщиков 1, получателей 3, поток 82 700 KZT",2,false,false,mixed_signals,1,3,32700,50000,1,3,1.5291,7,0.34,0.00029436,0,0.0000356763,0.0000436601
100000004527381100,peripheral,0,2,0.2399,"смешанные признаки: плательщиков 1, получателей 1, поток 393 199 KZT",2,false,false,fast_transit|mixed_signals|cycle,1,1,119333.17,273866.11,1,1,2.295,7,1,0.000373375,0.00000329419,0,0.000321394
100000001578517100,peripheral,0,17,0.1982,"ниже порога конечного получателя: плательщиков 1 (нужно ≥ 2), получено 30 000 KZT (нужно ≥ 200 000 KZT)",2,false,false,,1,0,30000,0,1,0,0,7,0,0.000288972,0,0.00000404076,0
100000003741418100,consolidator,0.4333,6,0.3324,"плательщиков: 9, прямых seed: 0; дальше: 26% входящего",2,false,false,cycle,9,3,151900,39920,13,3,0.2628,7,0,0.000628609,0.00499869,0.000340112,0.0000527549
100000008737514100,peripheral,0,2,0.215,"ниже порога конечного получателя: плательщиков 1 (нужно ≥ 2), получено 85 000 KZT (нужно ≥ 200 000 KZT)",2,false,false,,1,0,85000,0,1,0,0,7,0,0.000310871,0,0.0000356763,0
100000002870463100,consolidator,0.6897,19,0.4267,"плательщиков: 3, прямых seed: 0; дальше: 5% входящего",2,false,false,fast_transit|cycle,3,1,207000,10000,4,1,0.0483,7,1,0.00202836,0,0.0000317314,0.0000194184
100000008545727100,peripheral,0,11,0.2721,"смешанные признаки: плательщиков 1, получателей 6, поток 1 896 500 KZT",2,false,false,fast_transit|mixed_signals|cycle,1,6,30000,1866500,1,7,62.2167,9,0.6376,0.000336806,0.00000305309,0,0.000134202
100000000425407100,peripheral,0,4,0.1959,"ниже порога конечного получателя: плательщиков 1 (нужно ≥ 2), получено 20 000 KZT (нужно ≥ 200 000 KZT)",2,false,false,,1,0,20000,0,1,0,0,7,0,0.000303433,0,0.0000707376,0
100000001418900100,peripheral,0,27,0.1418,"ниже порога конечного получателя: плательщиков 1 (нужно ≥ 2), получено 40 140 KZT (нужно ≥ 200 000 KZT)",2,false,false,,1,0,40140,0,2,0,0,1,0,0.000297567,0,2.48392e-14,0
100000001677929100,peripheral,0,11,0.2465,"смешанные признаки: плательщиков 3, получателей 2, поток 412 875 KZT",2,false,false,mixed_signals|cycle,3,2,126777,286098,3,4,2.2567,1,0.2705,0.00348972,0,0,0.00000118888
100000002539625100,peripheral,0,16,0.2383,"ниже порога конечного получателя: плательщиков 1 (нужно ≥ 2), получено 94 700 KZT (нужно ≥ 200 000 KZT)",2,false,false,,1,0,94700,0,1,0,0,9,0,0.000343094,0,0.00000229525,0
100000001965374100,peripheral,0,3,0.2271,"смешанные признаки: плательщиков 2, получателей 3, поток 4 841 820 KZT",2,false,false,mixed_signals|cycle|depth_outlier,2,3,1759720,3082100,8,5,1.7515,1,0.2615,0.00127048,0,2.86694e-302,0.00000158517
100000001287955100,peripheral,0,5,0.1777,"смешанные признаки: плательщиков 1, получателей 4, поток 327 520 KZT",2,false,false,fast_transit|mixed_signals,1,4,17520,310000,1,5,17.6941,1,0.741,0.000292324,0.0000220659,0.0000232281,0.000680304
100000005402643100,peripheral,0,0,0.1622,"смешанные признаки: плательщиков 1, получателей 1, поток 217 800 KZT",2,false,false,mixed_signals,1,1,127800,90000,1,1,0.7042,1,0,0.000295983,0,5.0128e-7,3.96294e-7
100000008752616100,peripheral,0.0588,0,0.2662,"смешанные признаки: плательщиков 2, получателей 7, поток 1 329 510 KZT",2,false,false,fast_transit|mixed_signals,2,7,64510,1265000,2,7,19.6094,9,1,0.000311345,0.00000485972,0.00000134732,0.00013876
100000000733373100,peripheral,0,2,0.1905,"ниже порога конечного получателя: плательщиков 1 (нужно ≥ 2), получено 10 710 KZT (нужно ≥ 200 000 KZT)",2,false,false,,1,0,10710,0,1,0,0,7,0,0.000304116,0,0.00000179078,0
100000008531133100,peripheral,0,2,0.2296,"смешанные признаки: плательщиков 1, получателей 3, поток 183 272 KZT",2,false,false,mixed_signals,1,3,25000,158271.68,1,3,6.3309,7,0.2007,0.0005296,0.000905122,0,0.0000233483
100000005933757100,distributor,0.5455,8,0.4609,получателей: 34; плательщиков: 4; исходящий поток: 3 002 628 KZT,2,false,false,fast_transit|cycle|depth_outlier|repeat_route,4,34,1246000,3002628,6,46,2.4098,7,0.6113,0.000995051,0.00131004,0.00000350386,0.00389279
100000006490557100,peripheral,0,11,0.1187,"ниже порога конечного получателя: плательщиков 1 (нужно ≥ 2), получено 5 000 KZT (нужно ≥ 200 000 KZT)",2,false,false,,1,0,5000,0,1,0,0,1,0,0.000284626,0,0,0
100000008497298100,terminal,0.5,0,0.2439,получено: 600 000 KZT; плательщиков: 1; исходящих: 0,2,false,false,,1,0,600000,0,1,0,0,1,0,0.00034012,0,5.0128e-7,0
100000005168487100,peripheral,0,16,0.2679,"смешанные признаки: плательщиков 1, получателей 1, поток 118 510 KZT",2,false,false,mixed_signals|cycle,1,1,15000,103510,1,14,6.9007,8,0.174,0.00190513,0.0000526845,0,0
100000005799271100,peripheral,0,16,0.2241,"ниже порога конечного получателя: плательщиков 1 (нужно ≥ 2), получено 45 000 KZT (нужно ≥ 200 000 KZT)",2,false,false,,1,0,45000,0,2,0,0,8,0,0.00053344,0,0,0
100000000912487100,peripheral,0,4,0.2074,"ниже порога конечного получателя: плательщиков 1 (нужно ≥ 2), получено 10 000 KZT (нужно ≥ 200 000 KZT)",2,false,false,,1,0,10000,0,1,0,0,9,0,0.000290102,0,0.000142767,0
100000007982908100,peripheral,0,27,0.1387,"ниже порога конечного получателя: плательщиков 1 (нужно ≥ 2), получено 31 080 KZT (нужно ≥ 200 000 KZT)",2,false,false,,1,0,31080,0,1,0,0,1,0,0.000294514,0,2.48392e-14,0
100000005413948100,peripheral,0,16,0.2643,"смешанные признаки: плательщиков 2, получателей 1, поток 33 215 KZT",2,false,false,mixed_signals|cycle,2,1,28215,5000,2,1,0.1772,9,0,0.00194575,0,0.0000023136,0.0000217962
100000000724540100,peripheral,0,0,0.2284,"смешанные признаки: плательщиков 1, получателей 1, поток 150 000 KZT",2,false,false,mixed_signals,1,1,50000,100000,1,1,2,8,0,0.000307942,0,5.70424e-8,0.0000198147
100000005730108100,peripheral,0,6,0.1848,"ниже порога конечного получателя: плательщиков 1 (нужно ≥ 2), получено 8 000 KZT (нужно ≥ 200 000 KZT)",2,false,false,,1,0,8000,0,1,0,0,7,0,0.00035664,0,0,0
100000002566204100,peripheral,0,10,0.1541,"ниже порога конечного получателя: плательщиков 1 (нужно ≥ 2), получено 80 805 KZT (нужно ≥ 200 000 KZT)",2,false,false,,1,0,80805,0,1,0,0,1,0,0.000322259,0,0.0000232281,0
100000000625169100,peripheral,0,27,0.1252,"ниже порога конечного получателя: плательщиков 1 (нужно ≥ 2), получено 10 000 KZT (нужно ≥ 200 000 KZT)",2,false,false,,1,0,10000,0,1,0,0,1,0,0.000287408,0,2.48392e-14,0
100000001114385100,peripheral,0,15,0.2082,"ниже порога конечного получателя: плательщиков 1 (нужно ≥ 2), получено 29 500 KZT (нужно ≥ 200 000 KZT)",2,false,false,,1,0,29500,0,1,0,0,7,0,0.000288657,0,0.000142168,0
100000002964966100,terminal,0,30,0.236,получено: 200 000 KZT; плательщиков: 1; исходящих: 0,2,false,false,,1,0,200000,0,1,0,0,8,0,0.000393146,0,1.43156e-282,0
100000008771814100,peripheral,0,27,0.1355,"ниже порога конечного получателя: плательщиков 1 (нужно ≥ 2), получено 23 700 KZT (нужно ≥ 200 000 KZT)",2,false,false,,1,0,23700,0,1,0,0,1,0,0.000292026,0,2.48392e-14,0
100000001241318100,peripheral,0,6,0.2111,"ниже порога конечного получателя: плательщиков 1 (нужно ≥ 2), получено 53 000 KZT (нужно ≥ 200 000 KZT)",2,false,false,,1,0,53000,0,1,0,0,7,0,0.0005277,0,0,0
100000001250022100,peripheral,0,19,0.1443,"ниже порога конечного получателя: плательщиков 1 (нужно ≥ 2), получено 50 000 KZT (нужно ≥ 200 000 KZT)",2,false,false,,1,0,50000,0,1,0,0,1,0,0.00029345,0,0.0000287214,0
100000006534886100,peripheral,0,2,0.2465,"смешанные признаки: плательщиков 1, получателей 1, поток 239 200 KZT",2,false,false,mixed_signals|cycle,1,1,71700,167500,5,8,2.3361,7,0.4836,0.00112395,0.000126667,9.98682e-8,0
100000008655035100,peripheral,0,11,0.1558,"ниже порога конечного получателя: плательщиков 1 (нужно ≥ 2), получено 30 000 KZT (нужно ≥ 200 000 KZT)",2,false,false,,1,0,30000,0,1,0,0,2,0,0.000536934,0,0,0
100000005932987100,peripheral,0,23,0.1989,"ниже порога конечного получателя: плательщиков 1 (нужно ≥ 2), получено 25 000 KZT (нужно ≥ 200 000 KZT)",2,false,false,,1,0,25000,0,3,0,0,7,0,0.000409218,0,3.64959e-9,0
100000008636603100,peripheral,0,2,0.2834,"смешанные признаки: плательщиков 2, получателей 6, поток 194 835 KZT",2,false,false,mixed_signals|cycle,2,6,35460,159375,2,7,4.4945,7,0.3694,0.000336807,0.000269863,0.000655412,0.00347457
100000008710843100,distributor,0.2874,0,0.3436,получателей: 13; плательщиков: 2; исходящий поток: 1 985 500 KZT,2,false,false,cycle|depth_outlier,2,13,33944,1985500,3,14,58.4934,8,0.0076,0.000291294,0.0000692362,0.000049682,0.00123575
100000000917179100,peripheral,0,8,0.2149,"ниже порога конечного получателя: плательщиков 1 (нужно ≥ 2), получено 94 465 KZT (нужно ≥ 200 000 KZT)",2,false,false,,1,0,94465,0,2,0,0,7,0,0.000423415,0,5.12188e-10,0
100000004209339100,peripheral,0,16,0.2561,"смешанные признаки: плательщиков 1, получателей 2, поток 377 000 KZT",2,false,false,mixed_signals|cycle,1,2,138500,238500,6,11,1.722,8,0.283,0.000812685,0.0000535407,0,0.0000210036
100000008765627100,peripheral,0,19,0.1465,"ниже порога конечного получателя: плательщиков 1 (нужно ≥ 2), получено 60 000 KZT (нужно ≥ 200 000 KZT)",2,false,false,,1,0,60000,0,1,0,0,1,0,0.000295333,0,0.0000287214,0
100000002443664100,consolidator,0.8182,0,0.4486,"плательщиков: 3, прямых seed: 0; дальше: 0% входящего",2,false,false,sync_inflow,3,0,556880,0,3,0,0,9,0,0.000336889,0,0.00000106911,0
100000008144528100,consolidator,0.7778,2,0.447,"плательщиков: 5, прямых seed: 0; дальше: 0% входящего",2,false,false,,5,0,1068202.6,0,13,0,0,7,0,0.00104941,0,0.00000543778,0
100000003988112100,peripheral,0,26,0.2743,"смешанные признаки: плательщиков 1, получателей 1, поток 156 000 KZT",2,false,false,fast_transit|mixed_signals|cycle,1,1,92000,64000,2,5,0.6957,7,0.6875,0.000501139,0.000943367,0.00000187512,0
100000008008463100,peripheral,0,19,0.1453,"ниже порога конечного получателя: плательщиков 1 (нужно ≥ 2), получено 54 180 KZT (нужно ≥ 200 000 KZT)",2,false,false,,1,0,54180,0,1,0,0,1,0,0.000294237,0,0.0000287214,0
100000006679055100,peripheral,0,4,0.2184,"ниже порога конечного получателя: плательщиков 1 (нужно ≥ 2), получено 25 000 KZT (нужно ≥ 200 000 KZT)",2,false,false,,1,0,25000,0,1,0,0,9,0,0.000299198,0,0.000142767,0
100000007382543100,peripheral,0,23,0.2595,"смешанные признаки: плательщиков 3, получателей 5, поток 645 000 KZT",2,false,false,mixed_signals|cycle,3,5,218000,427000,3,8,1.9587,7,0.2342,0.00118014,0,3.7094e-9,0.000244477
100000007749092100,peripheral,0,2,0.2515,"смешанные признаки: плательщиков 1, получателей 1, поток 78 025 KZT",2,false,false,mixed_signals|cycle,1,1,7650,70375,1,5,9.1993,7,0,0.00189613,0.000126667,0,0
100000004221668100,peripheral,0,19,0.2562,"смешанные признаки: плательщиков 4, получателей 3, поток 1 859 740 KZT",2,false,false,fast_transit|mixed_signals|cycle,4,3,1128300,731440,8,10,0.6483,1,0.9841,0.0032209,0,0.0000296647,0.00000455738
100000008174521100,peripheral,0,2,0.2176,"ниже порога конечного получателя: плательщиков 1 (нужно ≥ 2), получено 82 110 KZT (нужно ≥ 200 000 KZT)",2,false,false,,1,0,82110,0,1,0,0,7,0,0.000437978,0,0.00000179078,0
100000002692750100,peripheral,0,19,0.2634,"смешанные признаки: плательщиков 3, получателей 1, поток 189 830 KZT",2,false,false,mixed_signals|cycle,3,1,112830,77000,3,8,0.6824,7,0.1558,0.00211577,0,0.0000291882,0.0000198147
100000002173070100,peripheral,0,17,0.1982,"ниже порога конечного получателя: плательщиков 1 (нужно ≥ 2), получено 30 000 KZT (нужно ≥ 200 000 KZT)",2,false,false,,1,0,30000,0,1,0,0,7,0,0.000288972,0,0.00000404076,0
100000005911352100,peripheral,0,49,0.209,"смешанные признаки: плательщиков 2, получателей 3, поток 39 000 KZT",2,false,false,mixed_signals|cycle,2,3,15000,24000,2,3,1.6,7,0,0.000548449,0,0,0.0000974883
100000003068941100,consolidator,0.4306,19,0.3177,"плательщиков: 3, прямых seed: 0; дальше: 27% входящего",2,false,false,fast_transit,3,1,94000,25000,3,2,0.266,7,1,0.000318402,0,0.00304145,0.0000198147
100000001420847100,peripheral,0,14,0.1958,"ниже порога конечного получателя: плательщиков 1 (нужно ≥ 2), получено 20 000 KZT (нужно ≥ 200 000 KZT)",2,false,false,,1,0,20000,0,2,0,0,7,0,0.00030118,0,0,0
100000005602999100,peripheral,0,16,0.2104,"смешанные признаки: плательщиков 1, получателей 2, поток 21 000 KZT",2,false,false,fast_transit|mixed_signals|cycle,1,2,5000,16000,1,3,3.2,8,0.6875,0.000303122,0.0000535407,0,0.0000420071
100000000723383100,peripheral,0,17,0.2163,"смешанные признаки: плательщиков 1, получателей 2, поток 81 800 KZT",2,false,false,mixed_signals,1,2,6800,75000,1,2,11.0294,7,0,0.000386796,0,1.42064e-7,0.000238965
100000006977207100,distributor,0.4571,12,0.3021,получателей: 15; плательщиков: 1; исходящий поток: 4 157 018 KZT,2,false,false,depth_outlier,1,15,414000,4157018,1,15,10.0411,1,0,0.000345885,0.00425846,0.0000621186,0.0000327735
100000001273783100,peripheral,0,10,0.1387,"ниже порога конечного получателя: плательщиков 1 (нужно ≥ 2), получено 23 200 KZT (нужно ≥ 200 000 KZT)",2,false,false,,1,0,23200,0,1,0,0,1,0,0.000295011,0,0.0000232281,0
100000000201868100,transit,1,2,0.4482,передаёт 100% входящего; 100% исходящих — за 2 дня,2,false,false,fast_transit|cycle,1,1,190000,190000,1,1,1,7,1,0.00096752,0.000132071,0,0
100000007777377100,peripheral,0,17,0.2344,"смешанные признаки: плательщиков 1, получателей 2, поток 466 290 KZT",2,false,false,fast_transit|mixed_signals,1,2,456290,10000,7,2,0.0219,7,1,0.000359098,4.18908e-310,0.00000404076,0.000135929
100000004192865100,peripheral,0,53,0.1538,"ниже порога конечного получателя: плательщиков 1 (нужно ≥ 2), получено 66 666 KZT (нужно ≥ 200 000 KZT)",2,false,false,,1,0,66666,0,1,0,0,1,0,0.000552405,0,0,0
100000006901046100,peripheral,0,2,0.2825,"смешанные признаки: плательщиков 1, получателей 1, поток 81 300 KZT",2,false,false,fast_transit|mixed_signals|cycle,1,1,75800,5500,3,1,0.0726,7,1,0.00318556,0.000137168,0,0
100000000437046100,distributor,0.4589,9,0.4167,получателей: 42; плательщиков: 9; исходящий поток: 7 606 224 KZT,2,false,false,fast_transit|sync_inflow|cycle|depth_outlier|repeat_route,9,42,1107200,7606224,20,73,6.8698,7,0.8675,0.000787536,0.0607395,0.000477619,0.00219715
100000008765494100,peripheral,0,27,0.1356,"ниже порога конечного получателя: плательщиков 1 (нужно ≥ 2), получено 24 000 KZT (нужно ≥ 200 000 KZT)",2,false,false,,1,0,24000,0,1,0,0,1,0,0.000292127,0,2.48392e-14,0
100000008713270100,peripheral,0,19,0.1617,"смешанные признаки: плательщиков 1, получателей 3, поток 220 000 KZT",2,false,false,fast_transit|mixed_signals,1,3,30000,190000,1,3,6.3333,1,0.7895,0.000289685,0,0.0000287214,0.00000118888
100000003603979100,peripheral,0,42,0.1902,"ниже порога конечного получателя: плательщиков 1 (нужно ≥ 2), получено 165 000 KZT (нужно ≥ 200 000 KZT)",2,false,false,,1,0,165000,0,3,0,0,1,0,0.000581811,0,1.21491e-218,0
100000000943371100,peripheral,0,7,0.223,"ниже порога конечного получателя: плательщиков 1 (нужно ≥ 2), получено 15 500 KZT (нужно ≥ 200 000 KZT)",2,false,false,,1,0,15500,0,1,0,0,10,0,0.000304269,0,4.87648e-8,0
100000008672480100,peripheral,0,27,0.1283,"ниже порога конечного получателя: плательщиков 1 (нужно ≥ 2), получено 13 000 KZT (нужно ≥ 200 000 KZT)",2,false,false,,1,0,13000,0,1,0,0,1,0,0.000288419,0,2.48392e-14,0
100000008691168100,peripheral,0,27,0.1356,"ниже порога конечного получателя: плательщиков 1 (нужно ≥ 2), получено 24 000 KZT (нужно ≥ 200 000 KZT)",2,false,false,,1,0,24000,0,1,0,0,1,0,0.000292127,0,2.48392e-14,0
100000003237045100,peripheral,0,2,0.2376,"смешанные признаки: плательщиков 1, получателей 1, поток 490 200 KZT",2,false,false,mixed_signals|cycle,1,1,340200,150000,2,1,0.4409,7,0,0.00039175,0.000126667,1.87997e-7,0
100000008736394100,peripheral,0,27,0.1308,"ниже порога конечного получателя: плательщиков 1 (нужно ≥ 2), получено 16 000 KZT (нужно ≥ 200 000 KZT)",2,false,false,,1,0,16000,0,1,0,0,1,0,0.00028943,0,2.48392e-14,0
100000004160650100,distributor,0.1667,44,0.2241,получателей: 10; плательщиков: 2; исходящий поток: 1 489 827 KZT,2,false,false,fast_transit|cycle|repeat_route,2,10,75100,1489827,4,40,19.8379,1,0.8165,0.000367057,4.67608e-217,5.04945e-218,0.00000534996
100000000629812100,terminal,0,17,0.2247,получено: 22 000 KZT; плательщиков: 2; исходящих: 0,2,false,false,,2,0,22000,0,2,0,0,10,0,0.000296362,0,0.00000407359,0
100000000955444100,peripheral,0,63,0.1223,"ниже порога конечного получателя: плательщиков 1 (нужно ≥ 2), получено 6 910 KZT (нужно ≥ 200 000 KZT)",2,false,false,,1,0,6910,0,1,0,0,1,0,0.000350554,0,0,0
100000008731444100,peripheral,0.2,13,0.2462,"смешанные признаки: плательщиков 3, получателей 9, поток 1 318 768 KZT",2,false,false,fast_transit|mixed_signals,3,9,439000,879767.8,5,9,2.004,7,0.6956,0.000351372,0.00864213,0.000213784,0.000124117
100000008413748100,distributor,0.4255,6,0.3525,получателей: 18; плательщиков: 2; исходящий поток: 1 377 320 KZT,2,false,false,cycle|burst,2,18,26480,1377320.22,2,21,52.0136,7,0.3328,0.000388663,0.0250002,0.0000204621,0.000624717
100000006787636100,peripheral,0,2,0.1991,"ниже порога конечного получателя: плательщиков 1 (нужно ≥ 2), получено 20 000 KZT (нужно ≥ 200 000 KZT)",2,false,false,,1,0,20000,0,1,0,0,7,0,0.000355983,0,0,0
100000005942793100,consolidator,0.7778,4,0.3932,"плательщиков: 4, прямых seed: 0; дальше: 0% входящего",2,false,false,,4,0,55000,0,4,0,0,7,0,0.000330387,0,0.000283351,0
100000008730846100,peripheral,0.1111,4,0.252,"смешанные признаки: плательщиков 7, получателей 3, поток 518 412 KZT",2,false,false,fast_transit|mixed_signals|sync_inflow,7,3,155042,363370,11,4,2.3437,8,1,0.000532845,0.00216657,0.000249076,0.000140913
100000002570206100,terminal,0,6,0.2196,получено: 166 960 KZT; плательщиков: 2; исходящих: 0,2,false,false,,2,0,166959.6,0,2,0,0,7,0,0.000316743,0,0.00052802,0
100000000785800100,transit,1,32,0.3676,передаёт 100% входящего; 100% исходящих — за 2 дня,2,false,false,fast_transit|cycle,1,1,19000,19000,1,1,1,1,1,0.000358052,0,0,0
100000007382152100,peripheral,0,4,0.181,"ниже порога конечного получателя: плательщиков 1 (нужно ≥ 2), получено 5 860 KZT (нужно ≥ 200 000 KZT)",2,false,false,,1,0,5860,0,1,0,0,7,0,0.000284943,0,0.0000517213,0
100000000910216100,peripheral,0,4,0.2257,"смешанные признаки: плательщиков 1, получателей 1, поток 123 010 KZT",2,false,false,mixed_signals,1,1,71000,52010,3,1,0.7325,7,0,0.000321456,0.00000163713,0.000159481,0.000480162
100000003131016100,peripheral,0,9,0.2659,"смешанные признаки: плательщиков 1, получателей 1, поток 531 700 KZT",2,false,false,mixed_signals|cycle,1,1,405700,126000,7,4,0.3106,7,0.3254,0.00171974,0.00334633,0,0
100000003221384100,terminal,0.4376,2,0.2995,получено: 511 200 KZT; плательщиков: 1; исходящих: 0,2,false,false,,1,0,511200,0,1,0,0,7,0,0.000445416,0,0.0000356763,0
100000002156381100,peripheral,0,16,0.2448,"смешанные признаки: плательщиков 2, получателей 1, поток 82 800 KZT",2,false,false,mixed_signals|cycle,2,1,61000,21800,7,3,0.3574,8,0.2294,0.00107442,0,0,0.0000424034
100000002779485100,peripheral,0,13,0.2173,"ниже порога конечного получателя: плательщиков 1 (нужно ≥ 2), получено 91 000 KZT (нужно ≥ 200 000 KZT)",2,false,false,,1,0,91000,0,2,0,0,7,0,0.000543631,0,0,0
100000008774237100,peripheral,0,35,0.1468,"смешанные признаки: плательщиков 1, получателей 1, поток 60 000 KZT",2,false,false,fast_transit|mixed_signals,1,1,50000,10000,1,1,0.2,1,1,0.000308631,6.7171e-218,3.83454e-218,0
100000002628146100,peripheral,0,30,0.2121,"ниже порога конечного получателя: плательщиков 1 (нужно ≥ 2), получено 30 500 KZT (нужно ≥ 200 000 KZT)",2,false,false,,1,0,30500,0,2,0,0,8,0,0.000317449,0,2.82283e-293,0
100000002852402100,peripheral,0,2,0.2103,"ниже порога конечного получателя: плательщиков 1 (нужно ≥ 2), получено 55 000 KZT (нужно ≥ 200 000 KZT)",2,false,false,,1,0,55000,0,1,0,0,7,0,0.000325213,0,0,0
100000006989106100,peripheral,0,11,0.1536,"ниже порога конечного получателя: плательщиков 1 (нужно ≥ 2), получено 64 000 KZT (нужно ≥ 200 000 KZT)",2,false,false,,1,0,64000,0,2,0,0,1,0,0.000492731,0,0,0
100000002958343100,peripheral,0,11,0.2063,"смешанные признаки: плательщиков 1, получателей 2, поток 4 290 000 KZT",2,false,false,mixed_signals|cycle|depth_outlier|repeat_route,1,2,2900000,1390000,4,17,0.4793,1,0.1079,0.000625412,0.0000018776,0,3.96294e-7
100000008461532100,peripheral,0.1111,20,0.2679,"смешанные признаки: плательщиков 2, получателей 8, поток 3 095 390 KZT",2,false,false,fast_transit|mixed_signals|cycle|depth_outlier,2,8,565300,2530090,2,9,4.4757,7,0.9954,0.000739797,4.87448e-282,0.00000500482,0.000271263
100000004400305100,distributor,0.7154,6,0.468,получателей: 82; плательщиков: 7; исходящий поток: 5 830 181 KZT,2,false,false,fast_transit|cycle|depth_outlier|repeat_route,7,82,222800,5830181,9,101,26.1678,7,0.7857,0.000383604,0.155924,0.000391362,0.00260915
100000000297649100,peripheral,0,25,0.2376,"смешанные признаки: плательщиков 1, получателей 1, поток 110 600 KZT",2,false,false,mixed_signals|cycle,1,1,40000,70600,1,2,1.765,8,0,0.000802395,0.0000541411,0,0
100000003191430100,peripheral,0,2,0.229,"ниже порога конечного получателя: плательщиков 1 (нужно ≥ 2), получено 180 000 KZT (нужно ≥ 200 000 KZT)",2,false,false,,1,0,180000,0,1,0,0,7,0,0.000527604,0,0,0
100000003275398100,peripheral,0,35,0.1694,"смешанные признаки: плательщиков 1, получателей 1, поток 320 000 KZT",2,false,false,mixed_signals,1,1,300000,20000,1,1,0.0667,1,0,0.000431597,5.05654e-218,3.83454e-218,0
100000005203590100,peripheral,0,19,0.1514,"ниже порога конечного получателя: плательщиков 1 (нужно ≥ 2), получено 90 000 KZT (нужно ≥ 200 000 KZT)",2,false,false,,1,0,90000,0,1,0,0,1,0,0.00030098,0,0.0000287214,0
100000008672603100,peripheral,0,30,0.2073,"ниже порога конечного получателя: плательщиков 1 (нужно ≥ 2), получено 21 200 KZT (нужно ≥ 200 000 KZT)",2,false,false,,1,0,21200,0,1,0,0,8,0,0.000295603,0,1.43156e-282,0
100000000718427100,peripheral,0,27,0.1192,"ниже порога конечного получателя: плательщиков 1 (нужно ≥ 2), получено 6 000 KZT (нужно ≥ 200 000 KZT)",2,false,false,,1,0,6000,0,1,0,0,1,0,0.00028606,0,2.48392e-14,0
100000003104347100,peripheral,0,6,0.2326,"смешанные признаки: плательщиков 1, получателей 1, поток 450 000 KZT",2,false,false,mixed_signals,1,1,418000,32000,1,1,0.0766,7,0,0.000362253,0,0.0000919076,0.0000192202
100000002974256100,peripheral,0,25,0.1289,"ниже порога конечного получателя: плательщиков 1 (нужно ≥ 2), получено 7 200 KZT (нужно ≥ 200 000 KZT)",2,false,false,,1,0,7200,0,1,0,0,1,0,0.000528762,0,0,0
100000007173936100,peripheral,0,5,0.1852,"ниже порога конечного получателя: плательщиков 1 (нужно ≥ 2), получено 10 000 KZT (нужно ≥ 200 000 KZT)",2,false,false,,1,0,10000,0,1,0,0,7,0,0.000285275,0,3.87669e-7,0
100000002744581100,peripheral,0,11,0.1299,"ниже порога конечного получателя: плательщиков 1 (нужно ≥ 2), получено 12 000 KZT (нужно ≥ 200 000 KZT)",2,false,false,,1,0,12000,0,1,0,0,1,0,0.000323167,0,0,0
100000000596954100,peripheral,0,7,0.2568,"смешанные признаки: плательщиков 1, получателей 2, поток 168 100 KZT",2,false,false,fast_transit|mixed_signals,1,2,120000,48100,1,2,0.4008,10,1,0.000512506,0,0,0.0000483478
100000004950490100,peripheral,0,11,0.1279,"ниже порога конечного получателя: плательщиков 1 (нужно ≥ 2), получено 10 000 KZT (нужно ≥ 200 000 KZT)",2,false,false,,1,0,10000,0,1,0,0,1,0,0.000328814,0,0,0
100000008772058100,peripheral,0,27,0.1445,"ниже порога конечного получателя: плательщиков 1 (нужно ≥ 2), получено 50 000 KZT (нужно ≥ 200 000 KZT)",2,false,false,,1,0,50000,0,1,0,0,1,0,0.000300891,0,2.48392e-14,0
100000000971908100,peripheral,0,19,0.1512,"ниже порога конечного получателя: плательщиков 1 (нужно ≥ 2), получено 89 000 KZT (нужно ≥ 200 000 KZT)",2,false,false,,1,0,89000,0,1,0,0,1,0,0.000300792,0,0.0000287214,0
100000008687492100,peripheral,0,27,0.13,"ниже порога конечного получателя: плательщиков 1 (нужно ≥ 2), получено 15 000 KZT (нужно ≥ 200 000 KZT)",2,false,false,,1,0,15000,0,1,0,0,1,0,0.000289093,0,2.48392e-14,0
100000003159641100,peripheral,0,2,0.2291,"смешанные признаки: плательщиков 4, получателей 1, поток 261 800 KZT",2,false,false,fast_transit|mixed_signals,4,1,64000,197800,7,1,3.0906,7,1,0.000303538,0,0.00142543,0.0000588496
100000005326681100,peripheral,0,2,0.2029,"ниже порога конечного получателя: плательщиков 1 (нужно ≥ 2), получено 31 228 KZT (нужно ≥ 200 000 KZT)",2,false,false,,1,0,31228,0,1,0,0,7,0,0.000293896,0,0.0000356763,0
100000006888238100,peripheral,0,57,0.1512,"смешанные признаки: плательщиков 1, получателей 1, поток 48 000 KZT",2,false,false,mixed_signals,1,1,18000,30000,1,1,1.6667,1,0,0.000605002,0,0,3.96294e-7
100000001290243100,peripheral,0,2,0.19,"ниже порога конечного получателя: плательщиков 1 (нужно ≥ 2), получено 10 000 KZT (нужно ≥ 200 000 KZT)",2,false,false,,1,0,10000,0,1,0,0,7,0,0.000318187,0,0.0000125965,0
100000008289539100,peripheral,0,2,0.194,"ниже порога конечного получателя: плательщиков 1 (нужно ≥ 2), получено 14 912 KZT (нужно ≥ 200 000 KZT)",2,false,false,,1,0,14912,0,1,0,0,7,0,0.000288745,0,0.0000356763,0
100000000821507100,terminal,0.3333,5,0.2755,получено: 400 000 KZT; плательщиков: 1; исходящих: 0,2,false,false,,1,0,400000,0,1,0,0,7,0,0.000333553,0,3.87669e-7,0
100000003086040100,peripheral,0,6,0.1924,"ниже порога конечного получателя: плательщиков 1 (нужно ≥ 2), получено 10 500 KZT (нужно ≥ 200 000 KZT)",2,false,false,,1,0,10500,0,1,0,0,7,0,0.00054547,0,0.00000518096,0
100000002969048100,peripheral,0,19,0.1537,"ниже порога конечного получателя: плательщиков 1 (нужно ≥ 2), получено 108 470 KZT (нужно ≥ 200 000 KZT)",2,false,false,,1,0,108470,0,1,0,0,1,0,0.000304457,0,0.0000287214,0
100000002826669100,peripheral,0,6,0.2228,"ниже порога конечного получателя: плательщиков 1 (нужно ≥ 2), получено 159 900 KZT (нужно ≥ 200 000 KZT)",2,false,false,,1,0,159900,0,4,0,0,7,0,0.000473254,0,0.0000353765,0
100000002293421100,transit,0.7175,17,0.3707,передаёт 115% входящего; 32% исходящих — за 2 дня,2,false,false,cycle,2,2,41000,47000,6,5,1.1463,7,0.3191,0.000966991,0.000938135,0.0000176262,0.0000196165
100000004732589100,terminal,0.0644,10,0.1767,получено: 227 520 KZT; плательщиков: 1; исходящих: 0,2,false,false,,1,0,227520,0,1,0,0,1,0,0.000391657,0,0.0000232281,0
100000003003821100,peripheral,0,7,0.2372,"ниже порога конечного получателя: плательщиков 1 (нужно ≥ 2), получено 40 000 KZT (нужно ≥ 200 000 KZT)",2,false,false,,1,0,40000,0,1,0,0,10,0,0.000435321,0,0,0
100000005237935150,peripheral,0,10,0.1434,"ниже порога конечного получателя: плательщиков 1 (нужно ≥ 2), получено 34 508 KZT (нужно ≥ 200 000 KZT)",2,false,false,,1,0,34508,0,1,0,0,1,0,0.000296364,0,4.08825e-8,0
100000004463277100,peripheral,0,48,0.1744,"ниже порога конечного получателя: плательщиков 1 (нужно ≥ 2), получено 35 000 KZT (нужно ≥ 200 000 KZT)",2,false,false,,1,0,35000,0,1,0,0,1,0,0.000687087,0,0,0
100000006523053100,peripheral,0,7,0.2151,"ниже порога конечного получателя: плательщиков 1 (нужно ≥ 2), получено 5 000 KZT (нужно ≥ 200 000 KZT)",2,false,false,,1,0,5000,0,1,0,0,10,0,0.000535437,0,0,0
100000001954903100,peripheral,0,10,0.1406,"ниже порога конечного получателя: плательщиков 1 (нужно ≥ 2), получено 27 118 KZT (нужно ≥ 200 000 KZT)",2,false,false,,1,0,27118,0,1,0,0,1,0,0.000296864,0,0.0000232281,0
100000005328215100,peripheral,0,10,0.1406,"ниже порога конечного получателя: плательщиков 1 (нужно ≥ 2), получено 27 000 KZT (нужно ≥ 200 000 KZT)",2,false,false,,1,0,27000,0,1,0,0,1,0,0.000296809,0,0.0000232281,0
100000004424023100,peripheral,0,10,0.2569,"смешанные признаки: плательщиков 1, получателей 1, поток 150 000 KZT",2,false,false,mixed_signals,1,1,50000,100000,1,1,2,9,0,0.000965042,0,0,0.0000204091
100000002299948100,peripheral,0,30,0.1937,"ниже порога конечного получателя: плательщиков 1 (нужно ≥ 2), получено 6 750 KZT (нужно ≥ 200 000 KZT)",2,false,false,,1,0,6750,0,1,0,0,8,0,0.000291432,0,2.82283e-293,0
100000005105153100,peripheral,0,9,0.2008,"ниже порога конечного получателя: плательщиков 1 (нужно ≥ 2), получено 30 000 KZT (нужно ≥ 200 000 KZT)",2,false,false,,1,0,30000,0,1,0,0,7,0,0.000399912,0,0,0
100000001985793100,terminal,0.3548,10,0.2234,получено: 420 000 KZT; плательщиков: 1; исходящих: 0,2,false,false,,1,0,420000,0,1,0,0,1,0,0.000370555,0,4.28283e-7,0
100000003134934100,consolidator,0.8182,13,0.4455,"плательщиков: 4, прямых seed: 0; дальше: 0% входящего",2,false,false,,4,0,379354,0,4,0,0,9,0,0.000421919,0,0.00199271,0
100000006240939100,peripheral,0,0,0.18,"смешанные признаки: плательщиков 1, получателей 5, поток 938 015 KZT",2,false,false,mixed_signals,1,5,160000,778015,1,5,4.8626,1,0.212,0.000316996,0.0000253654,4.28283e-7,0.00000416108
100000008656043100,peripheral,0,27,0.1367,"ниже порога конечного получателя: плательщиков 1 (нужно ≥ 2), получено 26 200 KZT (нужно ≥ 200 000 KZT)",2,false,false,,1,0,26200,0,1,0,0,1,0,0.000292869,0,2.48392e-14,0
100000002605184100,peripheral,0,2,0.2228,"ниже порога конечного получателя: плательщиков 1 (нужно ≥ 2), получено 140 000 KZT (нужно ≥ 200 000 KZT)",2,false,false,,1,0,140000,0,1,0,0,7,0,0.000388847,0,0,0
100000003157333100,peripheral,0,19,0.1382,"ниже порога конечного получателя: плательщиков 1 (нужно ≥ 2), получено 30 000 KZT (нужно ≥ 200 000 KZT)",2,false,false,,1,0,30000,0,1,0,0,1,0,0.000289685,0,0.0000287214,0
100000007898453100,peripheral,0,7,0.2605,"смешанные признаки: плательщиков 1, получателей 2, поток 344 750 KZT",2,false,false,fast_transit|mixed_signals|cycle,1,2,24750,320000,1,2,12.9293,10,0.9375,0.000331159,0.000199449,0,0.0000239758
100000002710570100,terminal,0.0589,6,0.2364,получено: 225 015 KZT; плательщиков: 1; исходящих: 0,2,false,false,,1,0,225015,0,1,0,0,7,0,0.000535746,0,0,0
100000004979498100,peripheral,0,38,0.2359,"смешанные признаки: плательщиков 1, получателей 1, поток 900 000 KZT",2,false,false,fast_transit|mixed_signals|cycle,1,1,700000,200000,2,1,0.2857,1,1,0.00131966,0,0,0
100000001541418100,terminal,0,0,0.2128,получено: 96 900 KZT; плательщиков: 2; исходящих: 0,2,false,false,,2,0,96900,0,2,0,0,7,0,0.000301922,0,0.0000249151,0
100000007797290100,peripheral,0,4,0.2172,"смешанные признаки: плательщиков 1, получателей 1, поток 120 000 KZT",2,false,false,mixed_signals,1,1,100000,20000,1,1,0.2,7,0,0.000299488,0,0.0000517213,0.0000192202
100000008683818100,peripheral,0,27,0.1318,"ниже порога конечного получателя: плательщиков 1 (нужно ≥ 2), получено 17 400 KZT (нужно ≥ 200 000 KZT)",2,false,false,,1,0,17400,0,1,0,0,1,0,0.000289902,0,2.48392e-14,0
100000006567935100,terminal,0,5,0.221,получено: 200 000 KZT; плательщиков: 1; исходящих: 0,2,false,false,,1,0,200000,0,1,0,0,7,0,0.000308795,0,3.87669e-7,0
100000002132479100,peripheral,0,8,0.2216,"смешанные признаки: плательщиков 1, получателей 1, поток 50 000 KZT",2,false,false,mixed_signals|cycle,1,1,30000,20000,2,1,0.6667,8,0,0.000601615,0.0000223023,0,0
100000002170580100,peripheral,0,10,0.1621,"ниже порога конечного получателя: плательщиков 1 (нужно ≥ 2), получено 150 000 KZT (нужно ≥ 200 000 KZT)",2,false,false,,1,0,150000,0,1,0,0,1,0,0.000354989,0,0.0000232281,0
100000001232297100,peripheral,0,7,0.2364,"смешанные признаки: плательщиков 1, получателей 2, поток 50 000 KZT",2,false,false,mixed_signals|cycle,1,2,5000,45000,1,2,9,10,0,0.000290564,0.000314195,4.87648e-8,0
100000002028158100,peripheral,0,2,0.2042,"ниже порога конечного получателя: плательщиков 1 (нужно ≥ 2), получено 34 800 KZT (нужно ≥ 200 000 KZT)",2,false,false,,1,0,34800,0,1,0,0,7,0,0.000295023,0,0.0000356763,0
100000005519998100,transit,0.833,23,0.4038,передаёт 103% входящего; 33% исходящих — за 2 дня,2,false,false,cycle,3,3,182000,188000,5,8,1.033,7,0.3298,0.000647802,0.000945823,2.93765e-7,0.0000598403
100000002335358100,peripheral,0,2,0.228,"ниже порога конечного получателя: плательщиков 1 (нужно ≥ 2), получено 140 000 KZT (нужно ≥ 200 000 KZT)",2,false,false,,1,0,140000,0,2,0,0,7,0,0.000608516,0,1.33104e-312,0
100000007289427100,peripheral,0,30,0.1327,"ниже порога конечного получателя: плательщиков 1 (нужно ≥ 2), получено 12 300 KZT (нужно ≥ 200 000 KZT)",2,false,false,,1,0,12300,0,1,0,0,1,0,0.000371516,0,0,0
100000004592467100,peripheral,0,7,0.1232,"ниже порога конечного получателя: плательщиков 1 (нужно ≥ 2), получено 7 000 KZT (нужно ≥ 200 000 KZT)",2,false,false,,1,0,7000,0,1,0,0,1,0,0.000285083,0,0.0000621186,0
100000004993576100,peripheral,0,2,0.2236,"ниже порога конечного получателя: плательщиков 1 (нужно ≥ 2), получено 167 000 KZT (нужно ≥ 200 000 KZT)",2,false,false,,1,0,167000,0,1,0,0,7,0,0.000336757,0,0.0000356763,0
100000001648936100,peripheral,0,19,0.1518,"ниже порога конечного получателя: плательщиков 1 (нужно ≥ 2), получено 92 740 KZT (нужно ≥ 200 000 KZT)",2,false,false,,1,0,92740,0,1,0,0,1,0,0.000301496,0,0.0000287214,0
100000008512552100,peripheral,0.1111,21,0.256,"смешанные признаки: плательщиков 4, получателей 6, поток 1 696 635 KZT",2,false,false,fast_transit|mixed_signals|cycle|repeat_route,4,6,394360,1302275,9,11,3.3022,7,1,0.00042335,0.00100302,0.000338009,0.00043073
100000007629096100,peripheral,0,15,0.3102,"смешанные признаки: плательщиков 4, получателей 1, поток 1 840 375 KZT",2,false,false,fast_transit|mixed_signals|cycle|repeat_route,4,1,1075170,765205,5,5,0.7117,7,0.9346,0.00253215,0.000101978,0.000284635,0.0000152573
100000001601320100,transit,0.7379,11,0.3126,передаёт 106% входящего; 0% исходящих — за 2 дня,2,false,false,,2,1,43500,46200,2,1,1.0621,1,0,0.00080633,0,1.20807e-293,9.90734e-7
100000005782781100,peripheral,0.3333,14,0.2599,"смешанные признаки: плательщиков 6, получателей 10, поток 1 435 485 KZT",2,false,false,fast_transit|mixed_signals|sync_inflow|cycle,6,10,171888,1263597,10,10,7.3513,7,1,0.000484581,0.00581199,0.000371804,0.000568324
100000002723538100,distributor,0.1608,13,0.2764,получателей: 12; плательщиков: 3; исходящий поток: 560 499 KZT,2,false,false,fast_transit|cycle,3,12,105647,560499,3,14,5.3054,7,0.5698,0.000318532,0.00652499,0.00458093,0.000290886
100000002340562100,peripheral,0,11,0.1479,"ниже порога конечного получателя: плательщиков 1 (нужно ≥ 2), получено 36 650 KZT (нужно ≥ 200 000 KZT)",2,false,false,,1,0,36650,0,2,0,0,1,0,0.000527722,0,0,0
100000005939154100,peripheral,0,2,0.1987,"ниже порога конечного получателя: плательщиков 1 (нужно ≥ 2), получено 22 000 KZT (нужно ≥ 200 000 KZT)",2,false,false,,1,0,22000,0,2,0,0,7,0,0.000292111,0,0.00000260364,0
100000004386258100,peripheral,0,25,0.2421,"смешанные признаки: плательщиков 3, получателей 3, поток 101 700 KZT",2,false,false,fast_transit|mixed_signals|cycle,3,3,61700,40000,3,3,0.6483,9,0.75,0.000530296,0,0,0.000120473
100000008406609100,peripheral,0,26,0.2647,"ниже порога конечного получателя: плательщиков 1 (нужно ≥ 2), получено 34 000 KZT (нужно ≥ 200 000 KZT)",2,false,false,,1,0,34000,0,1,0,0,8,0,0.000427913,0,0,0
100000007242833100,peripheral,0,25,0.2448,"смешанные признаки: плательщиков 1, получателей 1, поток 152 500 KZT",2,false,false,fast_transit|mixed_signals,1,1,107500,45000,3,2,0.4186,9,1,0.000510679,0,0,0.0000198147
100000004698193100,peripheral,0,19,0.1762,"смешанные признаки: плательщиков 2, получателей 3, поток 260 700 KZT",2,false,false,mixed_signals|cycle,2,3,222700,38000,15,5,0.1706,1,0.3158,0.000818907,0,0.0000289511,0.00000158517
100000002733905100,peripheral,0,27,0.2428,"смешанные признаки: плательщиков 3, получателей 2, поток 817 839 KZT",2,false,false,mixed_signals|cycle|repeat_route,3,2,100000,717839,5,3,7.1784,1,0.3274,0.0030642,1.07573e-14,2.52742e-14,0.00000178332
100000006912294100,peripheral,0,10,0.1491,"смешанные признаки: плательщиков 1, получателей 2, поток 36 335 KZT",2,false,false,mixed_signals|cycle,1,2,6335.09,30000,1,2,4.7355,1,0,0.000509434,0.00000991742,0,5.94441e-7
100000003036198100,peripheral,0,15,0.2002,"ниже порога конечного получателя: плательщиков 1 (нужно ≥ 2), получено 15 000 KZT (нужно ≥ 200 000 KZT)",2,false,false,,1,0,15000,0,1,0,0,7,0,0.000286386,0,0.000142168,0
100000004687099100,peripheral,0,11,0.1409,"ниже порога конечного получателя: плательщиков 1 (нужно ≥ 2), получено 30 000 KZT (нужно ≥ 200 000 KZT)",2,false,false,,1,0,30000,0,1,0,0,1,0,0.000332316,0,1.0394e-293,0
100000005242320100,distributor,0.4851,5,0.3303,получателей: 21; плательщиков: 2; исходящий поток: 8 936 295 KZT,2,false,false,depth_outlier,2,21,365700,8936295,2,29,24.4361,2,0.1927,0.000497182,0.0000203592,4.52101e-7,0.000029722
100000008762832100,peripheral,0,7,0.165,"смешанные признаки: плательщиков 1, получателей 1, поток 235 000 KZT",2,false,false,mixed_signals|cycle,1,1,150000,85000,1,4,0.5667,1,0,0.000306446,0,0.0000621186,0
100000002489253100,peripheral,0,2,0.2088,"ниже порога конечного получателя: плательщиков 1 (нужно ≥ 2), получено 51 000 KZT (нужно ≥ 200 000 KZT)",2,false,false,,1,0,51000,0,1,0,0,7,0,0.000300185,0,1.87997e-7,0
100000004756901100,peripheral,0,17,0.2178,"ниже порога конечного получателя: плательщиков 1 (нужно ≥ 2), получено 153 248 KZT (нужно ≥ 200 000 KZT)",2,false,false,,1,0,153248,0,1,0,0,7,0,0.000309247,0,0.00000404076,0
100000008749989100,peripheral,0,27,0.1308,"ниже порога конечного получателя: плательщиков 1 (нужно ≥ 2), получено 16 000 KZT (нужно ≥ 200 000 KZT)",2,false,false,,1,0,16000,0,1,0,0,1,0,0.00028943,0,2.48392e-14,0
100000001380986100,peripheral,0,0,0.1488,"ниже порога конечного получателя: плательщиков 1 (нужно ≥ 2), получено 70 170 KZT (нужно ≥ 200 000 KZT)",2,false,false,,1,0,70170,0,1,0,0,1,0,0.000290596,0,5.0128e-7,0
100000003089018100,terminal,0.0698,0,0.1727,получено: 230 000 KZT; плательщиков: 1; исходящих: 0,2,false,false,,1,0,230000,0,1,0,0,1,0,0.000305536,0,5.0128e-7,0
100000008742266100,peripheral,0,27,0.134,"ниже порога конечного получателя: плательщиков 1 (нужно ≥ 2), получено 21 000 KZT (нужно ≥ 200 000 KZT)",2,false,false,,1,0,21000,0,1,0,0,1,0,0.000291116,0,2.48392e-14,0
100000003044431100,terminal,0,4,0.2088,получено: 60 000 KZT; плательщиков: 2; исходящих: 0,2,false,false,,2,0,60000,0,2,0,0,7,0,0.000300812,0,0.00309965,0
100000003321423100,peripheral,0,16,0.2366,"ниже порога конечного получателя: плательщиков 1 (нужно ≥ 2), получено 100 000 KZT (нужно ≥ 200 000 KZT)",2,false,false,,1,0,100000,0,2,0,0,8,0,0.000665732,0,0,0
100000002540623100,peripheral,0,10,0.1568,"ниже порога конечного получателя: плательщиков 1 (нужно ≥ 2), получено 100 000 KZT (нужно ≥ 200 000 KZT)",2,false,false,,1,0,100000,0,1,0,0,1,0,0.000331339,0,0.0000232281,0
100000004225615100,peripheral,0,0,0.1517,"ниже порога конечного получателя: плательщиков 1 (нужно ≥ 2), получено 90 000 KZT (нужно ≥ 200 000 KZT)",2,false,false,,1,0,90000,0,2,0,0,1,0,0.00029245,0,5.0128e-7,0
100000004820260100,transit,0.9195,2,0.4447,передаёт 92% входящего; 100% исходящих — за 2 дня,2,false,false,fast_transit|cycle|repeat_route,1,3,234200,215350,12,10,0.9195,7,1,0.00140026,0.000146489,0.00000239777,0.0000196165
100000000795129100,terminal,0.2481,2,0.267,получено: 332 000 KZT; плательщиков: 1; исходящих: 0,2,false,false,,1,0,332000,0,1,0,0,7,0,0.000388845,0,0.0000356763,0
100000008213966100,peripheral,0,23,0.2735,"смешанные признаки: плательщиков 3, получателей 1, поток 623 904 KZT",2,false,false,fast_transit|mixed_signals|cycle,3,1,187004,436900,7,8,2.3363,7,0.8499,0.00193391,0,2.23791e-312,0.000043196
100000008478414100,peripheral,0,27,0.1252,"ниже порога конечного получателя: плательщиков 1 (нужно ≥ 2), получено 10 000 KZT (нужно ≥ 200 000 KZT)",2,false,false,,1,0,10000,0,1,0,0,1,0,0.000287408,0,2.48392e-14,0
100000001330595100,peripheral,0,35,0.1718,"смешанные признаки: плательщиков 3, получателей 1, поток 241 000 KZT",2,false,false,mixed_signals,3,1,87000,154000,6,1,1.7701,1,0,0.00067114,0,1.18803e-217,0.00000118888
100000000076451100,peripheral,0,2,0.2484,"смешанные признаки: плательщиков 3, получателей 4, поток 145 707 KZT",2,false,false,mixed_signals|cycle,3,4,87707,58000,4,4,0.6613,7,0.2586,0.00138364,0,0.0000362514,0.0000976864
100000005664632100,peripheral,0,7,0.2544,"ниже порога конечного получателя: плательщиков 1 (нужно ≥ 2), получено 198 620 KZT (нужно ≥ 200 000 KZT)",2,false,false,,1,0,198620,0,18,0,0,10,0,0.000363082,0,0,0
100000002457464100,peripheral,0,30,0.2213,"ниже порога конечного получателя: плательщиков 1 (нужно ≥ 2), получено 66 647 KZT (нужно ≥ 200 000 KZT)",2,false,false,,1,0,66647,0,1,0,0,8,0,0.000320396,0,1.43156e-282,0
100000002757240100,peripheral,0,4,0.2272,"ниже порога конечного получателя: плательщиков 1 (нужно ≥ 2), получено 51 183 KZT (нужно ≥ 200 000 KZT)",2,false,false,,1,0,51183,0,1,0,0,9,0,0.000315076,0,0.000142767,0
100000003718221100,peripheral,0,28,0.255,"смешанные признаки: плательщиков 2, получателей 4, поток 773 500 KZT",2,false,false,fast_transit|mixed_signals|cycle,2,4,350000,423500,6,8,1.21,7,0.8028,0.0010463,0.000171597,0.00000322386,0.0000392331
100000008629581100,peripheral,0,30,0.2187,"ниже порога конечного получателя: плательщиков 1 (нужно ≥ 2), получено 54 184 KZT (нужно ≥ 200 000 KZT)",2,false,false,,1,0,54184,0,1,0,0,8,0,0.000313597,0,1.43156e-282,0
100000004806903100,peripheral,0,7,0.2301,"ниже порога конечного получателя: плательщиков 1 (нужно ≥ 2), получено 18 000 KZT (нужно ≥ 200 000 KZT)",2,false,false,,1,0,18000,0,1,0,0,10,0,0.000530373,0,0,0
100000000913911100,peripheral,0,7,0.2467,"смешанные признаки: плательщиков 2, получателей 1, поток 1 067 000 KZT",2,false,false,mixed_signals,2,1,467000,600000,2,1,1.2848,7,0,0.000456623,0,0.0000626233,0.0000194184
100000004905207100,terminal,0.3103,8,0.3141,получено: 380 000 KZT; плательщиков: 1; исходящих: 0,2,false,false,,1,0,380000,0,1,0,0,11,0,0.000431631,0,4.34391e-9,0
100000003831201100,peripheral,0,6,0.208,"ниже порога конечного получателя: плательщиков 1 (нужно ≥ 2), получено 40 500 KZT (нужно ≥ 200 000 KZT)",2,false,false,,1,0,40500,0,3,0,0,7,0,0.000531162,0,0,0
100000003073398100,peripheral,0,19,0.1518,"ниже порога конечного получателя: плательщиков 1 (нужно ≥ 2), получено 92 960 KZT (нужно ≥ 200 000 KZT)",2,false,false,,1,0,92960,0,1,0,0,1,0,0.000301537,0,0.0000287214,0
100000008418934100,terminal,0.2857,0,0.2079,получено: 360 000 KZT; плательщиков: 1; исходящих: 0,2,false,false,,1,0,360000,0,1,0,0,1,0,0.000317687,0,5.0128e-7,0
100000002741024100,peripheral,0.1579,15,0.3166,"смешанные признаки: плательщиков 5, получателей 6, поток 1 252 970 KZT",2,false,false,mixed_signals|cycle,5,6,817980.85,434989,9,7,0.5318,7,0.0648,0.00292051,0.000126151,0.000239595,0.00011869
100000008106997100,peripheral,0,4,0.2084,"смешанные признаки: плательщиков 2, получателей 1, поток 56 200 KZT",2,false,false,fast_transit|mixed_signals,2,1,35600,20600,2,1,0.5787,7,1,0.000303708,0,0.000212583,0.0000192202
100000007998965100,consolidator,0.6424,10,0.396,"плательщиков: 5, прямых seed: 0; дальше: 9% входящего",2,false,false,,5,1,278000,26000,7,3,0.0935,8,0.3846,0.000469105,0,0.0000305608,0.0000198147
100000001822623100,terminal,0.0032,6,0.2223,получено: 201 300 KZT; плательщиков: 1; исходящих: 0,2,false,false,,1,0,201300,0,1,0,0,7,0,0.000321704,0,0.0000919076,0
100000006424479100,peripheral,0,7,0.2843,"смешанные признаки: плательщиков 1, получателей 2, поток 720 000 KZT",2,false,false,mixed_signals,1,2,500000,220000,2,3,0.44,10,0,0.000936683,0,4.87648e-8,0.0000731162
100000008696692100,peripheral,0,27,0.1328,"ниже порога конечного получателя: плательщиков 1 (нужно ≥ 2), получено 19 000 KZT (нужно ≥ 200 000 KZT)",2,false,false,,1,0,19000,0,1,0,0,1,0,0.000290442,0,2.48392e-14,0
100000002748532100,peripheral,0,0,0.2617,"смешанные признаки: плательщиков 3, получателей 2, поток 1 002 260 KZT",2,false,false,mixed_signals,3,2,355575,646685,3,7,1.8187,9,0,0.000337263,8.50361e-7,0.000025271,0.0000311091
100000004456564100,peripheral,0,8,0.1976,"ниже порога конечного получателя: плательщиков 1 (нужно ≥ 2), получено 10 000 KZT (нужно ≥ 200 000 KZT)",2,false,false,,1,0,10000,0,2,0,0,8,0,0.000389897,0,0,0
100000001530740100,peripheral,0,2,0.1997,"ниже порога конечного получателя: плательщиков 1 (нужно ≥ 2), получено 15 000 KZT (нужно ≥ 200 000 KZT)",2,false,false,,1,0,15000,0,1,0,0,7,0,0.000526693,0,0,0
100000001386612100,peripheral,0,26,0.2618,"ниже порога конечного получателя: плательщиков 1 (нужно ≥ 2), получено 62 264 KZT (нужно ≥ 200 000 KZT)",2,false,false,,1,0,62264,0,1,0,0,7,0,0.000430968,0,0.00000187512,0
100000003360542100,peripheral,0,4,0.2972,"смешанные признаки: плательщиков 2, получателей 2, поток 368 800 KZT",2,false,false,mixed_signals|cycle,2,2,317000,51800,3,5,0.1634,11,0.2992,0.00144329,0.00214938,3.25443e-7,9.90734e-7
100000008352542100,peripheral,0,16,0.2406,"ниже порога конечного получателя: плательщиков 1 (нужно ≥ 2), получено 50 220 KZT (нужно ≥ 200 000 KZT)",2,false,false,,1,0,50220,0,1,0,0,10,0,0.000329632,0,9.97781e-7,0
100000001138376100,peripheral,0,2,0.1943,"ниже порога конечного получателя: плательщиков 1 (нужно ≥ 2), получено 15 300 KZT (нужно ≥ 200 000 KZT)",2,false,false,,1,0,15300,0,1,0,0,7,0,0.000288867,0,0.0000356763,0
100000003246024100,peripheral,0,9,0.2271,"смешанные признаки: плательщиков 1, получателей 1, поток 30 000 KZT",2,false,false,fast_transit|mixed_signals,1,1,25000,5000,1,1,0.2,7,1,0.000372508,0,0,0.00161169
100000002680477100,peripheral,0,10,0.1396,"ниже порога конечного получателя: плательщиков 1 (нужно ≥ 2), получено 25 000 KZT (нужно ≥ 200 000 KZT)",2,false,false,,1,0,25000,0,1,0,0,1,0,0.000292968,0,4.08825e-8,0
100000005882013100,peripheral,0,7,0.2545,"смешанные признаки: плательщиков 2, получателей 1, поток 145 000 KZT",2,false,false,fast_transit|mixed_signals|cycle,2,1,135000,10000,3,1,0.0741,10,1,0.000522999,0.000311682,0.00000590408,0
100000005665181100,distributor,0.0476,4,0.2419,получателей: 11; плательщиков: 4; исходящий поток: 181 915 KZT,2,false,false,cycle,4,11,45498,181915,5,11,3.9983,7,0.077,0.000396255,0.0057385,0.000132156,0.000268321
100000008141170100,peripheral,0,2,0.1982,"ниже порога конечного получателя: плательщиков 1 (нужно ≥ 2), получено 11 000 KZT (нужно ≥ 200 000 KZT)",2,false,false,,1,0,11000,0,1,0,0,7,0,0.000617944,0,0,0
100000001382002100,transit,0.7727,6,0.3774,передаёт 103% входящего; 0% исходящих — за 2 дня,2,false,false,cycle,1,1,55000,56500,2,3,1.0273,7,0,0.000658061,0.000923133,0,0
100000002481735100,peripheral,0,2,0.2005,"ниже порога конечного получателя: плательщиков 1 (нужно ≥ 2), получено 22 436 KZT (нужно ≥ 200 000 KZT)",2,false,false,,1,0,22436,0,2,0,0,7,0,0.000360656,0,0.0000125965,0
100000000806727100,peripheral,0,12,0.2455,"смешанные признаки: плательщиков 1, получателей 1, поток 50 000 KZT",2,false,false,mixed_signals,1,1,45000,5000,1,1,0.1111,11,0,0.000343873,1.01897e-308,2.00745e-308,0
100000003039473100,peripheral,0,2,0.1996,"ниже порога конечного получателя: плательщиков 1 (нужно ≥ 2), получено 23 000 KZT (нужно ≥ 200 000 KZT)",2,false,false,,1,0,23000,0,1,0,0,7,0,0.000310426,0,0,0
100000005205745100,peripheral,0,10,0.1832,"ниже порога конечного получателя: плательщиков 1 (нужно ≥ 2), получено 6 000 KZT (нужно ≥ 200 000 KZT)",2,false,false,,1,0,6000,0,1,0,0,7,0,0.000310547,0,2.35251e-7,0
100000004356593100,peripheral,0,15,0.2169,"смешанные признаки: плательщиков 1, получателей 1, поток 60 000 KZT",2,false,false,mixed_signals,1,1,50000,10000,1,1,0.2,7,0,0.000291867,0,0.000142168,0.0000192202
100000008688881100,peripheral,0,27,0.143,"ниже порога конечного получателя: плательщиков 1 (нужно ≥ 2), получено 44 211 KZT (нужно ≥ 200 000 KZT)",2,false,false,,1,0,44211,0,1,0,0,1,0,0.00029894,0,2.48392e-14,0
100000008111003100,consolidator,0.5386,4,0.3725,"плательщиков: 6, прямых seed: 0; дальше: 16% входящего",2,false,false,fast_transit|cycle,6,1,222716,35000,9,1,0.1572,7,1,0.000466842,0,0.000315179,0.000881905
100000003016773100,peripheral,0,16,0.2293,"ниже порога конечного получателя: плательщиков 1 (нужно ≥ 2), получено 46 555 KZT (нужно ≥ 200 000 KZT)",2,false,false,,1,0,46555,0,1,0,0,9,0,0.00031307,0,0.00000229525,0
100000004674799100,peripheral,0,9,0.228,"ниже порога конечного получателя: плательщиков 1 (нужно ≥ 2), получено 140 000 KZT (нужно ≥ 200 000 KZT)",2,false,false,,1,0,140000,0,5,0,0,7,0,0.000783516,0,0.0000865137,0
100000005834479100,peripheral,0,13,0.1944,"смешанные признаки: плательщиков 1, получателей 2, поток 21 970 KZT",2,false,false,mixed_signals,1,2,7500,14470,1,2,1.9293,7,0,0.000285212,0.00271414,0.000142168,0.00000198118
100000003278020100,peripheral,0,4,0.2229,"ниже порога конечного получателя: плательщиков 1 (нужно ≥ 2), получено 190 000 KZT (нужно ≥ 200 000 KZT)",2,false,false,,1,0,190000,0,1,0,0,7,0,0.000322765,0,0.0000312912,0
100000000831684100,peripheral,0,25,0.1894,"смешанные признаки: плательщиков 1, получателей 1, поток 65 000 KZT",2,false,false,fast_transit|mixed_signals|cycle,1,1,15000,50000,2,3,3.3333,1,0.9,0.00198969,0.0000043332,0,0
100000000307908100,peripheral,0,46,0.1172,"ниже порога конечного получателя: плательщиков 1 (нужно ≥ 2), получено 5 000 KZT (нужно ≥ 200 000 KZT)",2,false,false,,1,0,5000,0,1,0,0,1,0,0.000295513,0,6.96827e-268,0
100000001782980100,peripheral,0,34,0.1762,"смешанные признаки: плательщиков 1, получателей 1, поток 646 200 KZT",2,false,false,mixed_signals,1,1,50000,596200,1,3,11.924,1,0,0.000367997,0,0,5.94441e-7
100000002454724100,peripheral,0,5,0.2152,"ниже порога конечного получателя: плательщиков 1 (нужно ≥ 2), получено 125 000 KZT (нужно ≥ 200 000 KZT)",2,false,false,,1,0,125000,0,3,0,0,7,0,0.000299511,0,3.87669e-7,0
100000005904580100,terminal,0,25,0.2158,получено: 72 000 KZT; плательщиков: 2; исходящих: 0,2,false,false,,2,0,72000,0,2,0,0,7,0,0.000519256,0,0.00000684542,0
100000008474308100,peripheral,0,25,0.2011,"смешанные признаки: плательщиков 1, получателей 1, поток 24 000 KZT",2,false,false,mixed_signals|cycle,1,1,14000,10000,2,1,0.7143,7,0,0.000442176,0.000923133,0.00000447563,0
100000000795033100,peripheral,0,6,0.1985,"ниже порога конечного получателя: плательщиков 1 (нужно ≥ 2), получено 18 200 KZT (нужно ≥ 200 000 KZT)",2,false,false,,1,0,18200,0,1,0,0,7,0,0.000529861,0,0,0
100000000861294100,peripheral,0,19,0.1577,"ниже порога конечного получателя: плательщиков 1 (нужно ≥ 2), получено 150 000 KZT (нужно ≥ 200 000 KZT)",2,false,false,,1,0,150000,0,1,0,0,1,0,0.000312276,0,0.0000287214,0
100000006557763100,peripheral,0,7,0.2188,"ниже порога конечного получателя: плательщиков 1 (нужно ≥ 2), получено 10 000 KZT (нужно ≥ 200 000 KZT)",2,false,false,,1,0,10000,0,1,0,0,10,0,0.000345223,0,0,0
100000005608515100,peripheral,0,11,0.1489,"ниже порога конечного получателя: плательщиков 1 (нужно ≥ 2), получено 64 000 KZT (нужно ≥ 200 000 KZT)",2,false,false,,1,0,64000,0,4,0,0,1,0,0.000291571,0,0,0
100000003922499100,peripheral,0,25,0.1518,"ниже порога конечного получателя: плательщиков 1 (нужно ≥ 2), получено 50 000 KZT (нужно ≥ 200 000 KZT)",2,false,false,,1,0,50000,0,1,0,0,1,0,0.00053207,0,0,0
100000008603629100,distributor,0.4214,13,0.4742,получателей: 61; плательщиков: 19; исходящий поток: 4 986 156 KZT,2,false,false,fast_transit|split|sync_inflow|cycle|depth_outlier|repeat_route,19,61,1817300,4986156,45,74,2.7437,7,0.9888,0.0011841,0.0860924,0.00245739,0.00576053
100000004825069100,peripheral,0,27,0.1383,"ниже порога конечного получателя: плательщиков 1 (нужно ≥ 2), получено 30 000 KZT (нужно ≥ 200 000 KZT)",2,false,false,,1,0,30000,0,4,0,0,1,0,0.000294149,0,2.48392e-14,0
100000004331458100,terminal,0.1111,45,0.2027,получено: 250 000 KZT; плательщиков: 2; исходящих: 0,2,false,false,,2,0,250000,0,2,0,0,1,0,0.00131365,0,0,0
100000002911170100,terminal,0.2,5,0.2535,получено: 300 000 KZT; плательщиков: 1; исходящих: 0,2,false,false,,1,0,300000,0,2,0,0,7,0,0.000321174,0,3.87669e-7,0
100000008011159100,consolidator,0.3203,15,0.3246,"плательщиков: 3, прямых seed: 0; дальше: 42% входящего",2,false,false,cycle,3,5,363000,153037,6,5,0.4216,7,0.3594,0.000483181,0.00130309,0.000149785,0.000122113
100000003854444100,distributor,0.4318,14,0.3718,получателей: 14; плательщиков: 1; исходящий поток: 2 322 909 KZT,2,false,false,fast_transit|depth_outlier,1,14,210000,2322909,4,14,11.0615,7,0.7448,0.000464039,0.00453322,0,0.00107526
100000008547948100,distributor,0.3564,0,0.3722,получателей: 26; плательщиков: 6; исходящий поток: 5 185 600 KZT,2,false,false,sync_inflow|cycle|depth_outlier,6,26,212665,5185600,7,31,24.3839,8,0.2163,0.000427668,0.000105507,0.00000564943,0.00113221
100000005175148100,peripheral,0,2,0.2258,"смешанные признаки: плательщиков 2, получателей 1, поток 94 000 KZT",2,false,false,fast_transit|mixed_signals|cycle,2,1,79000,15000,4,1,0.1899,7,1,0.00071686,0.000143144,0.00000512773,0
100000002087788100,peripheral,0,1,0.221,"ниже порога конечного получателя: плательщиков 1 (нужно ≥ 2), получено 100 500 KZT (нужно ≥ 200 000 KZT)",2,false,false,,1,0,100500,0,1,0,0,7,0,0.000654158,0,0,0
100000004150593100,distributor,0.3386,2,0.3229,получателей: 11; плательщиков: 1; исходящий поток: 871 165 KZT,2,false,false,fast_transit|cycle|burst|repeat_route,1,11,57000,871165,2,16,15.2836,7,0.8159,0.000304955,0.00282088,0.00000260364,0.000221641
100000001597505100,peripheral,0,30,0.2151,"смешанные признаки: плательщиков 1, получателей 1, поток 39 380 KZT",2,false,false,mixed_signals,1,1,26460,12920,1,1,0.4883,8,0,0.000313023,0.0000215234,2.82283e-293,0.00000978845
100000007629121100,peripheral,0,7,0.2325,"ниже порога конечного получателя: плательщиков 1 (нужно ≥ 2), получено 29 000 KZT (нужно ≥ 200 000 KZT)",2,false,false,,1,0,29000,0,1,0,0,10,0,0.000393718,0,0,0
100000005614315100,terminal,0.3893,2,0.2945,получено: 455 000 KZT; плательщиков: 1; исходящих: 0,2,false,false,,1,0,455000,0,1,0,0,7,0,0.000571622,0,0,0
100000008324800100,transit,0.9706,15,0.4837,передаёт 97% входящего; 100% исходящих — за 2 дня,2,false,false,fast_transit|cycle|repeat_route,3,1,526500,511000,17,13,0.9706,7,1,0.00194582,0,0.00310699,0.0000192202
100000005030592100,peripheral,0,2,0.1893,"ниже порога конечного получателя: плательщиков 1 (нужно ≥ 2), получено 10 000 KZT (нужно ≥ 200 000 KZT)",2,false,false,,1,0,10000,0,1,0,0,7,0,0.000287194,0,0.0000356763,0
100000001633685100,consolidator,0.7778,4,0.3902,"плательщиков: 3, прямых seed: 0; дальше: 0% входящего",2,false,false,,3,0,45000,0,3,0,0,7,0,0.000304518,0,0.000136885,0
100000001848426100,peripheral,0,19,0.1521,"ниже порога конечного получателя: плательщиков 1 (нужно ≥ 2), получено 95 530 KZT (нужно ≥ 200 000 KZT)",2,false,false,,1,0,95530,0,1,0,0,1,0,0.000302021,0,0.0000287214,0
100000004580202100,peripheral,0,28,0.2068,"смешанные признаки: плательщиков 1, получателей 3, поток 54 000 KZT",2,false,false,mixed_signals,1,3,9000,45000,1,4,5,7,0.1111,0.000320294,0,5.17578e-8,0.0000594441
100000008717375100,peripheral,0,30,0.2113,"ниже порога конечного получателя: плательщиков 1 (нужно ≥ 2), получено 29 506 KZT (нужно ≥ 200 000 KZT)",2,false,false,,1,0,29506,0,1,0,0,8,0,0.000300134,0,1.43156e-282,0
100000007861311100,peripheral,0,11,0.1463,"ниже порога конечного получателя: плательщиков 1 (нужно ≥ 2), получено 45 000 KZT (нужно ≥ 200 000 KZT)",2,false,false,,1,0,45000,0,1,0,0,1,0,0.000356455,0,1.0394e-293,0
100000005578559100,distributor,0.4851,10,0.3708,получателей: 21; плательщиков: 2; исходящий поток: 893 164 KZT,2,false,false,cycle|burst,2,21,131000,893163.67,2,23,6.818,7,0.455,0.000388782,0.0000343799,0.000002141,0.000966751
100000008764436100,peripheral,0,27,0.1284,"ниже порога конечного получателя: плательщиков 1 (нужно ≥ 2), получено 13 100 KZT (нужно ≥ 200 000 KZT)",2,false,false,,1,0,13100,0,1,0,0,1,0,0.000288453,0,2.48392e-14,0
100000000190228100,peripheral,0,10,0.2202,"смешанные признаки: плательщиков 1, получателей 1, поток 33 560 KZT",2,false,false,mixed_signals,1,1,5000,28560,1,1,5.712,8,0,0.000578558,0,0,0.000021598
100000003971049100,peripheral,0,4,0.2077,"ниже порога конечного получателя: плательщиков 1 (нужно ≥ 2), получено 55 900 KZT (нужно ≥ 200 000 KZT)",2,false,false,,1,0,55900,0,7,0,0,7,0,0.000292674,0,0.0000517213,0
100000008743913100,distributor,0.1994,0,0.3191,получателей: 13; плательщиков: 3; исходящий поток: 1 850 600 KZT,2,false,false,,3,13,149300,1850600,3,13,12.3952,9,0.448,0.00033027,0.0000190982,0.00000228451,0.000306065
100000004400361100,peripheral,0,17,0.1852,"ниже порога конечного получателя: плательщиков 1 (нужно ≥ 2), получено 10 000 KZT (нужно ≥ 200 000 KZT)",2,false,false,,1,0,10000,0,1,0,0,7,0,0.000285682,0,0.00000404076,0
100000002175422100,peripheral,0.0588,22,0.2613,"смешанные признаки: плательщиков 3, получателей 6, поток 1 689 688 KZT",2,false,false,mixed_signals|cycle|repeat_route,3,6,68500,1621188,5,14,23.667,7,0.4973,0.000839572,0.00254742,0,0.000158716
100000004544958100,peripheral,0,16,0.2574,"смешанные признаки: плательщиков 1, получателей 2, поток 191 200 KZT",2,false,false,mixed_signals|cycle,1,2,168000,23200,3,2,0.1381,8,0.2241,0.0012089,0.0000531092,0,0.0000208054
100000008466579100,distributor,0.4024,0,0.3585,получателей: 17; плательщиков: 2; исходящий поток: 1 933 000 KZT,2,false,false,cycle,2,17,36952,1933000,2,20,52.3111,8,0.0647,0.000354014,0.0000992531,5.41137e-7,0.000505632
100000001184915100,terminal,0.0025,2,0.2264,получено: 201 000 KZT; плательщиков: 1; исходящих: 0,2,false,false,,1,0,201000,0,2,0,0,7,0,0.00034749,0,0.0000356763,0
100000004435304100,peripheral,0,27,0.1367,"ниже порога конечного получателя: плательщиков 1 (нужно ≥ 2), получено 26 200 KZT (нужно ≥ 200 000 KZT)",2,false,false,,1,0,26200,0,1,0,0,1,0,0.000292869,0,2.48392e-14,0
100000008762728100,peripheral,0,2,0.1962,"ниже порога конечного получателя: плательщиков 1 (нужно ≥ 2), получено 17 026 KZT (нужно ≥ 200 000 KZT)",2,false,false,,1,0,17026,0,1,0,0,7,0,0.000315958,0,0.00000179078,0
100000004285800100,peripheral,0,9,0.2247,"смешанные признаки: плательщиков 1, получателей 1, поток 20 000 KZT",2,false,false,mixed_signals,1,1,5000,15000,1,1,3,10,0,0.000342293,0,0,0
100000008557672100,peripheral,0,27,0.1443,"ниже порога конечного получателя: плательщиков 1 (нужно ≥ 2), получено 49 125 KZT (нужно ≥ 200 000 KZT)",2,false,false,,1,0,49125,0,1,0,0,1,0,0.000300596,0,2.48392e-14,0
100000005142589100,peripheral,0,4,0.2068,"ниже порога конечного получателя: плательщиков 1 (нужно ≥ 2), получено 50 000 KZT (нужно ≥ 200 000 KZT)",2,false,false,,1,0,50000,0,2,0,0,7,0,0.000308674,0,0.0000534685,0
100000003747133100,transit,0.9295,4,0.4227,передаёт 105% входящего; 92% исходящих — за 2 дня,2,false,false,fast_transit,5,2,237068,250000,8,2,1.0545,7,0.92,0.000375917,0,0.00050567,0.0000961012
100000003289405100,terminal,0.2793,7,0.209,получено: 355 000 KZT; плательщиков: 1; исходящих: 0,2,false,false,,1,0,355000,0,1,0,0,1,0,0.000337071,0,0.0000621186,0
100000002691858100,peripheral,0,30,0.2188,"ниже порога конечного получателя: плательщиков 1 (нужно ≥ 2), получено 51 500 KZT (нужно ≥ 200 000 KZT)",2,false,false,,1,0,51500,0,1,0,0,8,0,0.000340453,0,2.82283e-293,0
100000007534354100,peripheral,0,10,0.1642,"смешанные признаки: плательщиков 1, получателей 3, поток 197 810 KZT",2,false,false,mixed_signals,1,3,50000,147810,1,3,2.9562,1,0,0.000301898,0.0000132171,4.08825e-8,0.00000237776
100000000765628100,peripheral,0,2,0.1818,"ниже порога конечного получателя: плательщиков 1 (нужно ≥ 2), получено 5 000 KZT (нужно ≥ 200 000 KZT)",2,false,false,,1,0,5000,0,1,0,0,7,0,0.000313696,0,0.00000247505,0
100000004962193100,consolidator,0.7778,4,0.4337,"плательщиков: 8, прямых seed: 0; дальше: 0% входящего",2,false,false,sync_inflow,8,0,900468,0,11,0,0,7,0,0.000653271,0,0.000499417,0
100000005032294100,peripheral,0,8,0.1976,"ниже порога конечного получателя: плательщиков 1 (нужно ≥ 2), получено 10 000 KZT (нужно ≥ 200 000 KZT)",2,false,false,,1,0,10000,0,1,0,0,8,0,0.000389897,0,0,0
100000001251686100,peripheral,0,4,0.2145,"ниже порога конечного получателя: плательщиков 1 (нужно ≥ 2), получено 18 000 KZT (нужно ≥ 200 000 KZT)",2,false,false,,1,0,18000,0,1,0,0,9,0,0.000294953,0,0.000142767,0
100000002398779100,consolidator,0.6925,4,0.4488,"плательщиков: 13, прямых seed: 0; дальше: 6% входящего",2,false,false,fast_transit|sync_inflow|repeat_route,13,1,1095690,66000,28,3,0.0602,8,1,0.00158968,0.0000393462,0.00059279,0.0000127805
100000008512827100,distributor,0.0714,0,0.2879,получателей: 10; плательщиков: 3; исходящий поток: 1 944 500 KZT,2,false,false,fast_transit|depth_outlier,3,10,107949,1944500,3,10,18.0131,9,0.7987,0.000333393,0.000145969,3.91181e-7,0.000137265
100000003943483100,peripheral,0,25,0.198,"ниже порога конечного получателя: плательщиков 1 (нужно ≥ 2), получено 10 000 KZT (нужно ≥ 200 000 KZT)",2,false,false,,1,0,10000,0,1,0,0,8,0,0.000327145,0,0,0
100000005031696100,peripheral,0,7,0.2542,"смешанные признаки: плательщиков 1, получателей 2, поток 120 000 KZT",2,false,false,mixed_signals,1,2,5000,115000,1,3,23,10,0.0435,0.000536485,0,0,0.0000959031
100000002703376100,peripheral,0,4,0.2055,"ниже порога конечного получателя: плательщиков 1 (нужно ≥ 2), получено 46 501 KZT (нужно ≥ 200 000 KZT)",2,false,false,,1,0,46501,0,1,0,0,7,0,0.000291222,0,0.0000517213,0
100000003617552100,peripheral,0,60,0.1421,"ниже порога конечного получателя: плательщиков 1 (нужно ≥ 2), получено 25 000 KZT (нужно ≥ 200 000 KZT)",2,false,false,,1,0,25000,0,1,0,0,1,0,0.000547691,0,0,0
100000007617808100,terminal,0.3846,17,0.2846,получено: 450 000 KZT; плательщиков: 1; исходящих: 0,2,false,false,,1,0,450000,0,1,0,0,7,0,0.000358063,0,0.00000404076,0
100000002613776100,peripheral,0,4,0.2006,"ниже порога конечного получателя: плательщиков 1 (нужно ≥ 2), получено 30 000 KZT (нужно ≥ 200 000 KZT)",2,false,false,,1,0,30000,0,2,0,0,7,0,0.000299848,0,0.000159481,0
100000002578405100,distributor,0.8793,18,0.4039,получателей: 116; плательщиков: 2; исходящий поток: 3 108 352 KZT,2,false,false,fast_transit|cycle|depth_outlier|repeat_route,2,116,1200351,3108352,7,120,2.5895,1,0.6693,0.000566576,4.93371e-10,2.50548e-14,0.000171001
100000006161893100,peripheral,0,2,0.199,"ниже порога конечного получателя: плательщиков 1 (нужно ≥ 2), получено 14 000 KZT (нужно ≥ 200 000 KZT)",2,false,false,,1,0,14000,0,1,0,0,7,0,0.000528712,0,0,0
100000002633701100,terminal,0.1432,0,0.1846,получено: 266 850 KZT; плательщиков: 1; исходящих: 0,2,false,false,,1,0,266850,0,1,0,0,1,0,0.00030898,0,5.0128e-7,0
100000002432143100,peripheral,0,4,0.2331,"ниже порога конечного получателя: плательщиков 1 (нужно ≥ 2), получено 81 310 KZT (нужно ≥ 200 000 KZT)",2,false,false,,1,0,81310,0,1,0,0,9,0,0.000333346,0,0.000142767,0
100000000490383100,peripheral,0.1579,2,0.2428,"смешанные признаки: плательщиков 3, получателей 8, поток 523 975 KZT",2,false,false,mixed_signals,3,8,62600,461375,3,9,7.3702,7,0.0108,0.00054477,0.00131333,0.00000281396,0.0000516503
100000005809252100,peripheral,0,6,0.2031,"ниже порога конечного получателя: плательщиков 1 (нужно ≥ 2), получено 25 000 KZT (нужно ≥ 200 000 KZT)",2,false,false,,1,0,25000,0,1,0,0,7,0,0.000563642,0,0,0
100000006612238100,peripheral,0,27,0.1607,"смешанные признаки: плательщиков 1, получателей 1, поток 185 000 KZT",2,false,false,fast_transit|mixed_signals|cycle,1,1,160000,25000,1,1,0.1563,1,1,0.000337969,5.11596e-12,2.48392e-14,0
100000002593038100,peripheral,0,25,0.2181,"ниже порога конечного получателя: плательщиков 1 (нужно ≥ 2), получено 28 500 KZT (нужно ≥ 200 000 KZT)",2,false,false,,1,0,28500,0,1,0,0,8,0,0.000653367,0,0,0
100000002947299100,peripheral,0,4,0.2337,"ниже порога конечного получателя: плательщиков 1 (нужно ≥ 2), получено 85 000 KZT (нужно ≥ 200 000 KZT)",2,false,false,,1,0,85000,0,1,0,0,9,0,0.000335583,0,0.000142767,0
100000004336312100,transit,0.7072,23,0.3696,передаёт 80% входящего; 52% исходящих — за 2 дня,2,false,false,fast_transit|sync_inflow|cycle,3,2,90415,72650,7,3,0.8035,7,0.5182,0.000691388,0.00000768822,1.51691e-7,0.000033784
100000001308856100,peripheral,0,27,0.137,"ниже порога конечного получателя: плательщиков 1 (нужно ≥ 2), получено 27 000 KZT (нужно ≥ 200 000 KZT)",2,false,false,,1,0,27000,0,1,0,0,1,0,0.000293138,0,2.48392e-14,0
100000008238989100,terminal,0,6,0.2218,получено: 200 000 KZT; плательщиков: 1; исходящих: 0,2,false,false,,1,0,200000,0,2,0,0,7,0,0.000321461,0,0.0000919076,0
100000005561741100,peripheral,0,11,0.2187,"ниже порога конечного получателя: плательщиков 1 (нужно ≥ 2), получено 25 000 KZT (нужно ≥ 200 000 KZT)",2,false,false,,1,0,25000,0,1,0,0,9,0,0.000328011,0,0,0
100000006248077100,peripheral,0,17,0.2043,"ниже порога конечного получателя: плательщиков 1 (нужно ≥ 2), получено 50 000 KZT (нужно ≥ 200 000 KZT)",2,false,false,,1,0,50000,0,1,0,0,7,0,0.000292262,0,0.00000404076,0
100000000646541100,consolidator,0.7778,6,0.3865,"плательщиков: 3, прямых seed: 0; дальше: 0% входящего",2,false,false,,3,0,25300,0,4,0,0,7,0,0.000502843,0,0.0000457758,0
100000006595426100,peripheral,0,4,0.2136,"ниже порога конечного получателя: плательщиков 1 (нужно ≥ 2), получено 84 800 KZT (нужно ≥ 200 000 KZT)",2,false,false,,1,0,84800,0,3,0,0,7,0,0.000332469,0,0.0000531019,0
100000002956898100,terminal,0.1841,2,0.2563,получено: 290 240 KZT; плательщиков: 2; исходящих: 0,2,false,false,,2,0,290240,0,2,0,0,7,0,0.000374624,0,0.0000882462,0
100000001262647100,peripheral,0,2,0.1998,"ниже порога конечного получателя: плательщиков 1 (нужно ≥ 2), получено 23 650 KZT (нужно ≥ 200 000 KZT)",2,false,false,,1,0,23650,0,1,0,0,7,0,0.000301743,0,0,0
100000005849100100,peripheral,0,7,0.2363,"ниже порога конечного получателя: плательщиков 1 (нужно ≥ 2), получено 33 300 KZT (нужно ≥ 200 000 KZT)",2,false,false,,1,0,33300,0,1,0,0,10,0,0.000487785,0,0,0
100000000533217100,peripheral,0,6,0.214,"ниже порога конечного получателя: плательщиков 1 (нужно ≥ 2), получено 53 587 KZT (нужно ≥ 200 000 KZT)",2,false,false,,1,0,53587,0,1,0,0,7,0,0.000648452,0,0,0
100000002812641100,peripheral,0,10,0.2496,"смешанные признаки: плательщиков 1, получателей 1, поток 17 024 KZT",2,false,false,fast_transit|mixed_signals|cycle,1,1,10000,7023.95,1,1,0.7024,8,1,0.00217734,0.0000130803,0,0
100000008647905100,peripheral,0,14,0.2322,"смешанные признаки: плательщиков 1, получателей 2, поток 394 222 KZT",2,false,false,fast_transit|mixed_signals,1,2,50000,344222,1,2,6.8844,7,0.6705,0.000326895,0,0,0.0000384405
100000002842337100,peripheral,0,11,0.1477,"ниже порога конечного получателя: плательщиков 1 (нужно ≥ 2), получено 50 000 KZT (нужно ≥ 200 000 KZT)",2,false,false,,1,0,50000,0,1,0,0,1,0,0.000364501,0,1.0394e-293,0
100000002445750100,peripheral,0,6,0.2164,"смешанные признаки: плательщиков 1, получателей 1, поток 80 000 KZT",2,false,false,mixed_signals,1,1,70000,10000,1,1,0.1429,7,0,0.000534092,0,0,0.0000194184
100000005619339100,transit,0.7115,2,0.3329,передаёт 109% входящего; 0% исходящих — за 2 дня,2,false,false,,1,1,5000,5442.6,1,1,1.0885,7,0,0.000319061,0.00000231446,2.05226e-7,0
100000006844768100,peripheral,0,9,0.2569,"смешанные признаки: плательщиков 1, получателей 2, поток 470 000 KZT",2,false,false,fast_transit|mixed_signals|cycle,1,2,282000,188000,5,5,0.6667,7,0.867,0.00137326,0.00444055,0,0.0000388368
100000002488629100,peripheral,0,19,0.1489,"ниже порога конечного получателя: плательщиков 1 (нужно ≥ 2), получено 73 050 KZT (нужно ≥ 200 000 KZT)",2,false,false,,1,0,73050,0,1,0,0,1,0,0.000297789,0,0.0000287214,0
100000002796853100,peripheral,0,0,0.2081,"смешанные признаки: плательщиков 1, получателей 1, поток 245 168 KZT",2,false,false,fast_transit|mixed_signals|cycle,1,1,199000,46167.62,8,5,0.232,1,0.8917,0.00217385,0,4.94957e-8,0
100000006755850100,terminal,0.3784,16,0.3357,получено: 443 476 KZT; плательщиков: 1; исходящих: 0,2,false,false,,1,0,443475.8,0,3,0,0,11,0,0.000645011,0,0,0
100000008733194100,peripheral,0.2,15,0.2468,"смешанные признаки: плательщиков 4, получателей 8, поток 411 119 KZT",2,false,false,fast_transit|mixed_signals|cycle,4,8,251424,159695,4,8,0.6352,7,0.7115,0.000467906,0.00000228588,0.000519439,0.000200454
100000001904863100,terminal,0.4286,8,0.3347,получено: 500 000 KZT; плательщиков: 1; исходящих: 0,2,false,false,,1,0,500000,0,1,0,0,11,0,0.00047824,0,4.34391e-9,0
100000001641951100,peripheral,0,12,0.2367,"ниже порога конечного получателя: плательщиков 1 (нужно ≥ 2), получено 25 000 KZT (нужно ≥ 200 000 KZT)",2,false,false,,1,0,25000,0,4,0,0,11,0,0.000317279,0,2.00745e-308,0
100000004816564100,peripheral,0,2,0.2313,"смешанные признаки: плательщиков 1, получателей 1, поток 290 480 KZT",2,false,false,fast_transit|mixed_signals,1,1,285480,5000,1,1,0.0175,7,1,0.000374159,0,0.0000356763,0.0000192202
100000002205022100,peripheral,0,17,0.2688,"смешанные признаки: плательщиков 1, получателей 3, поток 525 100 KZT",2,false,false,mixed_signals,1,3,7100,518000,1,3,72.9577,10,0.0116,0.000542351,0.00000176177,0,0.0000545124
100000002267998100,peripheral,0,28,0.2763,"смешанные признаки: плательщиков 2, получателей 3, поток 1 535 000 KZT",2,false,false,fast_transit|mixed_signals|cycle,2,3,420000,1115000,4,12,2.6548,7,0.7354,0.00159032,0.000170214,0.00000324963,0.0000588496
100000002199091100,peripheral,0,27,0.1477,"ниже порога конечного получателя: плательщиков 1 (нужно ≥ 2), получено 65 000 KZT (нужно ≥ 200 000 KZT)",2,false,false,,1,0,65000,0,1,0,0,1,0,0.000305947,0,2.48392e-14,0
100000008571443100,terminal,0,4,0.21,получено: 65 000 KZT; плательщиков: 2; исходящих: 0,2,false,false,,2,0,65000,0,2,0,0,7,0,0.000313012,0,0.000312562,0
100000002742067100,peripheral,0,2,0.1922,"ниже порога конечного получателя: плательщиков 1 (нужно ≥ 2), получено 12 730 KZT (нужно ≥ 200 000 KZT)",2,false,false,,1,0,12730,0,1,0,0,7,0,0.000288056,0,0.0000356763,0
100000003292979100,peripheral,0,16,0.2402,"ниже порога конечного получателя: плательщиков 1 (нужно ≥ 2), получено 48 950 KZT (нужно ≥ 200 000 KZT)",2,false,false,,1,0,48950,0,1,0,0,10,0,0.000328479,0,9.97781e-7,0
100000002558173100,peripheral,0,30,0.1975,"ниже порога конечного получателя: плательщиков 1 (нужно ≥ 2), получено 9 300 KZT (нужно ≥ 200 000 KZT)",2,false,false,,1,0,9300,0,1,0,0,8,0,0.000294225,0,2.82283e-293,0
100000004687282100,peripheral,0,2,0.1985,"ниже порога конечного получателя: плательщиков 1 (нужно ≥ 2), получено 20 000 KZT (нужно ≥ 200 000 KZT)",2,false,false,,1,0,20000,0,1,0,0,7,0,0.000330391,0,1.33104e-312,0
100000003034546100,terminal,0.4175,0,0.2299,получено: 486 715 KZT; плательщиков: 1; исходящих: 0,2,false,false,,1,0,486715,0,2,0,0,1,0,0.000329531,0,5.0128e-7,0
100000003798151100,terminal,0.2727,2,0.2754,получено: 350 000 KZT; плательщиков: 1; исходящих: 0,2,false,false,,1,0,350000,0,3,0,0,7,0,0.0005719,0,0,0
100000008710791100,distributor,0.4511,0,0.3883,получателей: 23; плательщиков: 3; исходящий поток: 5 521 511 KZT,2,false,false,fast_transit|depth_outlier,3,23,181510,5521511,3,25,30.4199,9,0.7007,0.000332412,0.000172824,0.00000166415,0.000314609
100000008688476100,peripheral,0,27,0.1356,"ниже порога конечного получателя: плательщиков 1 (нужно ≥ 2), получено 24 000 KZT (нужно ≥ 200 000 KZT)",2,false,false,,1,0,24000,0,1,0,0,1,0,0.000292127,0,2.48392e-14,0
100000003242289100,distributor,0.4511,21,0.3738,получателей: 23; плательщиков: 3; исходящий поток: 2 377 741 KZT,2,false,false,cycle|depth_outlier,3,23,550791,2377741,8,26,4.317,7,0.3309,0.000437086,0.0125212,0.000192013,0.00100135
100000006564102100,terminal,0.0767,4,0.2582,получено: 233 235 KZT; плательщиков: 1; исходящих: 0,2,false,false,,1,0,233235,0,1,0,0,9,0,0.000425477,0,0.000142767,0
100000001526235100,peripheral,0.1579,33,0.2497,"смешанные признаки: плательщиков 3, получателей 8, поток 514 750 KZT",2,false,false,mixed_signals|cycle|repeat_route,3,8,82000,432750,4,9,5.2774,7,0.1346,0.000872288,0.000134186,2.09901e-8,0.0002566
100000004398811100,peripheral,0,17,0.1854,"смешанные признаки: плательщиков 1, получателей 3, поток 1 466 672 KZT",2,false,false,mixed_signals,1,3,426000,1040672,1,4,2.4429,1,0.3949,0.000347678,0.000202831,0.0000621186,0.0000014861
100000002957787100,distributor,0.5455,6,0.4454,получателей: 34; плательщиков: 4; исходящий поток: 1 276 154 KZT,2,false,false,fast_transit|cycle|repeat_route,4,34,84956,1276153.96,7,41,15.0214,7,0.7551,0.000610126,0.0344933,0.000191538,0.00427665
100000002621915100,peripheral,0,2,0.1869,"ниже порога конечного получателя: плательщиков 1 (нужно ≥ 2), получено 5 000 KZT (нужно ≥ 200 000 KZT)",2,false,false,,1,0,5000,0,1,0,0,7,0,0.000528896,0,0,0
100000008283183100,peripheral,0,27,0.1379,"ниже порога конечного получателя: плательщиков 1 (нужно ≥ 2), получено 29 000 KZT (нужно ≥ 200 000 KZT)",2,false,false,,1,0,29000,0,1,0,0,1,0,0.000293812,0,2.48392e-14,0
100000003843844100,peripheral,0,4,0.2259,"смешанные признаки: плательщиков 1, получателей 1, поток 254 680 KZT",3,false,false,mixed_signals,1,1,16680,238000,1,1,14.2686,7,0,0.000290166,0,0.00025946,0.0000192202
100000000954884100,peripheral,0,31,0.2001,"ниже порога конечного получателя: плательщиков 1 (нужно ≥ 2), получено 34 000 KZT (нужно ≥ 200 000 KZT)",3,false,false,,1,0,34000,0,1,0,0,7,0,0.000309713,0,4.40237e-296,0
100000005893892100,peripheral,0,1,0.2126,"ниже порога конечного получателя: плательщиков 1 (нужно ≥ 2), получено 102 780 KZT (нужно ≥ 200 000 KZT)",3,false,false,,1,0,102780,0,1,0,0,7,0,0.000287341,0,0.00294017,0
100000001819396100,peripheral,0,20,0.2192,"ниже порога конечного получателя: плательщиков 1 (нужно ≥ 2), получено 166 080 KZT (нужно ≥ 200 000 KZT)",3,false,false,,1,0,166080,0,1,0,0,7,0,0.000325315,0,1.43156e-282,0
100000008472324100,terminal,0.0128,1,0.2226,получено: 205 200 KZT; плательщиков: 1; исходящих: 0,3,false,false,,1,0,205200,0,1,0,0,7,0,0.000290633,0,0.00294017,0
100000002646745100,peripheral,0,18,0.1276,"ниже порога конечного получателя: плательщиков 1 (нужно ≥ 2), получено 12 300 KZT (нужно ≥ 200 000 KZT)",3,false,false,,1,0,12300,0,1,0,0,1,0,0.000285943,0,9.97519e-12,0
100000008405209100,peripheral,0,21,0.2053,"ниже порога конечного получателя: плательщиков 1 (нужно ≥ 2), получено 54 400 KZT (нужно ≥ 200 000 KZT)",3,false,false,,1,0,54400,0,1,0,0,7,0,0.000292537,0,0.000233345,0
100000004417753100,terminal,0,13,0.2224,получено: 192 099 KZT; плательщиков: 2; исходящих: 0,3,false,false,,2,0,192099,0,2,0,0,7,0,0.000390873,0,0.000133587,0
100000003457710100,peripheral,0,1,0.2457,"смешанные признаки: плательщиков 1, получателей 1, поток 1 632 555 KZT",3,false,false,fast_transit|mixed_signals|depth_outlier,1,1,326555,1306000,1,2,3.9993,7,1,0.000294533,0,0.00294017,0.0000192202
100000007333038100,peripheral,0,5,0.145,"смешанные признаки: плательщиков 1, получателей 2, поток 52 494 KZT",3,false,false,mixed_signals,1,2,17500,34994,1,2,1.9997,1,0,0.000298064,0,4.11219e-7,0.00000158517
100000006444163100,peripheral,0,15,0.1902,"ниже порога конечного получателя: плательщиков 1 (нужно ≥ 2), получено 6 026 KZT (нужно ≥ 200 000 KZT)",3,false,false,,1,0,6026,0,1,0,0,7,0,0.000318427,0,0.00000235094,0
100000008706947100,peripheral,0,18,0.1316,"ниже порога конечного получателя: плательщиков 1 (нужно ≥ 2), получено 17 200 KZT (нужно ≥ 200 000 KZT)",3,false,false,,1,0,17200,0,1,0,0,1,0,0.000286702,0,9.97519e-12,0
100000008761219100,peripheral,0,0,0.2507,"смешанные признаки: плательщиков 2, получателей 2, поток 425 000 KZT",3,false,false,fast_transit|mixed_signals,2,2,50000,375000,2,2,7.5,9,1,0.00029126,0,0.00000298153,0.0000417264
100000005022552100,peripheral,0,2,0.2286,"смешанные признаки: плательщиков 1, получателей 1, поток 246 000 KZT",3,false,false,mixed_signals,1,1,241000,5000,3,1,0.0207,7,0,0.000355746,0.000022554,0.0000525698,0
100000008735832100,peripheral,0,18,0.1318,"ниже порога конечного получателя: плательщиков 1 (нужно ≥ 2), получено 17 600 KZT (нужно ≥ 200 000 KZT)",3,false,false,,1,0,17600,0,1,0,0,1,0,0.000286764,0,9.97519e-12,0
100000005661528100,peripheral,0,12,0.196,"ниже порога конечного получателя: плательщиков 1 (нужно ≥ 2), получено 25 000 KZT (нужно ≥ 200 000 KZT)",3,false,false,,1,0,25000,0,1,0,0,7,0,0.000289517,0,0.00013028,0
100000002529880100,terminal,0,0,0.2278,получено: 147 000 KZT; плательщиков: 2; исходящих: 0,3,false,false,,2,0,147000,0,2,0,0,8,0,0.000304611,0,0.00000381589,0
100000001969496100,peripheral,0,8,0.1949,"ниже порога конечного получателя: плательщиков 1 (нужно ≥ 2), получено 22 740 KZT (нужно ≥ 200 000 KZT)",3,false,false,,1,0,22740,0,1,0,0,7,0,0.000290443,0,0.0000244138,0
100000003215448100,peripheral,0,13,0.2223,"смешанные признаки: плательщиков 1, получателей 2, поток 215 309 KZT",3,false,false,mixed_signals,1,2,91309,124000,1,4,1.358,7,0.0645,0.000302469,0,0.00160441,0.0000384405
100000006894637100,peripheral,0,9,0.2048,"ниже порога конечного получателя: плательщиков 1 (нужно ≥ 2), получено 52 831 KZT (нужно ≥ 200 000 KZT)",3,false,false,,1,0,52831,0,1,0,0,7,0,0.000288687,0,0.00113194,0
100000002936322100,terminal,0.5948,12,0.3202,получено: 787 133 KZT; плательщиков: 2; исходящих: 0,3,false,false,,2,0,787133,0,2,0,0,7,0,0.00036425,0,0.00168377,0
100000005061890100,peripheral,0,15,0.227,"ниже порога конечного получателя: плательщиков 1 (нужно ≥ 2), получено 90 000 KZT (нужно ≥ 200 000 KZT)",3,false,false,,1,0,90000,0,1,0,0,7,0,0.000531458,0,0,0
100000004017410100,peripheral,0,23,0.2648,"смешанные признаки: плательщиков 2, получателей 5, поток 1 524 565 KZT",3,false,false,mixed_signals|cycle|depth_outlier,2,5,193650,1330915,6,11,6.8728,7,0.0413,0.00112291,0.00000787929,0.0000177696,0.0000405871
100000002983426100,peripheral,0,10,0.2151,"ниже порога конечного получателя: плательщиков 1 (нужно ≥ 2), получено 88 945 KZT (нужно ≥ 200 000 KZT)",3,false,false,,1,0,88945,0,1,0,0,7,0,0.000316946,0,6.40702e-7,0
100000005530114100,peripheral,0,21,0.2229,"смешанные признаки: плательщиков 2, получателей 1, поток 161 970 KZT",3,false,false,fast_transit|mixed_signals,2,1,136970,25000,2,1,0.1825,7,1,0.00049196,0.00126142,0.000237913,0.0000044583
100000001169666100,peripheral,0,11,0.2456,"смешанные признаки: плательщиков 1, получателей 1, поток 244 000 KZT",3,false,false,mixed_signals,1,1,220000,24000,2,1,0.1091,9,0,0.000317781,0,5.68971e-8,0.0000219943
100000001784279100,peripheral,0,9,0.2002,"ниже порога конечного получателя: плательщиков 1 (нужно ≥ 2), получено 35 674 KZT (нужно ≥ 200 000 KZT)",3,false,false,,1,0,35674,0,1,0,0,7,0,0.000287177,0,0.00113194,0
100000008744364100,peripheral,0,18,0.1354,"ниже порога конечного получателя: плательщиков 1 (нужно ≥ 2), получено 23 700 KZT (нужно ≥ 200 000 KZT)",3,false,false,,1,0,23700,0,1,0,0,1,0,0.000287709,0,9.97519e-12,0
100000008714412100,peripheral,0,11,0.2407,"ниже порога конечного получателя: плательщиков 1 (нужно ≥ 2), получено 169 000 KZT (нужно ≥ 200 000 KZT)",3,false,false,,1,0,169000,0,1,0,0,9,0,0.000309959,0,5.68971e-8,0
100000007754369100,peripheral,0,9,0.2101,"ниже порога конечного получателя: плательщиков 1 (нужно ≥ 2), получено 82 424 KZT (нужно ≥ 200 000 KZT)",3,false,false,,1,0,82424,0,1,0,0,7,0,0.000291291,0,0.00113194,0
100000003122817100,terminal,0.3795,20,0.2846,получено: 444 680 KZT; плательщиков: 1; исходящих: 0,3,false,false,,1,0,444680,0,1,0,0,7,0,0.000394558,0,1.43156e-282,0
100000003711830100,peripheral,0,13,0.2043,"ниже порога конечного получателя: плательщиков 1 (нужно ≥ 2), получено 50 000 KZT (нужно ≥ 200 000 KZT)",3,false,false,,1,0,50000,0,1,0,0,7,0,0.00029413,0,0.00160441,0
100000001110358100,terminal,0,9,0.199,получено: 32 000 KZT; плательщиков: 2; исходящих: 0,3,false,false,,2,0,32000,0,2,0,0,7,0,0.000291394,0,0.00137125,0
100000006530134100,terminal,0,1,0.2169,получено: 144 663 KZT; плательщиков: 2; исходящих: 0,3,false,false,,2,0,144663,0,2,0,0,7,0,0.000297453,0,0.00358299,0
100000001639766100,peripheral,0,19,0.1419,"ниже порога конечного получателя: плательщиков 1 (нужно ≥ 2), получено 20 000 KZT (нужно ≥ 200 000 KZT)",3,false,false,,1,0,20000,0,1,0,0,1,0,0.000647182,0,0,0
100000003242795100,peripheral,0,1,0.2135,"ниже порога конечного получателя: плательщиков 1 (нужно ≥ 2), получено 111 000 KZT (нужно ≥ 200 000 KZT)",3,false,false,,1,0,111000,0,1,0,0,7,0,0.000287605,0,0.00294017,0
100000004970752100,peripheral,0,6,0.1964,"ниже порога конечного получателя: плательщиков 1 (нужно ≥ 2), получено 10 000 KZT (нужно ≥ 200 000 KZT)",3,false,false,,1,0,10000,0,1,0,0,7,0,0.000738015,0,0,0
100000004564736100,peripheral,0,28,0.192,"ниже порога конечного получателя: плательщиков 1 (нужно ≥ 2), получено 15 000 KZT (нужно ≥ 200 000 KZT)",3,false,false,,1,0,15000,0,2,0,0,7,0,0.000374787,0,0,0
100000005873152100,transit,0.8,4,0.3997,передаёт 100% входящего; 0% исходящих — за 2 дня,3,false,false,cycle,1,1,10000,10000,1,1,1,11,0,0.000463875,1.38517e-7,0,3.96294e-7
100000001637376100,peripheral,0,1,0.2274,"смешанные признаки: плательщиков 1, получателей 1, поток 350 950 KZT",3,false,false,mixed_signals,1,1,116700,234250,1,2,2.0073,7,0.4952,0.000287788,0,0.00294017,0.0000192202
100000006710485100,peripheral,0,18,0.1334,"ниже порога конечного получателя: плательщиков 1 (нужно ≥ 2), получено 20 000 KZT (нужно ≥ 200 000 KZT)",3,false,false,,1,0,20000,0,1,0,0,1,0,0.000287136,0,9.97519e-12,0
100000003582677100,peripheral,0,4,0.2157,"смешанные признаки: плательщиков 2, получателей 4, поток 85 757 KZT",3,false,false,mixed_signals|cycle,2,4,29756.99,56000,2,5,1.8819,7,0,0.000291702,0.00126254,0.00224723,0.000178881
100000008713685100,peripheral,0,18,0.1442,"ниже порога конечного получателя: плательщиков 1 (нужно ≥ 2), получено 49 700 KZT (нужно ≥ 200 000 KZT)",3,false,false,,1,0,49700,0,1,0,0,1,0,0.000291738,0,9.97519e-12,0
100000008070101100,peripheral,0,0,0.2229,"ниже порога конечного получателя: плательщиков 1 (нужно ≥ 2), получено 100 000 KZT (нужно ≥ 200 000 KZT)",3,false,false,,1,0,100000,0,1,0,0,8,0,0.000291047,0,0.00000196621,0
100000004475818100,peripheral,0,4,0.2114,"смешанные признаки: плательщиков 1, получателей 3, поток 66 989 KZT",3,false,false,fast_transit|mixed_signals|cycle,1,3,13000,53989,1,3,4.153,7,1,0.000308107,0.000259502,0.000106942,0.0000694018
100000007197866100,peripheral,0,13,0.2003,"смешанные признаки: плательщиков 1, получателей 1, поток 35 000 KZT",3,false,false,fast_transit|mixed_signals,1,1,20000,15000,1,1,0.75,7,1,0.000288074,0,0.00160441,0.0000192202
100000006965162100,peripheral,0,23,0.1857,"ниже порога конечного получателя: плательщиков 1 (нужно ≥ 2), получено 10 000 KZT (нужно ≥ 200 000 KZT)",3,false,false,,1,0,10000,0,1,0,0,7,0,0.00030753,0,0,0
100000005995391100,peripheral,0,18,0.1316,"ниже порога конечного получателя: плательщиков 1 (нужно ≥ 2), получено 17 200 KZT (нужно ≥ 200 000 KZT)",3,false,false,,1,0,17200,0,1,0,0,1,0,0.000286702,0,9.97519e-12,0
100000003834495100,consolidator,0.7155,9,0.4116,"плательщиков: 3, прямых seed: 0; дальше: 3% входящего",3,false,false,fast_transit,3,1,602441,20000,5,1,0.0332,7,1,0.000616996,0.000485634,0.00228799,0.00000287171
100000001223977100,peripheral,0,7,0.228,"смешанные признаки: плательщиков 1, получателей 1, поток 23 000 KZT",3,false,false,mixed_signals,1,1,5000,18000,1,1,3.6,10,0,0.000303864,0,0,0.0000241739
100000001046057100,peripheral,0,29,0.2109,"ниже порога конечного получателя: плательщиков 1 (нужно ≥ 2), получено 83 420 KZT (нужно ≥ 200 000 KZT)",3,false,false,,1,0,83420,0,1,0,0,7,0,0.00031676,0,4.86783e-8,0
100000002989353100,peripheral,0,5,0.1876,"смешанные признаки: плательщиков 1, получателей 2, поток 821 160 KZT",3,false,false,fast_transit|mixed_signals,1,2,500000,321160,2,2,0.6423,2,0.9341,0.000307683,0,3.79414e-7,0.00000277406
100000006714366100,peripheral,0,4,0.1929,"смешанные признаки: плательщиков 1, получателей 1, поток 15 500 KZT",3,false,false,fast_transit|mixed_signals,1,1,10500,5000,1,1,0.4762,7,1,0.000287895,0,0.00025946,0.0000192202
100000001063678100,peripheral,0,28,0.2165,"смешанные признаки: плательщиков 1, получателей 2, поток 125 000 KZT",3,false,false,mixed_signals,1,2,35000,90000,1,2,2.5714,7,0.2222,0.00032647,0,0.0000031721,0.0000396294
100000004889043100,terminal,0.1525,6,0.2458,получено: 272 000 KZT; плательщиков: 2; исходящих: 0,3,false,false,,2,0,272000,0,4,0,0,7,0,0.000296871,0,0.00584596,0
100000002984403100,peripheral,0,33,0.204,"смешанные признаки: плательщиков 1, получателей 1, поток 45 000 KZT",3,false,false,mixed_signals,1,1,20000,25000,1,1,1.25,7,0,0.000318304,0,0.00000250068,0.0000200128
100000003951827100,peripheral,0,6,0.1969,"смешанные признаки: плательщиков 1, получателей 2, поток 26 000 KZT",3,false,false,mixed_signals,1,2,9000,17000,1,2,1.8889,7,0,0.000284541,0.000164244,0.00290578,0.00000132652
100000000933075100,peripheral,0,25,0.2361,"смешанные признаки: плательщиков 1, получателей 2, поток 95 000 KZT",3,false,false,fast_transit|mixed_signals|cycle,1,2,40000,55000,1,2,1.375,8,0.7273,0.000801915,0,0.00000102523,0.0000213999
100000008502995100,peripheral,0,17,0.2063,"ниже порога конечного получателя: плательщиков 1 (нужно ≥ 2), получено 25 000 KZT (нужно ≥ 200 000 KZT)",3,false,false,,1,0,25000,0,2,0,0,7,0,0.00072124,0,0.000017483,0
100000008086440100,transit,0.6547,9,0.3613,передаёт 81% входящего; 24% исходящих — за 2 дня,3,false,false,cycle,1,5,199733,161300,1,6,0.8076,7,0.2356,0.000335715,0.0015616,0.00113791,0.000105198
100000008465789100,distributor,0.4802,0,0.3796,получателей: 16; плательщиков: 1; исходящий поток: 1 858 100 KZT,3,false,false,cycle|depth_outlier,1,16,30099,1858100,1,17,61.7329,8,0.478,0.000288328,0.0000263814,2.61257e-7,0.000845096
100000002550141100,peripheral,0,12,0.2128,"ниже порога конечного получателя: плательщиков 1 (нужно ≥ 2), получено 100 586 KZT (нужно ≥ 200 000 KZT)",3,false,false,,1,0,100586,0,1,0,0,7,0,0.000306084,0,0.00013028,0
100000008739887100,peripheral,0,9,0.2334,"смешанные признаки: плательщиков 2, получателей 2, поток 521 000 KZT",3,false,false,fast_transit|mixed_signals,2,2,214000,307000,3,2,1.4346,7,1,0.000331386,0,0.00274232,0.0000384405
100000008532050100,terminal,0.3895,1,0.284,получено: 455 156 KZT; плательщиков: 1; исходящих: 0,3,false,false,,1,0,455156,0,1,0,0,7,0,0.000298666,0,0.00294017,0
100000008422226100,peripheral,0,6,0.2113,"ниже порога конечного получателя: плательщиков 1 (нужно ≥ 2), получено 87 450 KZT (нужно ≥ 200 000 KZT)",3,false,false,,1,0,87450,0,1,0,0,7,0,0.000288928,0,0.00290578,0
100000002369874100,consolidator,0.8182,0,0.4494,"плательщиков: 4, прямых seed: 0; дальше: 0% входящего",3,false,false,sync_inflow,4,0,600000,0,4,0,0,9,0,0.000335531,0,0.00000823818,0
100000003321895100,peripheral,0,2,0.2382,"смешанные признаки: плательщиков 1, получателей 2, поток 577 830 KZT",3,false,false,mixed_signals,1,2,24000,553830,1,3,23.0763,7,0,0.000309537,0,0.0000101236,0.0000396294
100000001875239100,consolidator,0.8182,0,0.4513,"плательщиков: 3, прямых seed: 0; дальше: 0% входящего",3,false,false,sync_inflow,3,0,712000,0,3,0,0,9,0,0.00033219,0,0.00000544821,0
100000002216999100,peripheral,0,18,0.1354,"ниже порога конечного получателя: плательщиков 1 (нужно ≥ 2), получено 23 677 KZT (нужно ≥ 200 000 KZT)",3,false,false,,1,0,23677,0,1,0,0,1,0,0.000287706,0,9.97519e-12,0
100000002653948100,peripheral,0,1,0.2104,"ниже порога конечного получателя: плательщиков 1 (нужно ≥ 2), получено 85 200 KZT (нужно ≥ 200 000 KZT)",3,false,false,,1,0,85200,0,1,0,0,7,0,0.000286776,0,0.00294017,0
100000008632060100,peripheral,0.1111,4,0.238,"смешанные признаки: плательщиков 1, получателей 9, поток 345 200 KZT",3,false,false,mixed_signals|cycle,1,9,6000,339200,1,12,56.5333,7,0,0.000286476,0.00308208,0.000642816,0.000536544
100000008746449100,distributor,0.3,0,0.3204,получателей: 10; плательщиков: 1; исходящий поток: 1 009 000 KZT,3,false,false,burst,1,10,10000,1009000,1,10,100.9,8,0,0.000285463,0.00000165846,2.61257e-7,0.000165982
100000003031761100,terminal,0.3943,12,0.2252,получено: 460 408 KZT; плательщиков: 1; исходящих: 0,3,false,false,,1,0,460408,0,1,0,0,1,0,0.000316599,0,0.0000793604,0
100000008388049100,terminal,0.4256,5,0.2402,получено: 496 400 KZT; плательщиков: 1; исходящих: 0,3,false,false,,1,0,496400,0,1,0,0,2,0,0.000307512,0,3.79414e-7,0
100000002677201100,peripheral,0,0,0.2339,"смешанные признаки: плательщиков 1, получателей 1, поток 237 750 KZT",3,false,false,mixed_signals,1,1,150000,87750,1,1,0.585,8,0,0.000307388,0,0.00000184967,0.0000213999
100000002901457100,peripheral,0,9,0.2335,"смешанные признаки: плательщиков 1, получателей 3, поток 459 000 KZT",3,false,false,mixed_signals,1,3,340000,119000,1,3,0.35,7,0,0.000372007,0.0000270837,0.00113791,0.0000756921
100000001160401100,peripheral,0,6,0.2044,"ниже порога конечного получателя: плательщиков 1 (нужно ≥ 2), получено 47 190 KZT (нужно ≥ 200 000 KZT)",3,false,false,,1,0,47190,0,2,0,0,7,0,0.000303214,0,0.000642816,0
100000002842321100,peripheral,0,1,0.2179,"ниже порога конечного получателя: плательщиков 1 (нужно ≥ 2), получено 160 000 KZT (нужно ≥ 200 000 KZT)",3,false,false,,1,0,160000,0,1,0,0,7,0,0.00028918,0,0.00294017,0
100000002547110100,consolidator,0.8,0,0.4509,"плательщиков: 6, прямых seed: 0; дальше: 0% входящего",3,false,false,sync_inflow|depth_outlier,6,0,1500000,0,10,0,0,8,0,0.000548745,0,0.00000589361,0
100000001600934100,peripheral,0,6,0.2731,"смешанные признаки: плательщиков 1, получателей 1, поток 191 300 KZT",3,false,false,mixed_signals|cycle,1,1,180300,11000,2,1,0.061,7,0,0.00251022,0.000693886,0.0000302733,0
100000002818726100,peripheral,0,4,0.1884,"ниже порога конечного получателя: плательщиков 1 (нужно ≥ 2), получено 10 879 KZT (нужно ≥ 200 000 KZT)",3,false,false,,1,0,10879,0,1,0,0,7,0,0.000288034,0,0.00025946,0
100000008712827100,peripheral,0,18,0.1493,"ниже порога конечного получателя: плательщиков 1 (нужно ≥ 2), получено 76 000 KZT (нужно ≥ 200 000 KZT)",3,false,false,,1,0,76000,0,1,0,0,1,0,0.000295812,0,9.97519e-12,0
100000008259451100,peripheral,0,8,0.2056,"ниже порога конечного получателя: плательщиков 1 (нужно ≥ 2), получено 55 000 KZT (нужно ≥ 200 000 KZT)",3,false,false,,1,0,55000,0,1,0,0,7,0,0.00029953,0,0.0000244138,0
100000003060517100,terminal,0.2247,6,0.259,получено: 315 955 KZT; плательщиков: 1; исходящих: 0,3,false,false,,1,0,315955,0,1,0,0,7,0,0.000359822,0,0.000465902,0
100000002621434100,peripheral,0,0,0.2304,"ниже порога конечного получателя: плательщиков 1 (нужно ≥ 2), получено 81 000 KZT (нужно ≥ 200 000 KZT)",3,false,false,,1,0,81000,0,1,0,0,9,0,0.000288182,0,0.00000322073,0
100000001860090100,peripheral,0,19,0.1191,"ниже порога конечного получателя: плательщиков 1 (нужно ≥ 2), получено 5 000 KZT (нужно ≥ 200 000 KZT)",3,false,false,,1,0,5000,0,1,0,0,1,0,0.000375626,0,0,0
100000004689658100,peripheral,0,12,0.233,"смешанные признаки: плательщиков 1, получателей 1, поток 463 192 KZT",3,false,false,mixed_signals,1,1,456100,7092,1,1,0.0155,7,0,0.000384007,0,0.00013028,0.0000192202
100000003486970100,peripheral,0,1,0.2171,"ниже порога конечного получателя: плательщиков 1 (нужно ≥ 2), получено 150 000 KZT (нужно ≥ 200 000 KZT)",3,false,false,,1,0,150000,0,1,0,0,7,0,0.000288858,0,0.00294017,0
100000004659919100,peripheral,0,7,0.2599,"смешанные признаки: плательщиков 1, получателей 1, поток 149 000 KZT",3,false,false,mixed_signals,1,1,110000,39000,2,1,0.3545,10,0,0.000720223,0,0,0.0000241739
100000006111439100,transit,0.6333,6,0.3321,передаёт 117% входящего; 0% исходящих — за 2 дня,3,false,false,cycle,3,4,20570,24000,3,4,1.1667,7,0,0.000363371,0.000393782,0.00364175,0.0000175556
100000002521039100,terminal,0.2719,6,0.2653,получено: 349 370 KZT; плательщиков: 1; исходящих: 0,3,false,false,,1,0,349370,0,1,0,0,7,0,0.000303576,0,0.00290578,0
100000008493007100,transit,1,59,0.3447,передаёт 100% входящего; 100% исходящих — за 2 дня,3,false,false,fast_transit,1,1,26150,26150,1,1,1,1,1,0.000288089,0,9.97519e-12,0.00000138703
100000007793871100,peripheral,0,10,0.2193,"ниже порога конечного получателя: плательщиков 1 (нужно ≥ 2), получено 26 000 KZT (нужно ≥ 200 000 KZT)",3,false,false,,1,0,26000,0,3,0,0,8,0,0.000682777,0,0,0
100000001650895100,peripheral,0,11,0.2407,"смешанные признаки: плательщиков 1, получателей 1, поток 163 500 KZT",3,false,false,mixed_signals,1,1,153500,10000,1,1,0.0651,9,0,0.000307581,0,5.68971e-8,0.0000219943
100000002567887100,peripheral,0,1,0.2043,"ниже порога конечного получателя: плательщиков 1 (нужно ≥ 2), получено 50 915 KZT (нужно ≥ 200 000 KZT)",3,false,false,,1,0,50915,0,1,0,0,7,0,0.000285674,0,0.00294017,0
100000008055972100,peripheral,0,18,0.1375,"ниже порога конечного получателя: плательщиков 1 (нужно ≥ 2), получено 28 300 KZT (нужно ≥ 200 000 KZT)",3,false,false,,1,0,28300,0,1,0,0,1,0,0.000288422,0,9.97519e-12,0
100000008684452100,peripheral,0,18,0.1447,"ниже порога конечного получателя: плательщиков 1 (нужно ≥ 2), получено 51 800 KZT (нужно ≥ 200 000 KZT)",3,false,false,,1,0,51800,0,1,0,0,1,0,0.000292063,0,9.97519e-12,0
100000000764836100,peripheral,0,13,0.2271,"смешанные признаки: плательщиков 1, получателей 2, поток 301 716 KZT",3,false,false,fast_transit|mixed_signals,1,2,251716,50000,1,2,0.1986,7,0.5,0.000334848,0,0.00160441,0.0000384405
100000003072676100,peripheral,0,6,0.1994,"ниже порога конечного получателя: плательщиков 1 (нужно ≥ 2), получено 31 545 KZT (нужно ≥ 200 000 KZT)",3,false,false,,1,0,31545,0,1,0,0,7,0,0.000291604,0,0.000465902,0
100000008757369100,peripheral,0,9,0.2106,"смешанные признаки: плательщиков 1, получателей 1, поток 84 359 KZT",3,false,false,fast_transit|mixed_signals,1,1,25961,58398,1,3,2.2495,7,0.899,0.000286322,0,0.00113194,0.0000192202
100000007618425100,peripheral,0,6,0.202,"ниже порога конечного получателя: плательщиков 1 (нужно ≥ 2), получено 39 348 KZT (нужно ≥ 200 000 KZT)",3,false,false,,1,0,39348,0,1,0,0,7,0,0.000293475,0,0.000465902,0
100000004671609100,peripheral,0,0,0.2331,"ниже порога конечного получателя: плательщиков 1 (нужно ≥ 2), получено 100 000 KZT (нужно ≥ 200 000 KZT)",3,false,false,,1,0,100000,0,1,0,0,9,0,0.000298611,0,0.00000272027,0
100000004676985100,transit,0.6401,6,0.335,передаёт 84% входящего; 0% исходящих — за 2 дня,3,false,false,,1,1,32260,27102,1,1,0.8401,7,0,0.000285841,0,0.00290578,0.0000192202
100000002531406100,transit,0.7615,12,0.3327,передаёт 96% входящего; 0% исходящих — за 2 дня,3,false,false,,1,1,520000,500000,1,1,0.9615,1,0,0.000320814,0,0.0000793604,7.92587e-7
100000002877262100,peripheral,0,0,0.2231,"ниже порога конечного получателя: плательщиков 1 (нужно ≥ 2), получено 100 000 KZT (нужно ≥ 200 000 KZT)",3,false,false,,1,0,100000,0,1,0,0,8,0,0.000298291,0,2.61257e-7,0
100000007591246100,peripheral,0,2,0.2199,"смешанные признаки: плательщиков 1, получателей 1, поток 132 190 KZT",3,false,false,mixed_signals,1,1,12190,120000,1,1,9.8441,7,0,0.000296272,7.31126e-7,0.0000244752,0.00000102376
100000008712184100,peripheral,0,18,0.1321,"ниже порога конечного получателя: плательщиков 1 (нужно ≥ 2), получено 18 000 KZT (нужно ≥ 200 000 KZT)",3,false,false,,1,0,18000,0,1,0,0,1,0,0.000286826,0,9.97519e-12,0
100000002975437100,peripheral,0,22,0.2376,"смешанные признаки: плательщиков 1, получателей 1, поток 538 500 KZT",3,false,false,mixed_signals|cycle,1,1,530000,8500,2,1,0.016,7,0,0.00051734,0,0.0000474736,0
100000005008589100,peripheral,0,6,0.2032,"ниже порога конечного получателя: плательщиков 1 (нужно ≥ 2), получено 42 807 KZT (нужно ≥ 200 000 KZT)",3,false,false,,1,0,42806.68,0,1,0,0,7,0,0.000301433,0,0.000642816,0
100000000782285100,peripheral,0,15,0.1904,"ниже порога конечного получателя: плательщиков 1 (нужно ≥ 2), получено 6 151 KZT (нужно ≥ 200 000 KZT)",3,false,false,,1,0,6151,0,1,0,0,7,0,0.00031914,0,0.00000235094,0
100000005198498100,peripheral,0,18,0.1377,"ниже порога конечного получателя: плательщиков 1 (нужно ≥ 2), получено 28 800 KZT (нужно ≥ 200 000 KZT)",3,false,false,,1,0,28800,0,1,0,0,1,0,0.000288499,0,9.97519e-12,0
100000008517538100,distributor,0.3235,0,0.3328,получателей: 17; плательщиков: 3; исходящий поток: 1 439 000 KZT,3,false,false,fast_transit|depth_outlier,3,17,155500,1439000,6,18,9.254,8,0.5921,0.000305396,0.0000177592,0.0000044161,0.000245805
100000005756535100,peripheral,0,27,0.1393,"ниже порога конечного получателя: плательщиков 1 (нужно ≥ 2), получено 20 000 KZT (нужно ≥ 200 000 KZT)",3,false,false,,1,0,20000,0,1,0,0,1,0,0.000538362,0,0,0
100000004917367100,terminal,0,1,0.2146,получено: 120 000 KZT; плательщиков: 2; исходящих: 0,3,false,false,,2,0,120000,0,2,0,0,7,0,0.000292426,0,0.00407808,0
100000001222263100,peripheral,0,1,0.242,"смешанные признаки: плательщиков 1, получателей 1, поток 1 165 570 KZT",3,false,false,fast_transit|mixed_signals|depth_outlier,1,1,745570,420000,1,5,0.5633,7,0.7143,0.000308,0,0.00294017,0.0000192202
100000001149815100,peripheral,0,18,0.1273,"ниже порога конечного получателя: плательщиков 1 (нужно ≥ 2), получено 12 000 KZT (нужно ≥ 200 000 KZT)",3,false,false,,1,0,12000,0,1,0,0,1,0,0.000285896,0,9.97519e-12,0
100000006020215100,transit,0.6733,4,0.345,передаёт 113% входящего; 0% исходящих — за 2 дня,3,false,false,,1,2,30000,33800,1,2,1.1267,7,0,0.00029506,0,0.00025946,0.0000605552
100000000673868100,peripheral,0,5,0.2712,"смешанные признаки: плательщиков 1, получателей 5, поток 2 413 650 KZT",3,false,false,fast_transit|mixed_signals|cycle|depth_outlier|repeat_route,1,5,2030650,383000,5,19,0.1886,7,0.7624,0.00116249,0.00241501,3.62739e-7,0.0000410164
100000008749900100,peripheral,0,18,0.1315,"ниже порога конечного получателя: плательщиков 1 (нужно ≥ 2), получено 17 150 KZT (нужно ≥ 200 000 KZT)",3,false,false,,1,0,17150,0,1,0,0,1,0,0.000286694,0,9.97519e-12,0
100000002862113100,peripheral,0,8,0.2038,"ниже порога конечного получателя: плательщиков 1 (нужно ≥ 2), получено 47 405 KZT (нужно ≥ 200 000 KZT)",3,false,false,,1,0,47405,0,2,0,0,7,0,0.000297391,0,0.0000244138,0
100000001066017100,peripheral,0,9,0.2231,"смешанные признаки: плательщиков 2, получателей 4, поток 218 623 KZT",3,false,false,mixed_signals,2,4,136123,82500,3,4,0.6061,7,0.1879,0.000299585,0,0.00404369,0.000076881
100000008436257100,terminal,0,21,0.2001,получено: 35 000 KZT; плательщиков: 2; исходящих: 0,3,false,false,,2,0,35000,0,2,0,0,7,0,0.000292983,0,0.000252037,0
100000003016438100,peripheral,0,0,0.2428,"смешанные признаки: плательщиков 1, получателей 1, поток 500 000 KZT",3,false,false,fast_transit|mixed_signals,1,1,200000,300000,1,3,1.5,8,0.6667,0.000315171,0,0.00000184967,0.0000213999
100000002534091100,peripheral,0,13,0.1948,"ниже порога конечного получателя: плательщиков 1 (нужно ≥ 2), получено 22 200 KZT (нужно ≥ 200 000 KZT)",3,false,false,,1,0,22200,0,1,0,0,7,0,0.000294761,0,0.000121599,0
100000006882208100,peripheral,0,2,0.2044,"ниже порога конечного получателя: плательщиков 1 (нужно ≥ 2), получено 18 000 KZT (нужно ≥ 200 000 KZT)",3,false,false,,1,0,18000,0,1,0,0,7,0,0.000635321,0,0.00000266713,0
100000005362848100,peripheral,0,10,0.2014,"ниже порога конечного получателя: плательщиков 1 (нужно ≥ 2), получено 29 000 KZT (нужно ≥ 200 000 KZT)",3,false,false,,1,0,29000,0,1,0,0,7,0,0.000294767,0,6.40702e-7,0
100000001073568100,peripheral,0,8,0.2435,"смешанные признаки: плательщиков 1, получателей 2, поток 926 968 KZT",3,false,false,fast_transit|mixed_signals,1,2,707465,219503,4,3,0.3103,7,1,0.000483319,0.0000105586,0.0000244138,0.0000192202
100000008687733100,peripheral,0,18,0.1297,"ниже порога конечного получателя: плательщиков 1 (нужно ≥ 2), получено 14 650 KZT (нужно ≥ 200 000 KZT)",3,false,false,,1,0,14650,0,1,0,0,1,0,0.000286307,0,9.97519e-12,0
100000007229557100,consolidator,0.8182,0,0.4552,"плательщиков: 3, прямых seed: 0; дальше: 0% входящего",3,false,false,sync_inflow,3,0,878000,0,3,0,0,9,0,0.00039195,0,0.00000486693,0
100000001052789100,peripheral,0,14,0.2106,"ниже порога конечного получателя: плательщиков 1 (нужно ≥ 2), получено 70 975 KZT (нужно ≥ 200 000 KZT)",3,false,false,,1,0,70975,0,1,0,0,7,0,0.000296089,0,0.0000844807,0
100000006967370100,peripheral,0,6,0.2043,"смешанные признаки: плательщиков 1, получателей 1, поток 46 751 KZT",3,false,false,fast_transit|mixed_signals,1,1,33225,13526.27,1,1,0.4071,7,1,0.000292007,0,0.000465902,0.0000192202
100000001837130100,peripheral,0,9,0.219,"ниже порога конечного получателя: плательщиков 1 (нужно ≥ 2), получено 172 900 KZT (нужно ≥ 200 000 KZT)",3,false,false,,1,0,172900,0,1,0,0,7,0,0.000299254,0,0.00113194,0
100000005820746100,peripheral,0,3,0.2101,"смешанные признаки: плательщиков 1, получателей 1, поток 2 049 000 KZT",3,false,false,mixed_signals|cycle|depth_outlier,1,1,1989000,60000,2,1,0.0302,1,0,0.000980945,1.22024e-302,0,0
100000002883402100,consolidator,0.8333,0,0.454,"плательщиков: 3, прямых seed: 0; дальше: 0% входящего",3,false,false,,3,0,300000,0,3,0,0,10,0,0.000299021,0,0.00000365935,0
100000008582730100,transit,1,14,0.4015,передаёт 100% входящего; 100% исходящих — за 2 дня,3,false,false,fast_transit|cycle,1,1,5000,5000,1,1,1,7,1,0.000885029,0.0000881648,0,0
100000003116106100,terminal,0.4237,1,0.2897,получено: 494 050 KZT; плательщиков: 1; исходящих: 0,3,false,false,,1,0,494050,0,2,0,0,7,0,0.000299916,0,0.00294017,0
100000001818442100,peripheral,0,10,0.2059,"ниже порога конечного получателя: плательщиков 1 (нужно ≥ 2), получено 42 215 KZT (нужно ≥ 200 000 KZT)",3,false,false,,1,0,42215,0,1,0,0,7,0,0.000299657,0,6.40702e-7,0
100000008690762100,peripheral,0,18,0.1368,"ниже порога конечного получателя: плательщиков 1 (нужно ≥ 2), получено 26 750 KZT (нужно ≥ 200 000 KZT)",3,false,false,,1,0,26750,0,1,0,0,1,0,0.000288182,0,9.97519e-12,0
100000008712991100,peripheral,0,18,0.1476,"ниже порога конечного получателя: плательщиков 1 (нужно ≥ 2), получено 66 100 KZT (нужно ≥ 200 000 KZT)",3,false,false,,1,0,66100,0,1,0,0,1,0,0.000294278,0,9.97519e-12,0
100000003292191100,peripheral,0,0,0.2244,"ниже порога конечного получателя: плательщиков 1 (нужно ≥ 2), получено 112 000 KZT (нужно ≥ 200 000 KZT)",3,false,false,,1,0,112000,0,1,0,0,8,0,0.000298004,0,0.00000129028,0
100000005367284100,peripheral,0,9,0.2073,"смешанные признаки: плательщиков 1, получателей 2, поток 62 000 KZT",3,false,false,mixed_signals,1,2,13700,48300,1,5,3.5255,7,0.2836,0.000287582,0,0.00113791,0.0000384405
100000003216073100,peripheral,0,12,0.1531,"смешанные признаки: плательщиков 1, получателей 1, поток 107 001 KZT",3,false,false,mixed_signals,1,1,37001,70000,1,1,1.8918,1,0,0.000286654,0,0.0000793604,7.92587e-7
100000006169033100,peripheral,0,15,0.2553,"смешанные признаки: плательщиков 1, получателей 3, поток 1 189 271 KZT",3,false,false,mixed_signals|cycle|depth_outlier,1,3,49000,1140271,1,10,23.2708,7,0,0.000415538,0.00006478,0.0000242844,0.0000392331
100000004407753100,peripheral,0,23,0.2409,"смешанные признаки: плательщиков 1, получателей 1, поток 350 000 KZT",3,false,false,fast_transit|mixed_signals|cycle,1,1,250000,100000,4,1,0.4,7,1,0.000871343,1.57882e-9,0,0
100000004420041100,peripheral,0,25,0.2403,"смешанные признаки: плательщиков 1, получателей 7, поток 721 468 KZT",3,false,false,mixed_signals|burst,1,7,69638,651830,1,11,9.3603,7,0,0.000298094,0.000127162,0.00160441,0.000154249
100000004715209100,peripheral,0,29,0.2285,"смешанные признаки: плательщиков 1, получателей 5, поток 355 450 KZT",3,false,false,mixed_signals|cycle,1,5,5000,350450,1,17,70.09,7,0.1278,0.000285999,7.5528e-7,4.86783e-8,0.0000776736
100000004580254100,terminal,0,21,0.1978,получено: 27 940 KZT; плательщиков: 2; исходящих: 0,3,false,false,,2,0,27940,0,2,0,0,7,0,0.00031056,0,0.000340287,0
100000001056414100,terminal,0.1111,5,0.1886,получено: 250 000 KZT; плательщиков: 1; исходящих: 0,3,false,false,,1,0,250000,0,1,0,0,2,0,0.00029586,0,3.79414e-7,0
100000008686494100,peripheral,0,18,0.1305,"ниже порога конечного получателя: плательщиков 1 (нужно ≥ 2), получено 15 700 KZT (нужно ≥ 200 000 KZT)",3,false,false,,1,0,15700,0,1,0,0,1,0,0.00028647,0,9.97519e-12,0
100000002822472100,terminal,0.143,5,0.2541,получено: 266 722 KZT; плательщиков: 2; исходящих: 0,3,false,false,,2,0,266722,0,2,0,0,8,0,0.000310575,0,0.0000247932,0
100000001831496100,peripheral,0,16,0.234,"смешанные признаки: плательщиков 1, получателей 1, поток 398 000 KZT",3,false,false,mixed_signals,1,1,25000,373000,1,1,14.92,7,0,0.000291079,0.0000526845,0.0000244138,0.00000184937
100000008732488100,peripheral,0,13,0.2177,"смешанные признаки: плательщиков 1, получателей 1, поток 147 000 KZT",3,false,false,fast_transit|mixed_signals,1,1,137000,10000,1,1,0.073,7,1,0.000311692,0,0.00160441,0.0000192202
100000004007197100,peripheral,0,44,0.1252,"ниже порога конечного получателя: плательщиков 1 (нужно ≥ 2), получено 10 048 KZT (нужно ≥ 200 000 KZT)",3,false,false,,1,0,10048,0,1,0,0,1,0,0.000286142,0,7.26058e-218,0
100000002815005100,terminal,0.4087,0,0.2981,получено: 476 500 KZT; плательщиков: 1; исходящих: 0,3,false,false,,1,0,476500,0,1,0,0,8,0,0.000317441,0,0.00000196621,0
100000005756189100,peripheral,0,1,0.2141,"смешанные признаки: плательщиков 1, получателей 1, поток 114 050 KZT",3,false,false,fast_transit|mixed_signals,1,1,65000,49050,1,1,0.7546,7,1,0.000286126,0,0.00294017,0.0000192202
100000004877085100,peripheral,0,4,0.2178,"смешанные признаки: плательщиков 1, получателей 3, поток 120 600 KZT",3,false,false,fast_transit|mixed_signals|burst,1,3,25000,95600,1,9,3.824,7,0.7071,0.000293223,0,0.00025946,0.0000576607
100000002713074100,peripheral,0,6,0.2451,"смешанные признаки: плательщиков 2, получателей 1, поток 1 130 000 KZT",3,false,false,mixed_signals|depth_outlier,2,1,700000,430000,2,2,0.6143,7,0,0.000431037,0,0.000699246,0.0000192202
100000002356167100,peripheral,0,1,0.2271,"смешанные признаки: плательщиков 1, получателей 2, поток 329 500 KZT",3,false,false,mixed_signals,1,2,300000,29500,1,3,0.0983,7,0.1864,0.000293679,0,0.00294017,0.0000384405
100000004140487100,distributor,0.3,4,0.2998,получателей: 10; плательщиков: 1; исходящий поток: 262 600 KZT,3,false,false,cycle,1,10,24510,262600,1,19,10.714,7,0.2959,0.000287867,0.00272512,0.000233345,0.00032537
100000003147719100,peripheral,0,0,0.2329,"ниже порога конечного получателя: плательщиков 1 (нужно ≥ 2), получено 100 000 KZT (нужно ≥ 200 000 KZT)",3,false,false,,1,0,100000,0,1,0,0,9,0,0.000289155,0,0.00000322073,0
100000008745884100,peripheral,0,18,0.1334,"ниже порога конечного получателя: плательщиков 1 (нужно ≥ 2), получено 20 000 KZT (нужно ≥ 200 000 KZT)",3,false,false,,1,0,20000,0,1,0,0,1,0,0.000287136,0,9.97519e-12,0
100000002559089100,terminal,0.5628,0,0.3358,получено: 715 000 KZT; плательщиков: 2; исходящих: 0,3,false,false,,2,0,715000,0,2,0,0,9,0,0.000390172,0,0.00000280392,0
100000004984689100,peripheral,0,13,0.205,"ниже порога конечного получателя: плательщиков 1 (нужно ≥ 2), получено 53 030 KZT (нужно ≥ 200 000 KZT)",3,false,false,,1,0,53030,0,1,0,0,7,0,0.000294742,0,0.00160441,0
100000004340038100,peripheral,0,4,0.2086,"смешанные признаки: плательщиков 1, получателей 1, поток 58 978 KZT",3,false,false,mixed_signals,1,1,9978,49000,1,1,4.9108,7,0,0.000287703,0,0.00025946,0.0000192202
100000005052998100,peripheral,0,9,0.2009,"смешанные признаки: плательщиков 1, получателей 1, поток 37 900 KZT",3,false,false,mixed_signals|cycle,1,1,9500,28400,1,1,2.9895,7,0,0.000284569,0.000235343,0.00290578,0.00000433335
100000007597382100,peripheral,0,1,0.1904,"ниже порога конечного получателя: плательщиков 1 (нужно ≥ 2), получено 15 700 KZT (нужно ≥ 200 000 KZT)",3,false,false,,1,0,15700,0,1,0,0,7,0,0.000284542,0,0.00294017,0
100000008697670100,peripheral,0,18,0.1362,"ниже порога конечного получателя: плательщиков 1 (нужно ≥ 2), получено 25 350 KZT (нужно ≥ 200 000 KZT)",3,false,false,,1,0,25350,0,1,0,0,1,0,0.000287965,0,9.97519e-12,0
100000008460102100,distributor,0.6815,5,0.341,получателей: 31; плательщиков: 1; исходящий поток: 476 570 KZT,3,false,false,,1,31,17500,476570,1,34,27.2326,1,0.1874,0.000298064,0.000197864,4.11219e-7,0.000977723
100000004399686100,terminal,0.6024,3,0.2722,получено: 806 000 KZT; плательщиков: 1; исходящих: 0,3,false,false,,1,0,806000,0,2,0,0,1,0,0.000566445,0,0,0
100000008688155100,peripheral,0,18,0.1353,"ниже порога конечного получателя: плательщиков 1 (нужно ≥ 2), получено 23 600 KZT (нужно ≥ 200 000 KZT)",3,false,false,,1,0,23600,0,1,0,0,1,0,0.000287694,0,9.97519e-12,0
100000004386331100,transit,0.675,25,0.3632,передаёт 88% входящего; 0% исходящих — за 2 дня,3,false,false,cycle,1,2,20000,17500,1,2,0.875,9,0,0.000509413,0,0,0.000020211
100000007999728100,peripheral,0,8,0.1952,"ниже порога конечного получателя: плательщиков 1 (нужно ≥ 2), получено 23 250 KZT (нужно ≥ 200 000 KZT)",3,false,false,,1,0,23250,0,1,0,0,7,0,0.000290586,0,0.0000244138,0
100000001597424100,peripheral,0,8,0.2039,"ниже порога конечного получателя: плательщиков 1 (нужно ≥ 2), получено 48 100 KZT (нужно ≥ 200 000 KZT)",3,false,false,,1,0,48100,0,1,0,0,7,0,0.000297586,0,0.0000244138,0
100000003677936100,peripheral,0,14,0.2132,"смешанные признаки: плательщиков 1, получателей 1, поток 84 000 KZT",3,false,false,mixed_signals,1,1,71000,13000,1,2,0.1831,7,0.4615,0.000307181,0,0.000108312,0.0000192202
100000002943472100,peripheral,0,0,0.2296,"ниже порога конечного получателя: плательщиков 1 (нужно ≥ 2), получено 170 000 KZT (нужно ≥ 200 000 KZT)",3,false,false,,1,0,170000,0,1,0,0,8,0,0.000308269,0,2.61257e-7,0
100000004892144100,peripheral,0,3,0.2766,"смешанные признаки: плательщиков 2, получателей 1, поток 4 680 300 KZT",3,false,false,mixed_signals|cycle|depth_outlier,2,1,4500000,180300,7,1,0.0401,2,0,0.00295656,5.59023e-302,5.48505e-302,0
100000008077552100,terminal,0.0338,13,0.2269,получено: 214 000 KZT; плательщиков: 1; исходящих: 0,3,false,false,,1,0,214000,0,1,0,0,7,0,0.000327234,0,0.00160441,0
100000002914245100,peripheral,0,12,0.1565,"ниже порога конечного получателя: плательщиков 1 (нужно ≥ 2), получено 140 611 KZT (нужно ≥ 200 000 KZT)",3,false,false,,1,0,140611,0,1,0,0,1,0,0.000293982,0,0.0000793604,0
100000004906181100,peripheral,0,1,0.2528,"смешанные признаки: плательщиков 1, получателей 7, поток 2 573 418 KZT",3,false,false,fast_transit|mixed_signals|depth_outlier,1,7,100000,2473417.91,1,33,24.7342,7,0.642,0.000287251,1.31163e-295,0.00294017,0.000134542
100000008514970100,peripheral,0,12,0.1695,"смешанные признаки: плательщиков 1, получателей 1, поток 410 966 KZT",3,false,false,fast_transit|mixed_signals,1,1,379966,31000,1,1,0.0816,1,1,0.00031091,0,0.0000793604,7.92587e-7
100000008258458100,peripheral,0,2,0.2496,"смешанные признаки: плательщиков 1, получателей 2, поток 1 576 988 KZT",3,false,false,mixed_signals|depth_outlier,1,2,19000,1557988,1,4,81.9994,7,0.3643,0.000289691,0,0.0000525698,0.0000384405
100000003484058100,peripheral,0,8,0.215,"смешанные признаки: плательщиков 1, получателей 1, поток 116 000 KZT",3,false,false,mixed_signals,1,1,110000,6000,1,1,0.0545,7,0,0.000315023,0,0.0000244138,0.0000192202
100000003574895100,peripheral,0,6,0.2045,"смешанные признаки: плательщиков 1, получателей 1, поток 47 968 KZT",3,false,false,fast_transit|mixed_signals,1,1,27968,20000,1,1,0.7151,7,1,0.000285601,0,0.00290578,0.0000192202
100000000896111100,terminal,0.1788,3,0.1975,получено: 287 100 KZT; плательщиков: 1; исходящих: 0,3,false,false,,1,0,287100,0,1,0,0,1,0,0.000384632,0,0,0
100000008715887100,peripheral,0,18,0.1321,"ниже порога конечного получателя: плательщиков 1 (нужно ≥ 2), получено 18 000 KZT (нужно ≥ 200 000 KZT)",3,false,false,,1,0,18000,0,1,0,0,1,0,0.000286826,0,9.97519e-12,0
100000000560751100,peripheral,0,4,0.2043,"ниже порога конечного получателя: плательщиков 1 (нужно ≥ 2), получено 25 000 KZT (нужно ≥ 200 000 KZT)",3,false,false,,1,0,25000,0,1,0,0,7,0,0.000549128,0,0,0
100000008708207100,terminal,0.3985,0,0.3074,получено: 465 000 KZT; плательщиков: 2; исходящих: 0,3,false,false,,2,0,465000,0,2,0,0,9,0,0.00035775,0,0.00000136671,0
100000003152964100,peripheral,0,13,0.2178,"смешанные признаки: плательщиков 1, получателей 1, поток 147 347 KZT",3,false,false,mixed_signals,1,1,141847,5500,1,1,0.0388,7,0,0.00031267,0,0.00160441,0.0000192202
100000004991812100,peripheral,0,28,0.1866,"ниже порога конечного получателя: плательщиков 1 (нужно ≥ 2), получено 10 000 KZT (нужно ≥ 200 000 KZT)",3,false,false,,1,0,10000,0,1,0,0,7,0,0.000344537,0,0,0
100000000291908100,peripheral,0,6,0.2363,"смешанные признаки: плательщиков 1, получателей 1, поток 308 800 KZT",3,false,false,mixed_signals,1,1,295500,13300,5,1,0.045,7,0,0.000701668,0,0,0.0000198147
100000003132484100,peripheral,0,0,0.1575,"ниже порога конечного получателя: плательщиков 1 (нужно ≥ 2), получено 90 000 KZT (нужно ≥ 200 000 KZT)",3,false,false,,1,0,90000,0,1,0,0,1,0,0.000535623,0,0,0
100000004077081100,peripheral,0,4,0.2402,"смешанные признаки: плательщиков 1, получателей 4, поток 755 000 KZT",3,false,false,fast_transit|mixed_signals,1,4,140000,615000,1,6,4.3929,7,0.6829,0.000288537,0.00123878,0.00294017,0.000115992
100000004770073100,transit,0.9992,6,0.3869,передаёт 100% входящего; 100% исходящих — за 2 дня,3,false,false,fast_transit,1,1,5462.4,5466.97,1,1,1.0008,7,1,0.000286257,0,0.000642816,0.0000192202
100000003163886100,terminal,0.4286,17,0.3306,получено: 500 000 KZT; плательщиков: 1; исходящих: 0,3,false,false,,1,0,500000,0,1,0,0,10,0,0.000729017,0,3.28323e-8,0
100000000795374100,peripheral,0,13,0.2043,"ниже порога конечного получателя: плательщиков 1 (нужно ≥ 2), получено 50 000 KZT (нужно ≥ 200 000 KZT)",3,false,false,,1,0,50000,0,1,0,0,7,0,0.00029413,0,0.00160441,0
100000002391278100,peripheral,0,19,0.1526,"смешанные признаки: плательщиков 1, получателей 1, поток 82 700 KZT",3,false,false,fast_transit|mixed_signals|cycle,1,1,30000,52700,5,2,1.7567,1,1,0.000396327,0.0000126261,0,0
100000004635886100,peripheral,0,2,0.1992,"ниже порога конечного получателя: плательщиков 1 (нужно ≥ 2), получено 23 000 KZT (нужно ≥ 200 000 KZT)",3,false,false,,1,0,23000,0,1,0,0,7,0,0.000290881,0,0.0000525698,0
100000000413678100,peripheral,0,13,0.2385,"смешанные признаки: плательщиков 2, получателей 3, поток 834 698 KZT",3,false,false,mixed_signals,2,3,306500,528198,2,18,1.7233,7,0.1477,0.000299057,0,0.00305383,0.0000576607
100000008659950100,terminal,0.1031,0,0.2484,получено: 246 000 KZT; плательщиков: 1; исходящих: 0,3,false,false,,1,0,246000,0,1,0,0,8,0,0.000319102,0,2.61257e-7,0
100000003964910100,terminal,0.6667,21,0.3362,получено: 1 000 000 KZT; плательщиков: 2; исходящих: 0,3,false,false,,2,0,1000000,0,2,0,0,7,0,0.000506207,0,0.000252037,0
100000008764654100,peripheral,0,18,0.1365,"ниже порога конечного получателя: плательщиков 1 (нужно ≥ 2), получено 26 150 KZT (нужно ≥ 200 000 KZT)",3,false,false,,1,0,26150,0,1,0,0,1,0,0.000288089,0,9.97519e-12,0
100000005830339100,peripheral,0,6,0.2394,"смешанные признаки: плательщиков 5, получателей 1, поток 815 592 KZT",3,false,false,mixed_signals,5,1,476341,339251,12,1,0.7122,7,0,0.000361478,0.000197854,0.00724594,0.00000379781
100000002032323100,peripheral,0,29,0.246,"смешанные признаки: плательщиков 1, получателей 1, поток 1 350 000 KZT",3,false,false,mixed_signals|depth_outlier,1,1,300000,1050000,1,2,3.5,7,0.2857,0.000401716,0,4.86783e-8,0.0000196165
100000008668099100,peripheral,0,18,0.1305,"ниже порога конечного получателя: плательщиков 1 (нужно ≥ 2), получено 15 700 KZT (нужно ≥ 200 000 KZT)",3,false,false,,1,0,15700,0,1,0,0,1,0,0.00028647,0,9.97519e-12,0
100000008634520100,peripheral,0,0,0.2218,"ниже порога конечного получателя: плательщиков 1 (нужно ≥ 2), получено 90 000 KZT (нужно ≥ 200 000 KZT)",3,false,false,,1,0,90000,0,1,0,0,8,0,0.000296866,0,2.61257e-7,0
100000002103448100,peripheral,0,18,0.1369,"ниже порога конечного получателя: плательщиков 1 (нужно ≥ 2), получено 27 000 KZT (нужно ≥ 200 000 KZT)",3,false,false,,1,0,27000,0,1,0,0,1,0,0.000288221,0,9.97519e-12,0
100000005996909100,peripheral,0,2,0.1829,"ниже порога конечного получателя: плательщиков 1 (нужно ≥ 2), получено 5 500 KZT (нужно ≥ 200 000 KZT)",3,false,false,,1,0,5500,0,1,0,0,7,0,0.000314435,0,0.00000272996,0
100000007392365100,peripheral,0,6,0.2486,"смешанные признаки: плательщиков 1, получателей 6, поток 1 775 213 KZT",3,false,false,mixed_signals|depth_outlier,1,6,9613,1765600,1,9,183.6679,7,0,0.000284575,2.83311e-311,0.00290578,0.000115321
100000008279405100,terminal,0.0799,13,0.2344,получено: 234 738 KZT; плательщиков: 1; исходящих: 0,3,false,false,,1,0,234738,0,2,0,0,7,0,0.000331421,0,0.00160441,0
100000008343874100,peripheral,0,12,0.2314,"смешанные признаки: плательщиков 2, получателей 2, поток 459 935 KZT",3,false,false,fast_transit|mixed_signals,2,2,283535,176400,2,5,0.6221,7,0.8129,0.00030596,0,0.0012113,0.0000388368
100000002548759100,terminal,0.3043,0,0.2907,получено: 375 000 KZT; плательщиков: 2; исходящих: 0,3,false,false,,2,0,375000,0,2,0,0,9,0,0.000306918,0,0.00000518695,0
100000003069463100,peripheral,0,20,0.1982,"смешанные признаки: плательщиков 1, получателей 1, поток 29 420 KZT",3,false,false,mixed_signals,1,1,11500,17920,1,1,1.5583,7,0,0.000286895,0,1.43156e-282,0.0000196165
100000008474391100,peripheral,0,28,0.1961,"ниже порога конечного получателя: плательщиков 1 (нужно ≥ 2), получено 20 000 KZT (нужно ≥ 200 000 KZT)",3,false,false,,1,0,20000,0,1,0,0,7,0,0.000405037,0,0,0
100000003097324100,terminal,0.1903,0,0.2726,получено: 294 000 KZT; плательщиков: 2; исходящих: 0,3,false,false,,2,0,294000,0,2,0,0,9,0,0.00032423,0,0.00000232213,0
100000001852140100,peripheral,0,57,0.1502,"ниже порога конечного получателя: плательщиков 1 (нужно ≥ 2), получено 30 000 KZT (нужно ≥ 200 000 KZT)",3,false,false,,1,0,30000,0,1,0,0,1,0,0.000798289,0,0,0
100000003293377100,peripheral,0,1,0.2041,"ниже порога конечного получателя: плательщиков 1 (нужно ≥ 2), получено 50 000 KZT (нужно ≥ 200 000 KZT)",3,false,false,,1,0,50000,0,1,0,0,7,0,0.000285644,0,0.00294017,0
100000006048193100,peripheral,0,9,0.2021,"ниже порога конечного получателя: плательщиков 1 (нужно ≥ 2), получено 41 559 KZT (нужно ≥ 200 000 KZT)",3,false,false,,1,0,41559,0,1,0,0,7,0,0.00029479,0,0.00113791,0
100000002435265100,peripheral,0,6,0.2163,"ниже порога конечного получателя: плательщиков 1 (нужно ≥ 2), получено 132 628 KZT (нужно ≥ 200 000 KZT)",3,false,false,,1,0,132628,0,3,0,0,7,0,0.000291455,0,0.00290578,0
100000004587414100,terminal,0.4547,1,0.2951,получено: 533 603 KZT; плательщиков: 2; исходящих: 0,3,false,false,,2,0,533603,0,2,0,0,7,0,0.00031311,0,0.00407211,0
100000001726614100,peripheral,0,9,0.2164,"ниже порога конечного получателя: плательщиков 1 (нужно ≥ 2), получено 138 717 KZT (нужно ≥ 200 000 KZT)",3,false,false,,1,0,138717,0,1,0,0,7,0,0.000296245,0,0.00113194,0
100000003934614100,peripheral,0,23,0.1981,"смешанные признаки: плательщиков 2, получателей 1, поток 28 500 KZT",3,false,false,fast_transit|mixed_signals|cycle,2,1,17000,11500,2,2,0.6765,7,1,0.000311711,6.45635e-8,0.0000177731,6.6049e-8
100000008772246100,peripheral,0,18,0.1429,"ниже порога конечного получателя: плательщиков 1 (нужно ≥ 2), получено 44 500 KZT (нужно ≥ 200 000 KZT)",3,false,false,,1,0,44500,0,1,0,0,1,0,0.000290932,0,9.97519e-12,0
100000002603371100,peripheral,0,6,0.1849,"ниже порога конечного получателя: плательщиков 1 (нужно ≥ 2), получено 9 300 KZT (нужно ≥ 200 000 KZT)",3,false,false,,1,0,9300,0,1,0,0,7,0,0.000287817,0,0.000642816,0
100000004445291100,peripheral,0,33,0.1938,"ниже порога конечного получателя: плательщиков 1 (нужно ≥ 2), получено 19 500 KZT (нужно ≥ 200 000 KZT)",3,false,false,,1,0,19500,0,2,0,0,7,0,0.000317447,0,0.00000250068,0
100000008571243100,peripheral,0,11,0.2379,"ниже порога конечного получателя: плательщиков 1 (нужно ≥ 2), получено 134 000 KZT (нужно ≥ 200 000 KZT)",3,false,false,,1,0,134000,0,1,0,0,9,0,0.00030459,0,5.68971e-8,0
100000001138283100,peripheral,0,13,0.2162,"смешанные признаки: плательщиков 1, получателей 2, поток 131 805 KZT",3,false,false,fast_transit|mixed_signals|cycle,1,2,81805,50000,1,2,0.6112,7,0.8,0.00030055,0.00105429,0.00160441,0.0000190221
100000002593344100,terminal,0.3661,0,0.302,получено: 431 000 KZT; плательщиков: 2; исходящих: 0,3,false,false,,2,0,431000,0,2,0,0,9,0,0.000356942,0,3.02482e-7,0
100000007390016100,peripheral,0,15,0.2869,"смешанные признаки: плательщиков 1, получателей 1, поток 857 500 KZT",3,false,false,fast_transit|mixed_signals|cycle,1,1,511000,346500,13,14,0.6781,7,0.7157,0.00193799,0.00132241,0,0
100000001285440100,terminal,0.0971,0,0.2574,получено: 243 000 KZT; плательщиков: 2; исходящих: 0,3,false,false,,2,0,243000,0,2,0,0,9,0,0.0003186,0,0.00000330438,0
100000006746688100,peripheral,0,18,0.1419,"ниже порога конечного получателя: плательщиков 1 (нужно ≥ 2), получено 41 000 KZT (нужно ≥ 200 000 KZT)",3,false,false,,1,0,41000,0,1,0,0,1,0,0.00029039,0,9.97519e-12,0
100000006471232100,peripheral,0,18,0.1421,"ниже порога конечного получателя: плательщиков 1 (нужно ≥ 2), получено 41 800 KZT (нужно ≥ 200 000 KZT)",3,false,false,,1,0,41800,0,1,0,0,1,0,0.000290514,0,9.97519e-12,0
100000008662805100,peripheral,0,18,0.1311,"ниже порога конечного получателя: плательщиков 1 (нужно ≥ 2), получено 16 500 KZT (нужно ≥ 200 000 KZT)",3,false,false,,1,0,16500,0,1,0,0,1,0,0.000286594,0,9.97519e-12,0
100000004292885100,peripheral,0,18,0.154,"ниже порога конечного получателя: плательщиков 1 (нужно ≥ 2), получено 112 700 KZT (нужно ≥ 200 000 KZT)",3,false,false,,1,0,112700,0,1,0,0,1,0,0.000301498,0,9.97519e-12,0
100000008190442100,peripheral,0,18,0.1283,"ниже порога конечного получателя: плательщиков 1 (нужно ≥ 2), получено 13 000 KZT (нужно ≥ 200 000 KZT)",3,false,false,,1,0,13000,0,1,0,0,1,0,0.000286051,0,9.97519e-12,0
100000007131370100,transit,0.8,2,0.3847,передаёт 100% входящего; 0% исходящих — за 2 дня,3,false,false,cycle,1,1,30000,30000,1,1,1,7,0,0.00089236,0.0000154295,0,0
100000008717802100,peripheral,0,18,0.1365,"ниже порога конечного получателя: плательщиков 1 (нужно ≥ 2), получено 26 150 KZT (нужно ≥ 200 000 KZT)",3,false,false,,1,0,26150,0,1,0,0,1,0,0.000288089,0,9.97519e-12,0
100000005357034100,peripheral,0,6,0.1854,"ниже порога конечного получателя: плательщиков 1 (нужно ≥ 2), получено 9 754 KZT (нужно ≥ 200 000 KZT)",3,false,false,,1,0,9754,0,1,0,0,7,0,0.000284583,0,0.00290578,0
100000005532138100,peripheral,0,14,0.1983,"ниже порога конечного получателя: плательщиков 1 (нужно ≥ 2), получено 25 046 KZT (нужно ≥ 200 000 KZT)",3,false,false,,1,0,25046,0,1,0,0,7,0,0.000292202,0,0.000108312,0
100000005264874100,peripheral,0,30,0.1595,"смешанные признаки: плательщиков 1, получателей 2, поток 108 000 KZT",3,false,false,mixed_signals|cycle,1,2,30000,78000,1,3,2.6,1,0,0.000425698,0,0,7.92587e-7
100000008193258100,peripheral,0,21,0.2134,"смешанные признаки: плательщиков 1, получателей 1, поток 105 000 KZT",3,false,false,mixed_signals,1,1,75000,30000,2,1,0.4,7,0,0.000295756,0,0.000233345,0.0000192202
100000003190207100,peripheral,0,26,0.2904,"смешанные признаки: плательщиков 1, получателей 1, поток 382 000 KZT",3,false,false,mixed_signals,1,1,5000,377000,1,8,75.4,8,0.1061,0.000297502,0,0.00000103037,0.0000210036
100000004321983100,peripheral,0,19,0.1443,"смешанные признаки: плательщиков 1, получателей 2, поток 47 040 KZT",3,false,false,mixed_signals|cycle,1,2,10840,36200,1,3,3.3395,1,0,0.000324611,0,0,0.00000138703
100000002633108100,terminal,0.2308,8,0.2598,получено: 320 000 KZT; плательщиков: 1; исходящих: 0,3,false,false,,1,0,320000,0,3,0,0,7,0,0.000374176,0,0.0000244138,0
100000005941908100,peripheral,0,8,0.2047,"ниже порога конечного получателя: плательщиков 1 (нужно ≥ 2), получено 10 000 KZT (нужно ≥ 200 000 KZT)",3,false,false,,1,0,10000,0,1,0,0,8,0,0.000687434,0,0,0
100000001835625100,peripheral,0,1,0.2089,"ниже порога конечного получателя: плательщиков 1 (нужно ≥ 2), получено 75 130 KZT (нужно ≥ 200 000 KZT)",3,false,false,,1,0,75130,0,1,0,0,7,0,0.000286452,0,0.00294017,0
100000008671081100,peripheral,0,18,0.1407,"ниже порога конечного получателя: плательщиков 1 (нужно ≥ 2), получено 37 200 KZT (нужно ≥ 200 000 KZT)",3,false,false,,1,0,37200,0,1,0,0,1,0,0.000289801,0,9.97519e-12,0
100000002908521100,peripheral,0,18,0.1429,"ниже порога конечного получателя: плательщиков 1 (нужно ≥ 2), получено 44 500 KZT (нужно ≥ 200 000 KZT)",3,false,false,,1,0,44500,0,1,0,0,1,0,0.000290932,0,9.97519e-12,0
100000000749118100,peripheral,0,6,0.1976,"смешанные признаки: плательщиков 1, получателей 1, поток 26 830 KZT",3,false,false,mixed_signals,1,1,10330,16500,1,1,1.5973,7,0,0.000284615,0,0.00290578,0.0000192202
100000008652094100,peripheral,0,6,0.2005,"ниже порога конечного получателя: плательщиков 1 (нужно ≥ 2), получено 35 000 KZT (нужно ≥ 200 000 KZT)",3,false,false,,1,0,35000,0,1,0,0,7,0,0.000285995,0,0.00290578,0
100000007647294100,terminal,0.3162,31,0.2785,получено: 385 000 KZT; плательщиков: 1; исходящих: 0,3,false,false,,1,0,385000,0,1,0,0,7,0,0.000574781,0,4.40237e-296,0
100000003270419100,peripheral,0,7,0.2621,"ниже порога конечного получателя: плательщиков 1 (нужно ≥ 2), получено 150 000 KZT (нужно ≥ 200 000 KZT)",3,false,false,,1,0,150000,0,1,0,0,10,0,0.000826888,0,0,0
100000003050771100,terminal,0.0676,4,0.2354,получено: 229 000 KZT; плательщиков: 1; исходящих: 0,3,false,false,,1,0,229000,0,1,0,0,7,0,0.000368176,0,0.00025946,0
100000008427027100,terminal,0.2,7,0.2911,получено: 300 000 KZT; плательщиков: 1; исходящих: 0,3,false,false,,1,0,300000,0,1,0,0,10,0,0.00054793,0,0.00000371692,0
100000004291560100,peripheral,0,6,0.204,"ниже порога конечного получателя: плательщиков 1 (нужно ≥ 2), получено 47 190 KZT (нужно ≥ 200 000 KZT)",3,false,false,,1,0,47190,0,1,0,0,7,0,0.000286676,0,0.00290578,0
100000003594472100,peripheral,0,22,0.1935,"ниже порога конечного получателя: плательщиков 1 (нужно ≥ 2), получено 20 000 KZT (нужно ≥ 200 000 KZT)",3,false,false,,1,0,20000,0,1,0,0,7,0,0.000292841,0,0.0000474736,0
100000002575080100,transit,0.9615,2,0.3991,передаёт 96% входящего; 100% исходящих — за 2 дня,3,false,false,fast_transit,1,1,13000,12500,1,1,0.9615,7,1,0.000547644,0,0,0.0000198147
100000008038077100,terminal,0.4284,1,0.2905,получено: 499 850 KZT; плательщиков: 1; исходящих: 0,3,false,false,,1,0,499850,0,2,0,0,7,0,0.000300103,0,0.00294017,0
100000003899325100,peripheral,0,12,0.2044,"ниже порога конечного получателя: плательщиков 1 (нужно ≥ 2), получено 50 120 KZT (нужно ≥ 200 000 KZT)",3,false,false,,1,0,50120,0,1,0,0,7,0,0.000295023,0,0.00013028,0
100000001155773100,peripheral,0,18,0.1342,"ниже порога конечного получателя: плательщиков 1 (нужно ≥ 2), получено 21 500 KZT (нужно ≥ 200 000 KZT)",3,false,false,,1,0,21500,0,1,0,0,1,0,0.000287368,0,9.97519e-12,0
100000000611474100,peripheral,0,6,0.2066,"ниже порога конечного получателя: плательщиков 1 (нужно ≥ 2), получено 32 000 KZT (нужно ≥ 200 000 KZT)",3,false,false,,1,0,32000,0,1,0,0,7,0,0.000591952,0,0,0
100000006704530100,transit,0.7501,20,0.3914,передаёт 95% входящего; 0% исходящих — за 2 дня,3,false,false,,1,3,450500,428000,1,5,0.9501,7,0,0.000396004,0,1.43156e-282,0.0000588496
100000003996562100,peripheral,0,15,0.1933,"ниже порога конечного получателя: плательщиков 1 (нужно ≥ 2), получено 7 700 KZT (нужно ≥ 200 000 KZT)",3,false,false,,1,0,7700,0,1,0,0,7,0,0.00032798,0,0.00000235094,0
100000002646887100,peripheral,0,29,0.1958,"ниже порога конечного получателя: плательщиков 1 (нужно ≥ 2), получено 24 354 KZT (нужно ≥ 200 000 KZT)",3,false,false,,1,0,24354,0,1,0,0,7,0,0.00029359,0,4.86783e-8,0
100000002556775100,terminal,0.2,1,0.2529,получено: 300 000 KZT; плательщиков: 1; исходящих: 0,3,false,false,,1,0,300000,0,1,0,0,7,0,0.000293679,0,0.00294017,0
100000002722108100,terminal,0.6,5,0.2701,получено: 800 000 KZT; плательщиков: 1; исходящих: 0,3,false,false,,1,0,800000,0,2,0,0,2,0,0.00032187,0,3.79414e-7,0
100000002737980100,peripheral,0,2,0.2035,"ниже порога конечного получателя: плательщиков 1 (нужно ≥ 2), получено 32 900 KZT (нужно ≥ 200 000 KZT)",3,false,false,,1,0,32900,0,1,0,0,7,0,0.000293827,0,0.0000525698,0
100000002913340100,peripheral,0,18,0.1353,"ниже порога конечного получателя: плательщиков 1 (нужно ≥ 2), получено 23 600 KZT (нужно ≥ 200 000 KZT)",3,false,false,,1,0,23600,0,1,0,0,1,0,0.000287694,0,9.97519e-12,0
100000003610172100,peripheral,0,1,0.2081,"ниже порога конечного получателя: плательщиков 1 (нужно ≥ 2), получено 70 000 KZT (нужно ≥ 200 000 KZT)",3,false,false,,1,0,70000,0,1,0,0,7,0,0.000286287,0,0.00294017,0
100000001052945100,peripheral,0,8,0.2466,"смешанные признаки: плательщиков 1, получателей 3, поток 1 652 220 KZT",3,false,false,mixed_signals|depth_outlier,1,3,56520,1595700,1,6,28.2325,7,0,0.000299958,0,0.0000244138,0.0000576607
100000002369510100,peripheral,0,18,0.1407,"ниже порога конечного получателя: плательщиков 1 (нужно ≥ 2), получено 37 150 KZT (нужно ≥ 200 000 KZT)",3,false,false,,1,0,37150,0,1,0,0,1,0,0.000289793,0,9.97519e-12,0
100000001954534100,peripheral,0,9,0.207,"смешанные признаки: плательщиков 1, получателей 1, поток 53 000 KZT",3,false,false,mixed_signals,1,1,13000,40000,1,1,3.0769,7,0,0.000364753,0,0.0000827538,0.0000196165
100000008488166100,peripheral,0,18,0.1183,"ниже порога конечного получателя: плательщиков 1 (нужно ≥ 2), получено 5 600 KZT (нужно ≥ 200 000 KZT)",3,false,false,,1,0,5600,0,1,0,0,1,0,0.000284905,0,9.97519e-12,0
100000005100475100,peripheral,0,19,0.1427,"ниже порога конечного получателя: плательщиков 1 (нужно ≥ 2), получено 40 000 KZT (нужно ≥ 200 000 KZT)",3,false,false,,1,0,40000,0,1,0,0,1,0,0.000335876,0,0,0
100000002708624100,peripheral,0,33,0.1969,"ниже порога конечного получателя: плательщиков 1 (нужно ≥ 2), получено 25 000 KZT (нужно ≥ 200 000 KZT)",3,false,false,,1,0,25000,0,1,0,0,7,0,0.000326871,0,0.00000250068,0
100000004591973100,peripheral,0,25,0.2382,"смешанные признаки: плательщиков 1, получателей 1, поток 110 000 KZT",3,false,false,mixed_signals,1,1,10000,100000,1,1,10,9,0,0.000396725,0,0,0.0000204091
100000000802149100,peripheral,0,9,0.2129,"ниже порога конечного получателя: плательщиков 1 (нужно ≥ 2), получено 104 128 KZT (нужно ≥ 200 000 KZT)",3,false,false,,1,0,104128,0,1,0,0,7,0,0.000293201,0,0.00113194,0
100000003095610100,peripheral,0,10,0.1989,"ниже порога конечного получателя: плательщиков 1 (нужно ≥ 2), получено 23 665 KZT (нужно ≥ 200 000 KZT)",3,false,false,,1,0,23665,0,1,0,0,7,0,0.000292793,0,6.40702e-7,0
100000004183610100,peripheral,0,15,0.2504,"смешанные признаки: плательщиков 1, получателей 1, поток 937 000 KZT",3,false,false,mixed_signals,1,1,22000,915000,1,3,41.5909,7,0.0164,0.000338828,0,4.25995e-8,0.0000196165
100000005198906100,peripheral,0,1,0.2252,"смешанные признаки: плательщиков 1, получателей 1, поток 287 970 KZT",3,false,false,mixed_signals,1,1,227970,60000,1,1,0.2632,7,0,0.000291364,0,0.00294017,0.0000192202
100000008599354100,peripheral,0,9,0.2224,"смешанные признаки: плательщиков 1, получателей 1, поток 215 200 KZT",3,false,false,mixed_signals,1,1,177000,38200,1,2,0.2158,7,0,0.000329833,0.000688338,0.00113791,0.00000435923
100000001303311100,consolidator,0.8182,0,0.4626,"плательщиков: 5, прямых seed: 0; дальше: 0% входящего",3,false,false,sync_inflow|depth_outlier,5,0,1324000,0,5,0,0,9,0,0.000498733,0,0.0000039139,0
100000008776420100,peripheral,0,18,0.1482,"ниже порога конечного получателя: плательщиков 1 (нужно ≥ 2), получено 69 500 KZT (нужно ≥ 200 000 KZT)",3,false,false,,1,0,69500,0,1,0,0,1,0,0.000294805,0,9.97519e-12,0
100000004737764100,terminal,0.5,7,0.3135,получено: 600 000 KZT; плательщиков: 1; исходящих: 0,3,false,false,,1,0,600000,0,1,0,0,7,0,0.000672167,0,0,0
100000003154105100,peripheral,0,17,0.237,"смешанные признаки: плательщиков 1, получателей 7, поток 398 000 KZT",3,false,false,mixed_signals,1,7,60000,338000,1,9,5.6333,7,0.1627,0.000547059,1.31163e-295,0,0.00014009
100000008708025100,peripheral,0,23,0.1857,"ниже порога конечного получателя: плательщиков 1 (нужно ≥ 2), получено 10 000 KZT (нужно ≥ 200 000 KZT)",3,false,false,,1,0,10000,0,1,0,0,7,0,0.00030753,0,0,0
100000008740793100,peripheral,0,18,0.1339,"ниже порога конечного получателя: плательщиков 1 (нужно ≥ 2), получено 21 000 KZT (нужно ≥ 200 000 KZT)",3,false,false,,1,0,21000,0,1,0,0,1,0,0.000287291,0,9.97519e-12,0
100000008459449100,peripheral,0,9,0.2052,"ниже порога конечного получателя: плательщиков 1 (нужно ≥ 2), получено 53 700 KZT (нужно ≥ 200 000 KZT)",3,false,false,,1,0,53700,0,1,0,0,7,0,0.000297931,0,0.00113791,0
100000008677518100,peripheral,0,18,0.1439,"ниже порога конечного получателя: плательщиков 1 (нужно ≥ 2), получено 48 700 KZT (нужно ≥ 200 000 KZT)",3,false,false,,1,0,48700,0,1,0,0,1,0,0.000291583,0,9.97519e-12,0
100000002212494100,peripheral,0,22,0.2194,"ниже порога конечного получателя: плательщиков 1 (нужно ≥ 2), получено 160 000 KZT (нужно ≥ 200 000 KZT)",3,false,false,,1,0,160000,0,1,0,0,7,0,0.000354468,0,0.0000474736,0
100000001825934100,peripheral,0,30,0.1634,"смешанные признаки: плательщиков 1, получателей 1, поток 137 000 KZT",3,false,false,mixed_signals,1,1,40000,97000,1,1,2.425,1,0,0.000472919,0,0,9.90734e-7
100000003736419100,peripheral,0,9,0.1997,"смешанные признаки: плательщиков 1, получателей 1, поток 33 300 KZT",3,false,false,fast_transit|mixed_signals,1,1,23300,10000,1,1,0.4292,7,1,0.000290066,0,0.00113791,0.0000192202
100000008430691100,peripheral,0,2,0.2387,"смешанные признаки: плательщиков 1, получателей 2, поток 624 900 KZT",3,false,false,fast_transit|mixed_signals|cycle,1,2,20000,604900,1,2,30.245,7,0.9669,0.000305287,0.0000011081,0.0000101236,0.0000196165
100000003073635100,peripheral,0,13,0.2159,"ниже порога конечного получателя: плательщиков 1 (нужно ≥ 2), получено 129 231 KZT (нужно ≥ 200 000 KZT)",3,false,false,,1,0,129231,0,1,0,0,7,0,0.000310123,0,0.00160441,0
100000001686328100,peripheral,0,0,0.2374,"ниже порога конечного получателя: плательщиков 1 (нужно ≥ 2), получено 140 000 KZT (нужно ≥ 200 000 KZT)",3,false,false,,1,0,140000,0,1,0,0,9,0,0.000313326,0,9.05655e-8,0
100000008707810100,peripheral,0,18,0.1366,"ниже порога конечного получателя: плательщиков 1 (нужно ≥ 2), получено 26 200 KZT (нужно ≥ 200 000 KZT)",3,false,false,,1,0,26200,0,1,0,0,1,0,0.000288097,0,9.97519e-12,0
100000001236706100,consolidator,0.4424,15,0.3463,"плательщиков: 3, прямых seed: 0; дальше: 25% входящего",3,false,false,,3,2,142700,36000,3,2,0.2523,7,0,0.000761276,0,0.00322522,0.0000392331
100000008536546100,terminal,0.1111,0,0.2496,получено: 250 000 KZT; плательщиков: 2; исходящих: 0,3,false,false,,2,0,250000,0,2,0,0,8,0,0.000315511,0,0.00000256643,0
100000007140834100,peripheral,0,10,0.1988,"ниже порога конечного получателя: плательщиков 1 (нужно ≥ 2), получено 10 200 KZT (нужно ≥ 200 000 KZT)",3,false,false,,1,0,10200,0,2,0,0,7,0,0.000707612,0,0,0
100000007022818100,peripheral,0,18,0.1316,"ниже порога конечного получателя: плательщиков 1 (нужно ≥ 2), получено 17 200 KZT (нужно ≥ 200 000 KZT)",3,false,false,,1,0,17200,0,1,0,0,1,0,0.000286702,0,9.97519e-12,0
100000007484343100,terminal,0,6,0.1973,получено: 26 757 KZT; плательщиков: 2; исходящих: 0,3,false,false,,2,0,26757,0,2,0,0,7,0,0.000287573,0,0.00404369,0
100000001379511100,peripheral,0,29,0.2057,"ниже порога конечного получателя: плательщиков 1 (нужно ≥ 2), получено 55 000 KZT (нужно ≥ 200 000 KZT)",3,false,false,,1,0,55000,0,1,0,0,7,0,0.000305612,0,4.86783e-8,0
100000004569484100,peripheral,0,10,0.2741,"смешанные признаки: плательщиков 2, получателей 4, поток 254 312 KZT",3,false,false,mixed_signals|cycle,2,4,98312,156000,3,4,1.5868,7,0,0.000317631,0.000091904,0.0000271721,0.0027934
100000002948492100,peripheral,0,8,0.1954,"ниже порога конечного получателя: плательщиков 1 (нужно ≥ 2), получено 23 660 KZT (нужно ≥ 200 000 KZT)",3,false,false,,1,0,23660,0,1,0,0,7,0,0.000290702,0,0.0000244138,0
100000002116705100,peripheral,0,18,0.1318,"ниже порога конечного получателя: плательщиков 1 (нужно ≥ 2), получено 17 600 KZT (нужно ≥ 200 000 KZT)",3,false,false,,1,0,17600,0,1,0,0,1,0,0.000286764,0,9.97519e-12,0
100000002481974100,peripheral,0,12,0.2305,"смешанные признаки: плательщиков 2, получателей 2, поток 407 447 KZT",3,false,false,mixed_signals,2,2,89447,318000,2,4,3.5552,7,0.1855,0.000329812,0,0.000150982,0.0000388368
100000003920950100,terminal,0.2356,14,0.2631,получено: 323 290 KZT; плательщиков: 1; исходящих: 0,3,false,false,,1,0,323290,0,1,0,0,7,0,0.00038942,0,0.000108312,0
100000000733451100,peripheral,0,7,0.2663,"смешанные признаки: плательщиков 1, получателей 1, поток 370 000 KZT",3,false,false,mixed_signals,1,1,70000,300000,2,1,4.2857,10,0,0.000537367,0,0,0.0000245702
100000005182219100,terminal,0,15,0.217,получено: 55 000 KZT; плательщиков: 2; исходящих: 0,3,false,false,,2,0,55000,0,2,0,0,7,0,0.000352094,0,0.00296446,0
100000008633099100,peripheral,0,14,0.2018,"смешанные признаки: плательщиков 1, получателей 1, поток 32 968 KZT",3,false,false,mixed_signals,1,1,19468,13500,1,1,0.6934,7,0,0.000290383,0,0.000108312,0.0000192202
100000001380107100,peripheral,0,17,0.2092,"ниже порога конечного получателя: плательщиков 1 (нужно ≥ 2), получено 6 000 KZT (нужно ≥ 200 000 KZT)",3,false,false,,1,0,6000,0,1,0,0,10,0,0.000289377,0,3.28323e-8,0
100000008755168100,peripheral,0,18,0.1318,"ниже порога конечного получателя: плательщиков 1 (нужно ≥ 2), получено 17 600 KZT (нужно ≥ 200 000 KZT)",3,false,false,,1,0,17600,0,1,0,0,1,0,0.000286764,0,9.97519e-12,0
100000002628576100,peripheral,0,1,0.2434,"смешанные признаки: плательщиков 2, получателей 2, поток 1 266 882 KZT",3,false,false,fast_transit|mixed_signals|depth_outlier,2,2,727882,539000,3,2,0.7405,7,1,0.000309651,0,0.00584596,0.0000384405
100000001611488100,terminal,0.5915,4,0.3338,получено: 779 300 KZT; плательщиков: 2; исходящих: 0,3,false,false,,2,0,779300,0,3,0,0,7,0,0.000871594,0,0.00296407,0
100000005375968100,peripheral,0,6,0.2247,"смешанные признаки: плательщиков 1, получателей 2, поток 256 082 KZT",3,false,false,mixed_signals,1,2,170082,86000,1,4,0.5056,7,0.3488,0.000293549,0,0.00290578,0.0000384405
100000003581109100,peripheral,0,6,0.2028,"ниже порога конечного получателя: плательщиков 1 (нужно ≥ 2), получено 42 750 KZT (нужно ≥ 200 000 KZT)",3,false,false,,1,0,42750,0,1,0,0,7,0,0.000286428,0,0.00290578,0
100000002933386100,peripheral,0,4,0.2196,"смешанные признаки: плательщиков 1, получателей 1, поток 73 000 KZT",3,false,false,mixed_signals,1,1,15000,58000,1,1,3.8667,7,0,0.000648635,0,0,0.0000200128
100000002284426100,peripheral,0,1,0.2111,"ниже порога конечного получателя: плательщиков 1 (нужно ≥ 2), получено 90 000 KZT (нужно ≥ 200 000 KZT)",3,false,false,,1,0,90000,0,2,0,0,7,0,0.00028693,0,0.00294017,0
100000008579978100,peripheral,0,1,0.2138,"смешанные признаки: плательщиков 1, получателей 1, поток 111 000 KZT",3,false,false,mixed_signals,1,1,34000,77000,1,6,2.2647,7,0.3506,0.00028513,0,0.00294017,0.0000192202
100000001549194100,peripheral,0,8,0.2035,"ниже порога конечного получателя: плательщиков 1 (нужно ≥ 2), получено 46 500 KZT (нужно ≥ 200 000 KZT)",3,false,false,,1,0,46500,0,1,0,0,7,0,0.000297136,0,0.0000244138,0
100000001427082100,peripheral,0,17,0.2202,"смешанные признаки: плательщиков 1, получателей 5, поток 129 900 KZT",3,false,false,mixed_signals,1,5,5000,124900,1,6,24.98,7,0,0.000436654,1.02133e-309,1.61715e-310,0.0000784662
100000004657034100,peripheral,0,1,0.2164,"ниже порога конечного получателя: плательщиков 1 (нужно ≥ 2), получено 141 250 KZT (нужно ≥ 200 000 KZT)",3,false,false,,1,0,141250,0,1,0,0,7,0,0.000288577,0,0.00294017,0
100000003796063100,distributor,0.4571,6,0.3717,получателей: 15; плательщиков: 1; исходящий поток: 959 150 KZT,3,false,false,cycle,1,15,35000,959150,1,23,27.4043,7,0.0735,0.000680853,0.00259578,0,0.00117893
100000005268319100,peripheral,0,6,0.2148,"смешанные признаки: плательщиков 1, получателей 5, поток 110 713 KZT",3,false,false,mixed_signals|cycle,1,5,19712.8,91000,2,10,4.6163,7,0.2637,0.000292048,0.000298023,0.000642816,0.0000404739
100000008744799100,peripheral,0,18,0.1279,"ниже порога конечного получателя: плательщиков 1 (нужно ≥ 2), получено 12 600 KZT (нужно ≥ 200 000 KZT)",3,false,false,,1,0,12600,0,1,0,0,1,0,0.000285989,0,9.97519e-12,0
100000008677215100,peripheral,0,28,0.1843,"ниже порога конечного получателя: плательщиков 1 (нужно ≥ 2), получено 9 000 KZT (нужно ≥ 200 000 KZT)",3,false,false,,1,0,9000,0,1,0,0,7,0,0.000302937,0,0.00000319787,0
100000007593823100,distributor,0.1994,4,0.2782,получателей: 13; плательщиков: 3; исходящий поток: 162 900 KZT,3,false,false,cycle,3,13,25000,162900,3,21,6.516,7,0.4009,0.000289021,0.00148779,0.00430315,0.00068132
100000001282143100,consolidator,0.8333,5,0.4762,"плательщиков: 5, прямых seed: 0; дальше: 0% входящего",3,false,false,sync_inflow|depth_outlier,5,0,1700000,0,6,0,0,10,0,0.000399449,0,0.00000782262,0
100000008029279100,peripheral,0,13,0.1915,"ниже порога конечного получателя: плательщиков 1 (нужно ≥ 2), получено 17 000 KZT (нужно ≥ 200 000 KZT)",3,false,false,,1,0,17000,0,1,0,0,7,0,0.000287469,0,0.00160441,0
100000000594783100,peripheral,0,3,0.235,"смешанные признаки: плательщиков 1, получателей 2, поток 2 787 500 KZT",3,false,false,fast_transit|mixed_signals|cycle|depth_outlier,1,2,2635000,152500,10,2,0.0579,2,1,0.00145585,8.4344e-302,2.65592e-302,0
100000002705460100,peripheral,0,2,0.2221,"ниже порога конечного получателя: плательщиков 1 (нужно ≥ 2), получено 95 000 KZT (нужно ≥ 200 000 KZT)",3,false,false,,1,0,95000,0,1,0,0,7,0,0.000554239,0,0.0000168678,0
100000002952756100,peripheral,0,10,0.1487,"ниже порога конечного получателя: плательщиков 1 (нужно ≥ 2), получено 47 000 KZT (нужно ≥ 200 000 KZT)",3,false,false,,1,0,47000,0,1,0,0,1,0,0.000365634,0,2.46314e-7,0
100000004634420100,peripheral,0,18,0.1365,"ниже порога конечного получателя: плательщиков 1 (нужно ≥ 2), получено 26 150 KZT (нужно ≥ 200 000 KZT)",3,false,false,,1,0,26150,0,1,0,0,1,0,0.000288089,0,9.97519e-12,0
100000000583220100,peripheral,0,15,0.247,"смешанные признаки: плательщиков 1, получателей 1, поток 766 255 KZT",3,false,false,mixed_signals,1,1,5000,761255,1,4,152.251,7,0.0525,0.00029649,0,4.25995e-8,0.0000196165
100000003286537100,terminal,0,0,0.2281,получено: 153 000 KZT; плательщиков: 2; исходящих: 0,3,false,false,,2,0,153000,0,2,0,0,8,0,0.000299485,0,0.00000324236,0
100000002958345100,terminal,0.211,5,0.2048,получено: 307 000 KZT; плательщиков: 1; исходящих: 0,3,false,false,,1,0,307000,0,1,0,0,2,0,0.000298556,0,3.79414e-7,0
100000005055454100,peripheral,0,34,0.1252,"ниже порога конечного получателя: плательщиков 1 (нужно ≥ 2), получено 6 500 KZT (нужно ≥ 200 000 KZT)",3,false,false,,1,0,6500,0,1,0,0,1,0,0.000502556,0,0,0
100000008738526100,peripheral,0,0,0.2283,"смешанные признаки: плательщиков 1, получателей 1, поток 155 000 KZT",3,false,false,mixed_signals,1,1,15000,140000,1,1,9.3333,8,0,0.000285908,0,0.00000129028,0.0000213999
100000001298099100,peripheral,0,10,0.1963,"ниже порога конечного получателя: плательщиков 1 (нужно ≥ 2), получено 19 000 KZT (нужно ≥ 200 000 KZT)",3,false,false,,1,0,19000,0,1,0,0,7,0,0.000291067,0,6.40702e-7,0
100000006491272100,peripheral,0,18,0.1366,"ниже порога конечного получателя: плательщиков 1 (нужно ≥ 2), получено 26 200 KZT (нужно ≥ 200 000 KZT)",3,false,false,,1,0,26200,0,1,0,0,1,0,0.000288097,0,9.97519e-12,0
100000000552584100,peripheral,0,3,0.2326,"смешанные признаки: плательщиков 1, получателей 1, поток 2 557 500 KZT",3,false,false,mixed_signals|cycle|depth_outlier,1,1,2500000,57500,3,1,0.023,2,0,0.00139582,2.84417e-302,2.65592e-302,0
100000005187208100,peripheral,0,4,0.192,"ниже порога конечного получателя: плательщиков 1 (нужно ≥ 2), получено 14 160 KZT (нужно ≥ 200 000 KZT)",3,false,false,,1,0,14160,0,1,0,0,7,0,0.000310255,0,0.000106942,0
100000003528285100,peripheral,0,13,0.2393,"смешанные признаки: плательщиков 4, получателей 4, поток 666 870 KZT",3,false,false,fast_transit|mixed_signals,4,4,118870,548000,5,6,4.6101,7,0.6204,0.000401956,0.000643239,0.00472183,0.000115046
100000001484381100,terminal,0,10,0.216,получено: 95 585 KZT; плательщиков: 2; исходящих: 0,3,false,false,,2,0,95585,0,4,0,0,7,0,0.00031951,0,0.00000339898,0
100000002508637100,peripheral,0,12,0.1662,"смешанные признаки: плательщиков 1, получателей 1, поток 314 410 KZT",3,false,false,mixed_signals,1,1,306410,8000,1,1,0.0261,1,0,0.000305708,0,0.0000793604,7.92587e-7
100000003149149100,terminal,0.1011,1,0.2369,получено: 245 000 KZT; плательщиков: 1; исходящих: 0,3,false,false,,1,0,245000,0,1,0,0,7,0,0.000291912,0,0.00294017,0
100000001538095100,terminal,0.1667,0,0.2689,получено: 280 000 KZT; плательщиков: 2; исходящих: 0,3,false,false,,2,0,280000,0,2,0,0,9,0,0.000328309,0,0.00000305123,0
100000008695133100,peripheral,0,18,0.1405,"ниже порога конечного получателя: плательщиков 1 (нужно ≥ 2), получено 36 610 KZT (нужно ≥ 200 000 KZT)",3,false,false,,1,0,36610,0,1,0,0,1,0,0.000289709,0,9.97519e-12,0
100000008749405100,peripheral,0,18,0.1407,"ниже порога конечного получателя: плательщиков 1 (нужно ≥ 2), получено 37 150 KZT (нужно ≥ 200 000 KZT)",3,false,false,,1,0,37150,0,1,0,0,1,0,0.000289793,0,9.97519e-12,0
100000005815602100,peripheral,0,2,0.2301,"смешанные признаки: плательщиков 1, получателей 1, поток 185 000 KZT",3,false,false,mixed_signals,1,1,20000,165000,1,1,8.25,7,0,0.000548864,0,0,0.0000194184
100000006641671100,transit,0.8236,13,0.3718,передаёт 114% входящего; 80% исходящих — за 2 дня,3,false,false,fast_transit,2,1,22000,25000,2,3,1.1364,7,0.8,0.000437447,0.00001025,0.00165499,0.00000544904
100000002945031100,peripheral,0,4,0.1922,"ниже порога конечного получателя: плательщиков 1 (нужно ≥ 2), получено 15 000 KZT (нужно ≥ 200 000 KZT)",3,false,false,,1,0,15000,0,1,0,0,7,0,0.000289549,0,0.00025946,0
100000003497735100,peripheral,0,14,0.2175,"ниже порога конечного получателя: плательщиков 1 (нужно ≥ 2), получено 125 000 KZT (нужно ≥ 200 000 KZT)",3,false,false,,1,0,125000,0,1,0,0,7,0,0.000305262,0,0.0000844807,0
100000004644615100,peripheral,0,10,0.175,"смешанные признаки: плательщиков 1, получателей 2, поток 430 475 KZT",3,false,false,mixed_signals,1,2,50810,379665,1,14,7.4722,1,0.0458,0.000372249,0,2.46314e-7,0.00000118888
100000002755292100,terminal,0.0084,1,0.2219,получено: 203 400 KZT; плательщиков: 1; исходящих: 0,3,false,false,,1,0,203400,0,1,0,0,7,0,0.000290575,0,0.00294017,0
100000005142492100,peripheral,0,19,0.2483,"смешанные признаки: плательщиков 1, получателей 1, поток 67 000 KZT",3,false,false,fast_transit|mixed_signals|cycle,1,1,10000,57000,1,1,5.7,7,1,0.00200814,0.0000135057,0,0
100000002893020100,peripheral,0,10,0.1959,"ниже порога конечного получателя: плательщиков 1 (нужно ≥ 2), получено 18 340 KZT (нужно ≥ 200 000 KZT)",3,false,false,,1,0,18340,0,1,0,0,7,0,0.000290823,0,6.40702e-7,0
100000004500444100,peripheral,0,8,0.2277,"смешанные признаки: плательщиков 2, получателей 1, поток 254 000 KZT",3,false,false,fast_transit|mixed_signals|repeat_route,2,1,180000,74000,7,5,0.4111,7,1,0.000461934,0,0.0000246106,0.0000194184
100000008454065100,peripheral,0,8,0.1956,"ниже порога конечного получателя: плательщиков 1 (нужно ≥ 2), получено 24 050 KZT (нужно ≥ 200 000 KZT)",3,false,false,,1,0,24050,0,1,0,0,7,0,0.000290812,0,0.0000244138,0
100000008416433100,peripheral,0,8,0.1934,"ниже порога конечного получателя: плательщиков 1 (нужно ≥ 2), получено 20 000 KZT (нужно ≥ 200 000 KZT)",3,false,false,,1,0,20000,0,1,0,0,7,0,0.000289671,0,0.0000244138,0
100000005265073100,peripheral,0,26,0.2515,"смешанные признаки: плательщиков 1, получателей 1, поток 14 000 KZT",3,false,false,mixed_signals,1,1,5000,9000,1,1,1.8,8,0,0.000297502,0,0.00000103037,0.0000210036
100000006734214100,consolidator,0.6722,6,0.4029,"плательщиков: 5, прямых seed: 0; дальше: 6% входящего",3,false,false,fast_transit,5,3,610000,36000,10,4,0.059,7,0.7222,0.000602458,0,0.00800942,0.0000594441
100000002611334100,peripheral,0,6,0.2083,"смешанные признаки: плательщиков 1, получателей 1, поток 63 788 KZT",3,false,false,mixed_signals,1,1,48288,15500,1,1,0.321,7,0,0.000303661,0,0.000642816,0.0000192202
100000006225798100,consolidator,0.7099,21,0.4069,"плательщиков: 3, прямых seed: 0; дальше: 4% входящего",3,false,false,,3,2,722000,26300,4,2,0.0364,7,0,0.000357886,0,0.0060793,0.0000384405
100000002849158100,peripheral,0,0,0.2698,"смешанные признаки: плательщиков 3, получателей 1, поток 2 036 000 KZT",3,false,false,fast_transit|mixed_signals|sync_inflow|depth_outlier,3,1,723000,1313000,3,3,1.816,9,0.5506,0.000334467,0,0.00000790722,0.0000227869
100000008686214100,peripheral,0,13,0.1962,"ниже порога конечного получателя: плательщиков 1 (нужно ≥ 2), получено 25 000 KZT (нужно ≥ 200 000 KZT)",3,false,false,,1,0,25000,0,1,0,0,7,0,0.000296114,0,0.000121599,0
100000004931931100,peripheral,0,9,0.2083,"смешанные признаки: плательщиков 1, получателей 1, поток 68 938 KZT",3,false,false,mixed_signals,1,1,23938,45000,1,1,1.8799,7,0,0.000290231,0,0.00113791,0.0000192202
100000007510875100,peripheral,0,10,0.1221,"ниже порога конечного получателя: плательщиков 1 (нужно ≥ 2), получено 5 000 KZT (нужно ≥ 200 000 KZT)",3,false,false,,1,0,5000,0,1,0,0,1,0,0.000356207,0,1.8482e-7,0
100000005233755100,peripheral,0,6,0.1991,"смешанные признаки: плательщиков 1, получателей 1, поток 30 000 KZT",3,false,false,fast_transit|mixed_signals,1,1,25000,5000,1,1,0.2,7,1,0.000290034,0,0.000465902,0.0000192202
100000008042075100,peripheral,0,3,0.123,"ниже порога конечного получателя: плательщиков 1 (нужно ≥ 2), получено 5 000 KZT (нужно ≥ 200 000 KZT)",3,false,false,,1,0,5000,0,1,0,0,1,0,0.000290376,0,2.86694e-302,0
100000001680944100,terminal,0.3255,0,0.295,получено: 393 000 KZT; плательщиков: 1; исходящих: 0,3,false,false,,1,0,393000,0,1,0,0,9,0,0.000343654,0,3.55913e-7,0
100000008417029100,peripheral,0,0,0.2333,"ниже порога конечного получателя: плательщиков 1 (нужно ≥ 2), получено 100 000 KZT (нужно ≥ 200 000 KZT)",3,false,false,,1,0,100000,0,1,0,0,9,0,0.000304958,0,9.05655e-8,0
100000004975919100,peripheral,0,13,0.2014,"смешанные признаки: плательщиков 1, получателей 2, поток 37 351 KZT",3,false,false,mixed_signals,1,2,22351,15000,1,2,0.6711,7,0,0.000288549,0,0.00160441,0.0000384405
100000003087877100,peripheral,0,12,0.1513,"ниже порога конечного получателя: плательщиков 1 (нужно ≥ 2), получено 91 486 KZT (нужно ≥ 200 000 KZT)",3,false,false,,1,0,91486,0,1,0,0,1,0,0.000290508,0,0.0000793604,0
100000008295429100,terminal,0.2754,1,0.2652,получено: 352 000 KZT; плательщиков: 1; исходящих: 0,3,false,false,,1,0,352000,0,1,0,0,7,0,0.000295351,0,0.00294017,0
100000003254277100,transit,0.9146,6,0.3954,передаёт 91% входящего; 100% исходящих — за 2 дня,3,false,false,fast_transit,1,1,49200,44997,1,1,0.9146,7,1,0.000286789,0,0.00290578,0.0000192202
100000005314565100,terminal,0.0442,6,0.2301,получено: 218 500 KZT; плательщиков: 1; исходящих: 0,3,false,false,,1,0,218500,0,3,0,0,7,0,0.000372832,0,0.000642816,0
100000002951898100,peripheral,0,8,0.2017,"ниже порога конечного получателя: плательщиков 1 (нужно ≥ 2), получено 39 990 KZT (нужно ≥ 200 000 KZT)",3,false,false,,1,0,39990,0,1,0,0,7,0,0.000295302,0,0.0000244138,0
100000001009583100,terminal,0.3263,1,0.2735,получено: 393 740 KZT; плательщиков: 1; исходящих: 0,3,false,false,,1,0,393740,0,1,0,0,7,0,0.000296692,0,0.00294017,0
100000004064431100,peripheral,0,44,0.1403,"смешанные признаки: плательщиков 1, получателей 1, поток 36 000 KZT",3,false,false,fast_transit|mixed_signals,1,1,26000,10000,1,1,0.3846,1,1,0.000289482,0,7.26058e-218,9.90734e-7
100000001927599100,terminal,0,11,0.2424,получено: 188 000 KZT; плательщиков: 2; исходящих: 0,3,false,false,,2,0,188000,0,2,0,0,9,0,0.000325436,0,6.97599e-7,0
100000007737775100,peripheral,0,16,0.1949,"ниже порога конечного получателя: плательщиков 1 (нужно ≥ 2), получено 6 000 KZT (нужно ≥ 200 000 KZT)",3,false,false,,1,0,6000,0,1,0,0,8,0,0.000301415,0,9.97781e-7,0
100000003157679100,consolidator,0.8182,0,0.449,"плательщиков: 4, прямых seed: 0; дальше: 0% входящего",3,false,false,,4,0,541000,0,4,0,0,9,0,0.000370736,0,0.00000195893,0
100000001229743100,peripheral,0,6,0.1916,"смешанные признаки: плательщиков 1, получателей 1, поток 16 000 KZT",3,false,false,mixed_signals,1,1,7000,9000,1,1,1.2857,7,0,0.000286882,0,0.000642816,0.0000192202
100000003795588100,terminal,0.3333,9,0.2752,получено: 400 000 KZT; плательщиков: 1; исходящих: 0,3,false,false,,1,0,400000,0,2,0,0,7,0,0.00031924,0,0.00113194,0
100000002301828100,peripheral,0,21,0.2035,"ниже порога конечного получателя: плательщиков 1 (нужно ≥ 2), получено 46 977 KZT (нужно ≥ 200 000 KZT)",3,false,false,,1,0,46977,0,1,0,0,7,0,0.000291377,0,0.000233345,0
100000005409156100,terminal,0.1306,1,0.2447,получено: 260 080 KZT; плательщиков: 2; исходящих: 0,3,false,false,,2,0,260080,0,2,0,0,7,0,0.000421426,0,0.00304712,0
100000002513028100,peripheral,0,4,0.2303,"смешанные признаки: плательщиков 1, получателей 3, поток 342 209 KZT",3,false,false,mixed_signals,1,3,9500,332709,1,24,35.022,7,0,0.000303917,0,0.0000238913,0.0000606329
100000003218308100,peripheral,0,6,0.187,"ниже порога конечного получателя: плательщиков 1 (нужно ≥ 2), получено 11 165 KZT (нужно ≥ 200 000 KZT)",3,false,false,,1,0,11165,0,1,0,0,7,0,0.000284662,0,0.00290578,0
100000008489604100,peripheral,0,18,0.1263,"ниже порога конечного получателя: плательщиков 1 (нужно ≥ 2), получено 11 000 KZT (нужно ≥ 200 000 KZT)",3,false,false,,1,0,11000,0,1,0,0,1,0,0.000285742,0,9.97519e-12,0
100000004450649100,peripheral,0,14,0.2272,"смешанные признаки: плательщиков 2, получателей 2, поток 239 055 KZT",3,false,false,mixed_signals,2,2,192528,46527,2,2,0.2417,7,0.1123,0.000297323,0.000580783,0.00302465,0.000138749
100000008767065100,peripheral,0,0,0.2057,"ниже порога конечного получателя: плательщиков 1 (нужно ≥ 2), получено 10 000 KZT (нужно ≥ 200 000 KZT)",3,false,false,,1,0,10000,0,1,0,0,9,0,0.000285554,0,3.55913e-7,0
100000003035737100,peripheral,0,12,0.2394,"смешанные признаки: плательщиков 2, получателей 1, поток 815 715 KZT",3,false,false,fast_transit|mixed_signals,2,1,809170,6544.53,3,1,0.0081,7,1,0.000376551,0,0.00307045,0.0000192202
100000002748761100,terminal,0.5987,5,0.2699,получено: 796 800 KZT; плательщиков: 1; исходящих: 0,3,false,false,,1,0,796800,0,3,0,0,2,0,0.000321719,0,3.79414e-7,0
100000008432942100,peripheral,0,6,0.2033,"ниже порога конечного получателя: плательщиков 1 (нужно ≥ 2), получено 44 542 KZT (нужно ≥ 200 000 KZT)",3,false,false,,1,0,44542,0,2,0,0,7,0,0.000286528,0,0.00290578,0
100000004278574100,peripheral,0,1,0.201,"смешанные признаки: плательщиков 1, получателей 1, поток 37 500 KZT",3,false,false,mixed_signals,1,1,25000,12500,1,1,0.5,7,0,0.000284841,0,0.00294017,0.0000192202
100000000926766100,peripheral,0,33,0.1966,"смешанные признаки: плательщиков 1, получателей 1, поток 24 750 KZT",3,false,false,fast_transit|mixed_signals|cycle,1,1,18750,6000,1,1,0.32,7,1,0.000316162,8.93393e-9,0.00000250068,0
100000008661550100,peripheral,0,18,0.1349,"ниже порога конечного получателя: плательщиков 1 (нужно ≥ 2), получено 22 800 KZT (нужно ≥ 200 000 KZT)",3,false,false,,1,0,22800,0,1,0,0,1,0,0.00028757,0,9.97519e-12,0
100000000783406100,peripheral,0,31,0.1794,"ниже порога конечного получателя: плательщиков 1 (нужно ≥ 2), получено 6 066 KZT (нужно ≥ 200 000 KZT)",3,false,false,,1,0,6066,0,1,0,0,7,0,0.000288618,0,4.40237e-296,0
100000008730371100,terminal,0.4444,9,0.3062,получено: 520 000 KZT; плательщиков: 2; исходящих: 0,3,false,false,,2,0,520000,0,3,0,0,7,0,0.000852487,0,0.00114099,0
100000002878467100,terminal,0,0,0.2316,получено: 200 000 KZT; плательщиков: 2; исходящих: 0,3,false,false,,2,0,200000,0,2,0,0,8,0,0.000312794,0,0.00000234132,0
100000003171587100,peripheral,0,12,0.2421,"смешанные признаки: плательщиков 2, получателей 2, поток 1 131 300 KZT",3,false,false,mixed_signals|depth_outlier,2,2,700000,431300,2,7,0.6161,7,0,0.000314253,0,0.00301953,0.0000388368
100000002696152100,peripheral,0,16,0.2484,"смешанные признаки: плательщиков 1, получателей 2, поток 90 800 KZT",3,false,false,mixed_signals|cycle,1,2,21800,69000,3,8,3.1651,8,0.2174,0.00119729,0,0,0.0000213999
100000002109656100,terminal,0.4286,5,0.2407,получено: 500 000 KZT; плательщиков: 1; исходящих: 0,3,false,false,,1,0,500000,0,1,0,0,2,0,0.000307683,0,3.79414e-7,0
100000001317336100,peripheral,0,22,0.2488,"смешанные признаки: плательщиков 1, получателей 2, поток 1 883 196 KZT",3,false,false,mixed_signals|depth_outlier,1,2,131196,1752000,1,3,13.3541,7,0,0.000341789,0,0.0000474736,0.0000400257
100000005222360100,peripheral,0,8,0.2382,"смешанные признаки: плательщиков 1, получателей 1, поток 32 000 KZT",3,false,false,mixed_signals,1,1,5000,27000,1,1,5.4,7,0,0.000600669,0.00000149133,0,0.00190871
100000001445848100,peripheral,0,31,0.2478,"смешанные признаки: плательщиков 1, получателей 1, поток 897 850 KZT",3,false,false,fast_transit|mixed_signals|cycle,1,1,546000,351850,13,14,0.6444,7,0.6864,0.000696365,0.0000221899,4.40237e-296,0
100000008720856100,peripheral,0,4,0.2103,"смешанные признаки: плательщиков 1, получателей 1, поток 64 105 KZT",3,false,false,mixed_signals,1,1,18105,46000,1,2,2.5407,7,0,0.000317559,0,0.000106942,0.0000196165
100000002448088100,peripheral,0,17,0.2084,"смешанные признаки: плательщиков 3, получателей 1, поток 45 000 KZT",3,false,false,fast_transit|mixed_signals,3,1,20000,25000,3,1,1.25,7,1,0.000505571,0,8.22502e-310,0.0000208054
100000003109805100,peripheral,0,21,0.2006,"ниже порога конечного получателя: плательщиков 1 (нужно ≥ 2), получено 36 929 KZT (нужно ≥ 200 000 KZT)",3,false,false,,1,0,36929,0,1,0,0,7,0,0.000289807,0,0.000233345,0
100000008223661100,peripheral,0,4,0.2486,"смешанные признаки: плательщиков 2, получателей 5, поток 464 580 KZT",3,false,false,mixed_signals,2,5,202000,262580,2,5,1.2999,8,0.1875,0.000313058,0.00134729,0.00000234132,0.000325423
100000004096559100,peripheral,0,11,0.1611,"ниже порога конечного получателя: плательщиков 1 (нужно ≥ 2), получено 46 200 KZT (нужно ≥ 200 000 KZT)",3,false,false,,1,0,46200,0,1,0,0,1,0,0.000969418,0,0,0
100000002257794100,peripheral,0,35,0.1708,"ниже порога конечного получателя: плательщиков 1 (нужно ≥ 2), получено 154 000 KZT (нужно ≥ 200 000 KZT)",3,false,false,,1,0,154000,0,1,0,0,1,0,0.000854506,0,0,0
100000003112578100,peripheral,0,5,0.1625,"ниже порога конечного получателя: плательщиков 1 (нужно ≥ 2), получено 101 080 KZT (нужно ≥ 200 000 KZT)",3,false,false,,1,0,101080,0,1,0,0,2,0,0.000288817,0,3.79414e-7,0
100000007020162100,peripheral,0,8,0.2111,"ниже порога конечного получателя: плательщиков 1 (нужно ≥ 2), получено 86 395 KZT (нужно ≥ 200 000 KZT)",3,false,false,,1,0,86395,0,1,0,0,7,0,0.000308373,0,0.0000244138,0
100000001934935100,peripheral,0,6,0.215,"ниже порога конечного получателя: плательщиков 1 (нужно ≥ 2), получено 118 935 KZT (нужно ≥ 200 000 KZT)",3,false,false,,1,0,118935,0,1,0,0,7,0,0.000290689,0,0.00290578,0
100000002663511100,terminal,0.147,9,0.2446,получено: 268 940 KZT; плательщиков: 1; исходящих: 0,3,false,false,,1,0,268940,0,1,0,0,7,0,0.000307706,0,0.00113194,0
100000003338583100,peripheral,0,44,0.1344,"ниже порога конечного получателя: плательщиков 1 (нужно ≥ 2), получено 21 765 KZT (нужно ≥ 200 000 KZT)",3,false,false,,1,0,21765,0,1,0,0,1,0,0.000288595,0,7.26058e-218,0
100000002904919100,peripheral,0,9,0.2077,"смешанные признаки: плательщиков 1, получателей 1, поток 65 825 KZT",3,false,false,mixed_signals,1,1,60325,5500,1,1,0.0912,7,0,0.000289346,0,0.00113194,0.0000192202
100000005127767100,peripheral,0,49,0.1841,"ниже порога конечного получателя: плательщиков 1 (нужно ≥ 2), получено 7 000 KZT (нужно ≥ 200 000 KZT)",3,false,false,,1,0,7000,0,1,0,0,7,0,0.000420007,0,0,0
100000004066647100,peripheral,0,14,0.2066,"ниже порога конечного получателя: плательщиков 1 (нужно ≥ 2), получено 51 000 KZT (нужно ≥ 200 000 KZT)",3,false,false,,1,0,51000,0,1,0,0,7,0,0.000292697,0,0.0000844807,0
100000002394199100,peripheral,0,11,0.2369,"смешанные признаки: плательщиков 1, получателей 1, поток 354 175 KZT",3,false,false,fast_transit|mixed_signals|cycle,1,1,277398,76777,3,1,0.2768,1,1,0.0031601,0,0,0
100000003968044100,peripheral,0,9,0.2283,"смешанные признаки: плательщиков 1, получателей 3, поток 351 000 KZT",3,false,false,mixed_signals|cycle,1,3,40000,311000,1,4,7.775,7,0,0.000294387,0.00145797,0.00113791,0.000065615
100000001808684100,peripheral,0,19,0.1713,"смешанные признаки: плательщиков 1, получателей 1, поток 86 100 KZT",3,false,false,fast_transit|mixed_signals|cycle,1,1,48400,37700,3,2,0.7789,1,0.7958,0.00116285,0.0000124216,0,0
100000008097580100,terminal,0,13,0.208,получено: 32 000 KZT; плательщиков: 2; исходящих: 0,3,false,false,,2,0,32000,0,4,0,0,7,0,0.000670516,0,0.0000240823,0
100000008687617100,peripheral,0,18,0.1425,"ниже порога конечного получателя: плательщиков 1 (нужно ≥ 2), получено 43 350 KZT (нужно ≥ 200 000 KZT)",3,false,false,,1,0,43350,0,2,0,0,1,0,0.000290754,0,9.97519e-12,0
100000005667841100,terminal,0,0,0.2307,получено: 186 000 KZT; плательщиков: 2; исходящих: 0,3,false,false,,2,0,186000,0,2,0,0,8,0,0.000310615,0,0.00000234132,0
100000001329153100,peripheral,0,6,0.2178,"ниже порога конечного получателя: плательщиков 1 (нужно ≥ 2), получено 150 687 KZT (нужно ≥ 200 000 KZT)",3,false,false,,1,0,150687,0,1,0,0,7,0,0.000292465,0,0.00290578,0
100000007689942100,peripheral,0,14,0.2147,"смешанные признаки: плательщиков 1, получателей 2, поток 30 000 KZT",3,false,false,mixed_signals|cycle,1,2,5000,25000,1,2,5,7,0,0.000885029,0.0000888697,0,0.0000198147
100000006476758100,peripheral,0,16,0.1982,"ниже порога конечного получателя: плательщиков 1 (нужно ≥ 2), получено 5 200 KZT (нужно ≥ 200 000 KZT)",3,false,false,,1,0,5200,0,1,0,0,8,0,0.000514353,0,9.89739e-7,0
100000002184107100,peripheral,0,31,0.1794,"ниже порога конечного получателя: плательщиков 1 (нужно ≥ 2), получено 6 066 KZT (нужно ≥ 200 000 KZT)",3,false,false,,1,0,6066,0,1,0,0,7,0,0.000288618,0,4.40237e-296,0
100000008663723100,peripheral,0,18,0.1304,"ниже порога конечного получателя: плательщиков 1 (нужно ≥ 2), получено 15 600 KZT (нужно ≥ 200 000 KZT)",3,false,false,,1,0,15600,0,1,0,0,1,0,0.000286454,0,9.97519e-12,0
100000000254336100,peripheral,0,6,0.2186,"смешанные признаки: плательщиков 2, получателей 1, поток 157 177 KZT",3,false,false,fast_transit|mixed_signals,2,1,97177,60000,2,1,0.6174,7,1,0.000290357,0,0.00403772,0.0000192202
100000008750464100,peripheral,0,18,0.1232,"ниже порога конечного получателя: плательщиков 1 (нужно ≥ 2), получено 8 500 KZT (нужно ≥ 200 000 KZT)",3,false,false,,1,0,8500,0,1,0,0,1,0,0.000285354,0,9.97519e-12,0
100000001530709100,peripheral,0,6,0.2056,"ниже порога конечного получателя: плательщиков 1 (нужно ≥ 2), получено 53 961 KZT (нужно ≥ 200 000 KZT)",3,false,false,,1,0,53961,0,1,0,0,7,0,0.000287055,0,0.00290578,0
100000000656682100,transit,0.6732,6,0.353,передаёт 113% входящего; 0% исходящих — за 2 дня,3,false,false,,1,2,71000,80000,1,3,1.1268,7,0,0.000288008,0,0.00290578,0.0000384405
100000008755754100,peripheral,0,10,0.1246,"ниже порога конечного получателя: плательщиков 1 (нужно ≥ 2), получено 7 000 KZT (нужно ≥ 200 000 KZT)",3,false,false,,1,0,7000,0,1,0,0,1,0,0.000294297,0,0,0
100000002691583100,terminal,0.1756,20,0.2504,получено: 285 200 KZT; плательщиков: 1; исходящих: 0,3,false,false,,1,0,285200,0,1,0,0,7,0,0.000354921,0,1.43156e-282,0
100000005241556100,peripheral,0,0,0.229,"ниже порога конечного получателя: плательщиков 1 (нужно ≥ 2), получено 100 000 KZT (нужно ≥ 200 000 KZT)",3,false,false,,1,0,100000,0,1,0,0,8,0,0.000545788,0,0,0
100000004713684100,peripheral,0,6,0.2013,"ниже порога конечного получателя: плательщиков 1 (нужно ≥ 2), получено 37 500 KZT (нужно ≥ 200 000 KZT)",3,false,false,,1,0,37500,0,1,0,0,7,0,0.000286135,0,0.00290578,0
100000006919124100,peripheral,0,6,0.1965,"ниже порога конечного получателя: плательщиков 1 (нужно ≥ 2), получено 25 000 KZT (нужно ≥ 200 000 KZT)",3,false,false,,1,0,25000,0,1,0,0,7,0,0.000285435,0,0.00290578,0
100000003006633100,peripheral,0,31,0.1853,"ниже порога конечного получателя: плательщиков 1 (нужно ≥ 2), получено 10 000 KZT (нужно ≥ 200 000 KZT)",3,false,false,,1,0,10000,0,1,0,0,7,0,0.000291589,0,4.40237e-296,0
100000008306857100,peripheral,0,5,0.165,"ниже порога конечного получателя: плательщиков 1 (нужно ≥ 2), получено 125 000 KZT (нужно ≥ 200 000 KZT)",3,false,false,,1,0,125000,0,1,0,0,2,0,0.000289949,0,3.79414e-7,0
100000003671721100,peripheral,0,11,0.2051,"ниже порога конечного получателя: плательщиков 1 (нужно ≥ 2), получено 5 000 KZT (нужно ≥ 200 000 KZT)",3,false,false,,1,0,5000,0,1,0,0,9,0,0.000555371,0,0,0
100000002613929100,peripheral,0,10,0.2226,"ниже порога конечного получателя: плательщиков 1 (нужно ≥ 2), получено 28 560 KZT (нужно ≥ 200 000 KZT)",3,false,false,,1,0,28560,0,1,0,0,8,0,0.000775811,0,0,0
100000008669310100,peripheral,0,6,0.2067,"ниже порога конечного получателя: плательщиков 1 (нужно ≥ 2), получено 59 567 KZT (нужно ≥ 200 000 KZT)",3,false,false,,1,0,59567,0,2,0,0,7,0,0.000287369,0,0.00290578,0
100000006573438100,peripheral,0,15,0.1875,"ниже порога конечного получателя: плательщиков 1 (нужно ≥ 2), получено 5 000 KZT (нужно ≥ 200 000 KZT)",3,false,false,,1,0,5000,0,1,0,0,7,0,0.000297456,0,0.0000242844,0
100000006165886100,peripheral,0,9,0.2238,"смешанные признаки: плательщиков 2, получателей 1, поток 259 481 KZT",3,false,false,fast_transit|mixed_signals,2,1,184481,75000,2,1,0.4065,7,1,0.000296934,0.000973829,0.00403772,6.92099e-7
100000008491390100,peripheral,0,6,0.2008,"ниже порога конечного получателя: плательщиков 1 (нужно ≥ 2), получено 36 000 KZT (нужно ≥ 200 000 KZT)",3,false,false,,1,0,36000,0,1,0,0,7,0,0.000286051,0,0.00290578,0
100000005186131100,transit,1,6,0.3942,передаёт 100% входящего; 100% исходящих — за 2 дня,3,false,false,fast_transit,1,1,10000,10000,1,1,1,7,1,0.000284597,0,0.00290578,0.0000192202
100000001550419100,peripheral,0,8,0.1951,"ниже порога конечного получателя: плательщиков 1 (нужно ≥ 2), получено 23 000 KZT (нужно ≥ 200 000 KZT)",3,false,false,,1,0,23000,0,1,0,0,7,0,0.000290516,0,0.0000244138,0
100000004979283100,peripheral,0,10,0.2053,"ниже порога конечного получателя: плательщиков 1 (нужно ≥ 2), получено 40 132 KZT (нужно ≥ 200 000 KZT)",3,false,false,,1,0,40132,0,1,0,0,7,0,0.000298886,0,6.40702e-7,0
100000002537811100,peripheral,0,4,0.2722,"смешанные признаки: плательщиков 1, получателей 1, поток 67 000 KZT",3,false,false,mixed_signals,1,1,52000,15000,1,1,0.2885,11,0,0.00121919,0,0,0.0000263535
100000002990675100,peripheral,0,1,0.2044,"ниже порога конечного получателя: плательщиков 1 (нужно ≥ 2), получено 51 143 KZT (нужно ≥ 200 000 KZT)",3,false,false,,1,0,51143,0,1,0,0,7,0,0.000285681,0,0.00294017,0
100000008763688100,peripheral,0,18,0.1339,"ниже порога конечного получателя: плательщиков 1 (нужно ≥ 2), получено 21 000 KZT (нужно ≥ 200 000 KZT)",3,false,false,,1,0,21000,0,1,0,0,1,0,0.000287291,0,9.97519e-12,0
100000002809896100,peripheral,0,10,0.2046,"ниже порога конечного получателя: плательщиков 1 (нужно ≥ 2), получено 38 000 KZT (нужно ≥ 200 000 KZT)",3,false,false,,1,0,38000,0,1,0,0,7,0,0.000298097,0,6.40702e-7,0
100000008716072100,peripheral,0,18,0.1274,"ниже порога конечного получателя: плательщиков 1 (нужно ≥ 2), получено 12 100 KZT (нужно ≥ 200 000 KZT)",3,false,false,,1,0,12100,0,1,0,0,1,0,0.000285912,0,9.97519e-12,0
100000001279272100,peripheral,0,9,0.2337,"смешанные признаки: плательщиков 1, получателей 2, поток 386 758 KZT",3,false,false,fast_transit|mixed_signals|cycle,1,2,250000,136758,1,2,0.547,7,0.9506,0.000306039,0.0000977531,0.00113194,0.000299195
100000001714173100,terminal,0.5232,0,0.3332,получено: 638 905 KZT; плательщиков: 1; исходящих: 0,3,false,false,,1,0,638905,0,6,0,0,9,0,0.000567262,0,1.58473e-8,0
100000008729597100,peripheral,0,13,0.2104,"ниже порога конечного получателя: плательщиков 1 (нужно ≥ 2), получено 83 090 KZT (нужно ≥ 200 000 KZT)",3,false,false,,1,0,83090,0,1,0,0,7,0,0.000300809,0,0.00160441,0
100000002255058100,terminal,0.4215,17,0.2322,получено: 491 500 KZT; плательщиков: 1; исходящих: 0,3,false,false,,1,0,491500,0,2,0,0,1,0,0.000423612,0,0.00000377995,0
100000006111442100,peripheral,0,0,0.2178,"ниже порога конечного получателя: плательщиков 1 (нужно ≥ 2), получено 64 000 KZT (нужно ≥ 200 000 KZT)",3,false,false,,1,0,64000,0,1,0,0,8,0,0.000294,0,0.00000184967,0
100000008686247100,peripheral,0,3,0.1434,"смешанные признаки: плательщиков 1, получателей 1, поток 27 000 KZT",3,false,false,mixed_signals|cycle,1,1,22000,5000,2,1,0.2273,1,0,0.000311929,0,2.86694e-302,0
100000001893287100,peripheral,0,19,0.1663,"смешанные признаки: плательщиков 1, получателей 1, поток 170 700 KZT",3,false,false,mixed_signals|cycle,1,1,18000,152700,3,14,8.4833,1,0.3779,0.000613755,0.0000123223,0,0
100000005172860100,peripheral,0,6,0.1907,"ниже порога конечного получателя: плательщиков 1 (нужно ≥ 2), получено 15 209 KZT (нужно ≥ 200 000 KZT)",3,false,false,,1,0,15209.2,0,1,0,0,7,0,0.000290218,0,0.000642816,0
100000001788284100,peripheral,0,33,0.2267,"смешанные признаки: плательщиков 1, получателей 5, поток 304 700 KZT",3,false,false,fast_transit|mixed_signals|cycle,1,5,8000,296700,1,8,37.0875,7,0.6502,0.000297744,0.00000110846,0.00000250068,0.0000594441
100000008755580100,peripheral,0,18,0.1307,"ниже порога конечного получателя: плательщиков 1 (нужно ≥ 2), получено 16 000 KZT (нужно ≥ 200 000 KZT)",3,false,false,,1,0,16000,0,1,0,0,1,0,0.000286516,0,9.97519e-12,0
100000003896956100,peripheral,0,2,0.205,"смешанные признаки: плательщиков 1, получателей 1, поток 37 000 KZT",3,false,false,fast_transit|mixed_signals,1,1,10000,27000,1,2,2.7,7,0.6667,0.000287013,0,0.0000525698,0.0000192202
100000002475601100,terminal,0.0747,12,0.1728,получено: 232 301 KZT; плательщиков: 1; исходящих: 0,3,false,false,,1,0,232301,0,1,0,0,1,0,0.000300467,0,0.0000793604,0
100000008619857100,peripheral,0,6,0.2026,"смешанные признаки: плательщиков 1, получателей 2, поток 42 000 KZT",3,false,false,fast_transit|mixed_signals,1,2,29000,13000,1,2,0.4483,7,0.6154,0.000285659,0.000404054,0.00290578,0.00000175823
100000001373265100,peripheral,0,13,0.2178,"смешанные признаки: плательщиков 1, получателей 1, поток 147 482 KZT",3,false,false,mixed_signals,1,1,142482,5000,1,1,0.0351,7,0,0.000312798,0,0.00160441,0.0000192202
100000004185681100,peripheral,0,15,0.2012,"ниже порога конечного получателя: плательщиков 1 (нужно ≥ 2), получено 10 000 KZT (нужно ≥ 200 000 KZT)",3,false,false,,1,0,10000,0,1,0,0,7,0,0.000532124,0,0,0
100000003031633100,terminal,0.3485,0,0.2881,получено: 414 000 KZT; плательщиков: 1; исходящих: 0,3,false,false,,1,0,414000,0,2,0,0,8,0,0.000313059,0,0.00000196621,0
100000002632742100,terminal,0.0815,0,0.2448,получено: 235 500 KZT; плательщиков: 2; исходящих: 0,3,false,false,,2,0,235500,0,2,0,0,8,0,0.000315822,0,0.00000155154,0
100000005847078100,peripheral,0,18,0.1309,"ниже порога конечного получателя: плательщиков 1 (нужно ≥ 2), получено 16 300 KZT (нужно ≥ 200 000 KZT)",3,false,false,,1,0,16300,0,1,0,0,1,0,0.000286563,0,9.97519e-12,0
100000002807334100,peripheral,0,1,0.2052,"ниже порога конечного получателя: плательщиков 1 (нужно ≥ 2), получено 54 715 KZT (нужно ≥ 200 000 KZT)",3,false,false,,1,0,54715,0,1,0,0,7,0,0.000285796,0,0.00294017,0
100000008748795100,peripheral,0,6,0.204,"ниже порога конечного получателя: плательщиков 1 (нужно ≥ 2), получено 47 057 KZT (нужно ≥ 200 000 KZT)",3,false,false,,1,0,47057,0,1,0,0,7,0,0.000286669,0,0.00290578,0
100000003899899100,peripheral,0,2,0.235,"смешанные признаки: плательщиков 2, получателей 1, поток 228 500 KZT",3,false,false,fast_transit|mixed_signals,2,1,218500,10000,5,1,0.0458,7,1,0.000649948,0,0.0000529902,0.0000194184
100000002308091100,peripheral,0,10,0.1695,"ниже порога конечного получателя: плательщиков 1 (нужно ≥ 2), получено 186 720 KZT (нужно ≥ 200 000 KZT)",3,false,false,,1,0,186720,0,1,0,0,1,0,0.000557718,0,0,0
100000008680912100,peripheral,0,15,0.2206,"смешанные признаки: плательщиков 1, получателей 1, поток 51 103 KZT",3,false,false,fast_transit|mixed_signals|cycle,1,1,45112,5990.85,2,1,0.1328,7,1,0.000541486,0.000101978,0.00000235094,0
100000008742053100,distributor,0.373,0,0.348,получателей: 12; плательщиков: 1; исходящий поток: 2 789 000 KZT,3,false,false,depth_outlier,1,12,10000,2789000,1,12,278.9,8,0,0.000284738,0.0000113714,0.00000196621,0.000121073
100000008473765100,peripheral,0,13,0.1982,"ниже порога конечного получателя: плательщиков 1 (нужно ≥ 2), получено 30 000 KZT (нужно ≥ 200 000 KZT)",3,false,false,,1,0,30000,0,1,0,0,7,0,0.000290093,0,0.00160441,0
100000007472293100,peripheral,0,0,0.2484,"смешанные признаки: плательщиков 1, получателей 3, поток 350 900 KZT",3,false,false,mixed_signals,1,3,5000,345900,1,3,69.18,9,0,0.000284796,0,3.55913e-7,0.0000480341
100000008753061100,peripheral,0,18,0.1375,"ниже порога конечного получателя: плательщиков 1 (нужно ≥ 2), получено 28 400 KZT (нужно ≥ 200 000 KZT)",3,false,false,,1,0,28400,0,2,0,0,1,0,0.000288437,0,9.97519e-12,0
100000008501413100,transit,0.98,16,0.3989,передаёт 102% входящего; 100% исходящих — за 2 дня,3,false,false,fast_transit,1,1,5000,5100,1,1,1.02,8,1,0.000364554,0,9.97781e-7,0.0000212017
100000002748581100,peripheral,0,8,0.2021,"ниже порога конечного получателя: плательщиков 1 (нужно ≥ 2), получено 41 180 KZT (нужно ≥ 200 000 KZT)",3,false,false,,1,0,41180,0,1,0,0,7,0,0.000295637,0,0.0000244138,0
100000001384826100,peripheral,0,1,0.2284,"смешанные признаки: плательщиков 1, получателей 1, поток 374 260 KZT",3,false,false,mixed_signals,1,1,364260,10000,1,1,0.0275,7,0,0.000295745,0,0.00294017,0.0000192202
100000004099450100,peripheral,0,13,0.1987,"ниже порога конечного получателя: плательщиков 1 (нужно ≥ 2), получено 31 000 KZT (нужно ≥ 200 000 KZT)",3,false,false,,1,0,31000,0,1,0,0,7,0,0.000294561,0,0.000161054,0
100000002926970100,peripheral,0,10,0.2145,"ниже порога конечного получателя: плательщиков 1 (нужно ≥ 2), получено 85 000 KZT (нужно ≥ 200 000 KZT)",3,false,false,,1,0,85000,0,1,0,0,7,0,0.000315487,0,6.40702e-7,0
100000002753146100,terminal,0.6014,5,0.2703,получено: 803 540 KZT; плательщиков: 1; исходящих: 0,3,false,false,,1,0,803540,0,3,0,0,2,0,0.000322037,0,3.79414e-7,0
100000003943247100,peripheral,0,6,0.202,"ниже порога конечного получателя: плательщиков 1 (нужно ≥ 2), получено 40 000 KZT (нужно ≥ 200 000 KZT)",3,false,false,,1,0,40000,0,1,0,0,7,0,0.000286274,0,0.00290578,0
100000002872399100,terminal,0.6899,11,0.2868,получено: 1 090 000 KZT; плательщиков: 1; исходящих: 0,3,false,false,,1,0,1090000,0,9,0,0,1,0,0.000700904,0,3.49909e-8,0
100000008417359100,peripheral,0,21,0.2173,"смешанные признаки: плательщиков 1, получателей 2, поток 151 570 KZT",3,false,false,fast_transit|mixed_signals|cycle,1,2,40810,110760,2,3,2.714,7,0.8126,0.000290414,0.000245127,0.000233345,0
100000002614095100,peripheral,0,18,0.1177,"ниже порога конечного получателя: плательщиков 1 (нужно ≥ 2), получено 5 300 KZT (нужно ≥ 200 000 KZT)",3,false,false,,1,0,5300,0,1,0,0,1,0,0.000284858,0,9.97519e-12,0
100000004717647100,peripheral,0,4,0.271,"смешанные признаки: плательщиков 1, получателей 5, поток 2 540 000 KZT",3,false,false,mixed_signals|cycle|depth_outlier,1,5,300000,2240000,2,10,7.4667,7,0.021,0.00101481,0.0000411093,0,0.0000776736
100000008537380100,peripheral,0,18,0.1225,"ниже порога конечного получателя: плательщиков 1 (нужно ≥ 2), получено 8 000 KZT (нужно ≥ 200 000 KZT)",3,false,false,,1,0,8000,0,1,0,0,1,0,0.000285277,0,9.97519e-12,0
100000001534244100,peripheral,0,0,0.2411,"смешанные признаки: плательщиков 2, получателей 1, поток 411 000 KZT",3,false,false,mixed_signals,2,1,366000,45000,2,1,0.123,8,0,0.000339681,0,0.00000199712,0.000021598
100000008767950100,peripheral,0,18,0.1317,"ниже порога конечного получателя: плательщиков 1 (нужно ≥ 2), получено 17 350 KZT (нужно ≥ 200 000 KZT)",3,false,false,,1,0,17350,0,1,0,0,1,0,0.000286725,0,9.97519e-12,0
100000004613582100,peripheral,0,11,0.1375,"смешанные признаки: плательщиков 1, получателей 1, поток 14 500 KZT",3,false,false,mixed_signals,1,1,5000,9500,1,1,1.9,1,0,0.000550091,5.14187e-294,0,3.96294e-7
100000008121806100,peripheral,0,0,0.2397,"смешанные признаки: плательщиков 1, получателей 4, поток 315 509 KZT",3,false,false,mixed_signals|cycle,1,4,67000,248509,1,6,3.7091,7,0.342,0.000298723,0.0000923598,0.00013028,0.000780864
100000002369443100,peripheral,0,18,0.1442,"ниже порога конечного получателя: плательщиков 1 (нужно ≥ 2), получено 50 000 KZT (нужно ≥ 200 000 KZT)",3,false,false,,1,0,50000,0,1,0,0,1,0,0.000291784,0,9.97519e-12,0
100000008655779100,peripheral,0,23,0.2119,"смешанные признаки: плательщиков 1, получателей 2, поток 71 704 KZT",3,false,false,mixed_signals,1,2,47000,24704,1,2,0.5256,7,0,0.000394451,1.14551e-312,0,0.0000592098
100000008561016100,transit,0.9722,0,0.4431,передаёт 103% входящего; 100% исходящих — за 2 дня,3,false,false,fast_transit|repeat_route,1,1,180000,185000,2,4,1.0278,9,1,0.000293248,0,0.00000322073,0.0000223906
100000002727288100,peripheral,0,26,0.2443,"ниже порога конечного получателя: плательщиков 1 (нужно ≥ 2), получено 16 000 KZT (нужно ≥ 200 000 KZT)",3,false,false,,1,0,16000,0,1,0,0,7,0,0.000364103,0,0,0
100000001270349100,terminal,0,0,0.1626,получено: 200 000 KZT; плательщиков: 1; исходящих: 0,3,false,false,,1,0,200000,0,1,0,0,1,0,0.000353303,0,4.72707e-7,0
100000004722765100,peripheral,0,4,0.2603,"смешанные признаки: плательщиков 1, получателей 3, поток 2 514 500 KZT",3,false,false,mixed_signals|depth_outlier,1,3,230000,2284500,1,9,9.9326,7,0.0766,0.000578004,0,0,0.0000582552
100000001677389100,peripheral,0,21,0.1913,"смешанные признаки: плательщиков 1, получателей 1, поток 16 400 KZT",3,false,false,mixed_signals,1,1,11000,5400,1,1,0.4909,7,0,0.000287077,0,0.0000186922,0.0000192202
100000005857058100,consolidator,0.7778,2,0.4009,"плательщиков: 3, прямых seed: 0; дальше: 0% входящего",3,false,false,,3,0,80222,0,3,0,0,7,0,0.000387641,0,0.00179759,0
100000008760098100,peripheral,0,0,0.2492,"смешанные признаки: плательщиков 1, получателей 1, поток 397 000 KZT",3,false,false,mixed_signals,1,1,7000,390000,1,1,55.7143,9,0,0.000285099,5.71456e-7,3.55913e-7,0.00000729998
100000002838519100,peripheral,0,8,0.2036,"ниже порога конечного получателя: плательщиков 1 (нужно ≥ 2), получено 46 900 KZT (нужно ≥ 200 000 KZT)",3,false,false,,1,0,46900,0,1,0,0,7,0,0.000297248,0,0.0000244138,0
100000002597623100,peripheral,0,6,0.1915,"ниже порога конечного получателя: плательщиков 1 (нужно ≥ 2), получено 16 418 KZT (нужно ≥ 200 000 KZT)",3,false,false,,1,0,16418,0,1,0,0,7,0,0.000284955,0,0.00290578,0
100000003635660100,peripheral,0,9,0.1928,"ниже порога конечного получателя: плательщиков 1 (нужно ≥ 2), получено 18 985 KZT (нужно ≥ 200 000 KZT)",3,false,false,,1,0,18985,0,1,0,0,7,0,0.000288949,0,0.00113791,0
100000008676812100,terminal,0.0715,14,0.2384,получено: 230 800 KZT; плательщиков: 1; исходящих: 0,3,false,false,,1,0,230800,0,1,0,0,7,0,0.000470342,0,0,0
100000003213473100,distributor,0.3386,14,0.3053,получателей: 11; плательщиков: 1; исходящий поток: 240 000 KZT,3,false,false,cycle,1,11,57500,240000,2,12,4.1739,7,0.1875,0.000287253,0.00168948,0.00290578,0.000109727
100000003071649100,peripheral,0,0,0.2405,"ниже порога конечного получателя: плательщиков 1 (нужно ≥ 2), получено 189 500 KZT (нужно ≥ 200 000 KZT)",3,false,false,,1,0,189500,0,1,0,0,9,0,0.000293734,0,0.00000322073,0
100000002433697100,transit,0.8462,1,0.3922,передаёт 85% входящего; 100% исходящих — за 2 дня,3,false,false,fast_transit,1,1,130000,110000,1,1,0.8462,7,1,0.000288216,0,0.00294017,0.0000192202
100000008612257100,peripheral,0,6,0.1851,"ниже порога конечного получателя: плательщиков 1 (нужно ≥ 2), получено 9 500 KZT (нужно ≥ 200 000 KZT)",3,false,false,,1,0,9500,0,1,0,0,7,0,0.000286316,0,0.000465902,0
100000002736033100,peripheral,0,21,0.2035,"смешанные признаки: плательщиков 1, получателей 1, поток 45 530 KZT",3,false,false,mixed_signals,1,1,34530,11000,1,1,0.3186,7,0,0.000293579,0,0.0000186922,0.0000192202
100000008687990100,peripheral,0,18,0.1318,"ниже порога конечного получателя: плательщиков 1 (нужно ≥ 2), получено 17 600 KZT (нужно ≥ 200 000 KZT)",3,false,false,,1,0,17600,0,1,0,0,1,0,0.000286764,0,9.97519e-12,0
100000008776310100,peripheral,0,18,0.1329,"ниже порога конечного получателя: плательщиков 1 (нужно ≥ 2), получено 19 200 KZT (нужно ≥ 200 000 KZT)",3,false,false,,1,0,19200,0,1,0,0,1,0,0.000287012,0,9.97519e-12,0
100000007267915100,peripheral,0,21,0.1986,"смешанные признаки: плательщиков 2, получателей 1, поток 31 000 KZT",3,false,false,fast_transit|mixed_signals,2,1,21000,10000,3,1,0.4762,7,1,0.00028982,0.000128435,0.00087616,0.00000167299
100000004217419100,peripheral,0,13,0.2223,"смешанные признаки: плательщиков 2, получателей 1, поток 125 900 KZT",3,false,false,fast_transit|mixed_signals,2,1,118200,7700,3,1,0.0651,7,1,0.000580544,0,0.00161724,0.0000194184
100000002773323100,peripheral,0,0,0.2556,"смешанные признаки: плательщиков 2, получателей 1, поток 1 456 644 KZT",3,false,false,mixed_signals|depth_outlier,2,1,285000,1171644,2,2,4.111,8,0,0.000323703,0,7.52898e-7,0.0000213999
100000002528544100,peripheral,0,12,0.1603,"ниже порога конечного получателя: плательщиков 1 (нужно ≥ 2), получено 192 912 KZT (нужно ≥ 200 000 KZT)",3,false,false,,1,0,192912,0,1,0,0,1,0,0.000297681,0,0.0000793604,0
100000003760160100,peripheral,0,1,0.2128,"ниже порога конечного получателя: плательщиков 1 (нужно ≥ 2), получено 104 470 KZT (нужно ≥ 200 000 KZT)",3,false,false,,1,0,104470,0,1,0,0,7,0,0.000287395,0,0.00294017,0
100000000640800100,peripheral,0,12,0.2361,"смешанные признаки: плательщиков 1, получателей 4, поток 598 135 KZT",3,false,false,mixed_signals,1,4,80000,518135,1,6,6.4767,7,0.0311,0.000301572,1.70555e-7,0.00013028,0.000145175
100000008238112100,peripheral,0,1,0.2199,"ниже порога конечного получателя: плательщиков 1 (нужно ≥ 2), получено 190 000 KZT (нужно ≥ 200 000 KZT)",3,false,false,,1,0,190000,0,1,0,0,7,0,0.000290144,0,0.00294017,0
100000008751349100,peripheral,0,20,0.187,"ниже порога конечного получателя: плательщиков 1 (нужно ≥ 2), получено 11 630 KZT (нужно ≥ 200 000 KZT)",3,false,false,,1,0,11630,0,1,0,0,7,0,0.000286928,0,1.43156e-282,0
100000002963189100,peripheral,0,8,0.2645,"смешанные признаки: плательщиков 1, получателей 7, поток 5 709 000 KZT",3,false,false,mixed_signals|cycle|depth_outlier,1,7,490000,5219000,3,15,10.651,7,0,0.000422063,0.00000317691,0.0000244138,0.0000854078
100000008548853100,peripheral,0,18,0.1291,"ниже порога конечного получателя: плательщиков 1 (нужно ≥ 2), получено 14 000 KZT (нужно ≥ 200 000 KZT)",3,false,false,,1,0,14000,0,1,0,0,1,0,0.000286206,0,9.97519e-12,0
100000003164661100,terminal,0.4976,34,0.2491,получено: 596 200 KZT; плательщиков: 1; исходящих: 0,3,false,false,,1,0,596200,0,3,0,0,1,0,0.000596834,0,0,0
100000000791285100,peripheral,0,20,0.2533,"смешанные признаки: плательщиков 1, получателей 3, поток 1 770 000 KZT",3,false,false,fast_transit|mixed_signals|cycle|depth_outlier,1,3,1120000,650000,2,3,0.5804,7,0.9538,0.000562401,0.00000216452,1.43156e-282,0.0000388368
100000003192309100,peripheral,0,47,0.1621,"смешанные признаки: плательщиков 1, получателей 1, поток 230 200 KZT",3,false,false,mixed_signals,1,1,17200,213000,1,1,12.3837,1,0,0.000286702,0,9.97519e-12,0.00000138703
100000002891765100,peripheral,0,8,0.2057,"ниже порога конечного получателя: плательщиков 1 (нужно ≥ 2), получено 55 576 KZT (нужно ≥ 200 000 KZT)",3,false,false,,1,0,55576,0,1,0,0,7,0,0.000299692,0,0.0000244138,0
100000001740277100,peripheral,0,11,0.1327,"смешанные признаки: плательщиков 1, получателей 1, поток 13 700 KZT",3,false,false,fast_transit|mixed_signals|cycle,1,1,8700,5000,1,1,0.5747,1,1,0.000374239,0,0,0
100000002232266100,peripheral,0,13,0.203,"ниже порога конечного получателя: плательщиков 1 (нужно ≥ 2), получено 45 000 KZT (нужно ≥ 200 000 KZT)",3,false,false,,1,0,45000,0,1,0,0,7,0,0.000293121,0,0.00160441,0
100000006701983100,peripheral,0,18,0.1369,"ниже порога конечного получателя: плательщиков 1 (нужно ≥ 2), получено 27 000 KZT (нужно ≥ 200 000 KZT)",3,false,false,,1,0,27000,0,1,0,0,1,0,0.000288221,0,9.97519e-12,0
100000002871199100,peripheral,0,8,0.1952,"ниже порога конечного получателя: плательщиков 1 (нужно ≥ 2), получено 23 186 KZT (нужно ≥ 200 000 KZT)",3,false,false,,1,0,23186,0,1,0,0,7,0,0.000290568,0,0.0000244138,0
100000002757791100,peripheral,0,0,0.1497,"ниже порога конечного получателя: плательщиков 1 (нужно ≥ 2), получено 73 050 KZT (нужно ≥ 200 000 KZT)",3,false,false,,1,0,73050,0,1,0,0,1,0,0.000309336,0,4.72707e-7,0
100000000572276100,peripheral,0,54,0.1436,"смешанные признаки: плательщиков 1, получателей 1, поток 47 622 KZT",3,false,false,mixed_signals,1,1,13075,34547,1,1,2.6422,1,0,0.000286063,0,9.97519e-12,0.00000138703
100000001853812100,peripheral,0,13,0.2084,"ниже порога конечного получателя: плательщиков 1 (нужно ≥ 2), получено 70 000 KZT (нужно ≥ 200 000 KZT)",3,false,false,,1,0,70000,0,1,0,0,7,0,0.000298167,0,0.00160441,0
100000004726132100,peripheral,0,9,0.2288,"смешанные признаки: плательщиков 1, получателей 1, поток 373 000 KZT",3,false,false,mixed_signals,1,1,349000,24000,1,2,0.0688,7,0,0.000314752,0,0.00113194,0.0000192202
100000001785161100,terminal,0,5,0.1991,получено: 30 000 KZT; плательщиков: 2; исходящих: 0,3,false,false,,2,0,30000,0,2,0,0,7,0,0.000329225,0,0.0000453688,0
100000002612809100,peripheral,0,30,0.1629,"смешанные признаки: плательщиков 1, получателей 3, поток 144 000 KZT",3,false,false,mixed_signals|cycle,1,3,30000,114000,2,4,3.8,1,0.1316,0.000425698,0,0,0.00000158517
100000008769097100,peripheral,0,18,0.1386,"ниже порога конечного получателя: плательщиков 1 (нужно ≥ 2), получено 31 100 KZT (нужно ≥ 200 000 KZT)",3,false,false,,1,0,31100,0,1,0,0,1,0,0.000288856,0,9.97519e-12,0
100000004488265100,peripheral,0,13,0.2012,"ниже порога конечного получателя: плательщиков 1 (нужно ≥ 2), получено 38 740 KZT (нужно ≥ 200 000 KZT)",3,false,false,,1,0,38740,0,1,0,0,7,0,0.000291857,0,0.00160441,0
100000002509598100,terminal,0.2088,5,0.2044,получено: 305 550 KZT; плательщиков: 1; исходящих: 0,3,false,false,,1,0,305550,0,1,0,0,2,0,0.000298487,0,3.79414e-7,0
100000008706846100,peripheral,0,18,0.1293,"ниже порога конечного получателя: плательщиков 1 (нужно ≥ 2), получено 14 200 KZT (нужно ≥ 200 000 KZT)",3,false,false,,1,0,14200,0,1,0,0,1,0,0.000286237,0,9.97519e-12,0
100000001280798100,peripheral,0,10,0.199,"ниже порога конечного получателя: плательщиков 1 (нужно ≥ 2), получено 23 785 KZT (нужно ≥ 200 000 KZT)",3,false,false,,1,0,23785,0,1,0,0,7,0,0.000292838,0,6.40702e-7,0
100000006664478100,transit,0.8424,10,0.3336,передаёт 109% входящего; 67% исходящих — за 2 дня,3,false,false,fast_transit,1,2,55000,60000,3,2,1.0909,1,0.6667,0.000613017,0,0,0.00000118888
100000003781406100,peripheral,0,25,0.235,"ниже порога конечного получателя: плательщиков 1 (нужно ≥ 2), получено 45 000 KZT (нужно ≥ 200 000 KZT)",3,false,false,,1,0,45000,0,2,0,0,9,0,0.000718114,0,0,0
100000008708595100,peripheral,0,18,0.1316,"ниже порога конечного получателя: плательщиков 1 (нужно ≥ 2), получено 17 200 KZT (нужно ≥ 200 000 KZT)",3,false,false,,1,0,17200,0,1,0,0,1,0,0.000286702,0,9.97519e-12,0
100000004611571100,peripheral,0,6,0.1953,"ниже порога конечного получателя: плательщиков 1 (нужно ≥ 2), получено 22 550 KZT (нужно ≥ 200 000 KZT)",3,false,false,,1,0,22550,0,1,0,0,7,0,0.000285298,0,0.00290578,0
100000008576243100,terminal,0,4,0.2542,получено: 82 920 KZT; плательщиков: 2; исходящих: 0,3,false,false,,2,0,82920,0,4,0,0,8,0,0.00163878,0,0.0000924432,0
100000008662216100,peripheral,0,18,0.1366,"ниже порога конечного получателя: плательщиков 1 (нужно ≥ 2), получено 26 200 KZT (нужно ≥ 200 000 KZT)",3,false,false,,1,0,26200,0,1,0,0,1,0,0.000288097,0,9.97519e-12,0
100000002681544100,terminal,0,14,0.2215,получено: 166 072 KZT; плательщиков: 2; исходящих: 0,3,false,false,,2,0,166072,0,2,0,0,7,0,0.000333814,0,0.00171272,0
100000007864477100,peripheral,0,4,0.2282,"смешанные признаки: плательщиков 2, получателей 6, поток 279 500 KZT",3,false,false,mixed_signals,2,6,76000,203500,2,10,2.6776,7,0.371,0.000303086,0.00111085,0.00137125,0.0000754197
100000004746397100,peripheral,0,1,0.2332,"смешанные признаки: плательщиков 1, получателей 1, поток 227 020 KZT",3,false,false,mixed_signals|cycle,1,1,219520,7500,1,1,0.0342,7,0,0.000291093,0.0000815236,0.00294017,0.00066777
100000003814002100,peripheral,0,1,0.1981,"ниже порога конечного получателя: плательщиков 1 (нужно ≥ 2), получено 30 000 KZT (нужно ≥ 200 000 KZT)",3,false,false,,1,0,30000,0,1,0,0,7,0,0.000285002,0,0.00294017,0
100000003962994100,peripheral,0,49,0.1897,"ниже порога конечного получателя: плательщиков 1 (нужно ≥ 2), получено 10 000 KZT (нужно ≥ 200 000 KZT)",3,false,false,,1,0,10000,0,1,0,0,7,0,0.00047828,0,0,0
100000003366471100,peripheral,0,13,0.229,"смешанные признаки: плательщиков 2, получателей 1, поток 349 789 KZT",3,false,false,fast_transit|mixed_signals,2,1,329789,20000,5,1,0.0606,7,1,0.000358358,0,0.00274232,0.0000192202
100000003561031100,peripheral,0,13,0.1926,"смешанные признаки: плательщиков 1, получателей 1, поток 18 300 KZT",3,false,false,mixed_signals,1,1,13300,5000,1,1,0.3759,7,0,0.000286722,0,0.00160441,0.0000192202
100000001690439100,peripheral,0,6,0.1943,"ниже порога конечного получателя: плательщиков 1 (нужно ≥ 2), получено 14 200 KZT (нужно ≥ 200 000 KZT)",3,false,false,,1,0,14200,0,1,0,0,7,0,0.0004741,0,0.0000931552,0
100000002954780100,peripheral,0,0,0.2363,"ниже порога конечного получателя: плательщиков 1 (нужно ≥ 2), получено 133 400 KZT (нужно ≥ 200 000 KZT)",3,false,false,,1,0,133400,0,1,0,0,9,0,0.000290864,0,0.00000322073,0
100000008720668100,peripheral,0,18,0.1307,"ниже порога конечного получателя: плательщиков 1 (нужно ≥ 2), получено 16 000 KZT (нужно ≥ 200 000 KZT)",3,false,false,,1,0,16000,0,1,0,0,1,0,0.000286516,0,9.97519e-12,0
100000002459164100,peripheral,0,4,0.2015,"ниже порога конечного получателя: плательщиков 1 (нужно ≥ 2), получено 20 000 KZT (нужно ≥ 200 000 KZT)",3,false,false,,1,0,20000,0,1,0,0,7,0,0.000538602,0,0,0
100000005082652100,peripheral,0,11,0.1427,"ниже порога конечного получателя: плательщиков 1 (нужно ≥ 2), получено 30 000 KZT (нужно ≥ 200 000 KZT)",3,false,false,,1,0,30000,0,1,0,0,1,0,0.000405551,0,3.49909e-8,0
100000005041905100,peripheral,0,18,0.1803,"смешанные признаки: плательщиков 1, получателей 1, поток 1 085 351 KZT",3,false,false,mixed_signals|cycle,1,1,5000,1080351,1,5,216.0702,1,0,0.000284812,1.0664e-14,9.97519e-12,0
100000008653041100,peripheral,0,18,0.1373,"ниже порога конечного получателя: плательщиков 1 (нужно ≥ 2), получено 28 000 KZT (нужно ≥ 200 000 KZT)",3,false,false,,1,0,28000,0,1,0,0,1,0,0.000288375,0,9.97519e-12,0
100000008722417100,peripheral,0,1,0.2411,"смешанные признаки: плательщиков 1, получателей 3, поток 1 051 900 KZT",3,false,false,mixed_signals,1,3,331900,720000,1,6,2.1693,7,0.3611,0.000294705,0,0.00294017,0.0000576607
100000008625905100,peripheral,0,2,0.248,"смешанные признаки: плательщиков 1, получателей 2, поток 832 800 KZT",3,false,false,mixed_signals,1,2,197800,635000,1,2,3.2103,7,0,0.000542044,0,0,0.0000396294
100000007487729100,peripheral,0,13,0.1961,"ниже порога конечного получателя: плательщиков 1 (нужно ≥ 2), получено 25 000 KZT (нужно ≥ 200 000 KZT)",3,false,false,,1,0,25000,0,1,0,0,7,0,0.000292524,0,0.000161054,0
100000000838385100,peripheral,0,23,0.2729,"смешанные признаки: плательщиков 1, получателей 2, поток 614 400 KZT",3,false,false,fast_transit|mixed_signals|cycle,1,2,436900,177500,8,6,0.4063,7,0.6901,0.00192786,1.14551e-312,0,0.0000217962
100000004750321100,terminal,0,10,0.2082,получено: 50 185 KZT; плательщиков: 2; исходящих: 0,3,false,false,,2,0,50185,0,2,0,0,7,0,0.000310806,0,0.000109701,0
100000008664774100,peripheral,0,18,0.1309,"ниже порога конечного получателя: плательщиков 1 (нужно ≥ 2), получено 16 300 KZT (нужно ≥ 200 000 KZT)",3,false,false,,1,0,16300,0,1,0,0,1,0,0.000286563,0,9.97519e-12,0
100000006274203100,peripheral,0,14,0.2849,"смешанные признаки: плательщиков 2, получателей 3, поток 3 489 512 KZT",3,false,false,mixed_signals|cycle|depth_outlier,2,3,3417512,72000,41,3,0.0211,9,0.0694,0.000628041,0.00190688,0.00296368,0.0000373428
100000002185328100,peripheral,0,17,0.2106,"смешанные признаки: плательщиков 1, получателей 4, поток 70 000 KZT",3,false,false,mixed_signals,1,4,15000,55000,1,4,3.6667,7,0,0.000349793,6.90385e-310,0,0.0000616237
100000008254576100,peripheral,0,31,0.2082,"смешанные признаки: плательщиков 1, получателей 1, поток 68 000 KZT",3,false,false,mixed_signals,1,1,8000,60000,1,1,7.5,7,0,0.000290079,0,4.40237e-296,0.0000196165
100000001689968100,consolidator,0.7778,6,0.4133,"плательщиков: 3, прямых seed: 0; дальше: 0% входящего",3,false,false,,3,0,344333.75,0,3,0,0,7,0,0.000337221,0,0.00404889,0
100000002236528100,peripheral,0,14,0.21,"ниже порога конечного получателя: плательщиков 1 (нужно ≥ 2), получено 66 000 KZT (нужно ≥ 200 000 KZT)",3,false,false,,1,0,66000,0,1,0,0,7,0,0.000305551,0,0.000108312,0
100000002670960100,terminal,0.412,5,0.2379,получено: 480 310 KZT; плательщиков: 1; исходящих: 0,3,false,false,,1,0,480310,0,1,0,0,2,0,0.000306752,0,3.79414e-7,0
100000003557488100,peripheral,0,22,0.244,"смешанные признаки: плательщиков 1, получателей 2, поток 802 992 KZT",3,false,false,fast_transit|mixed_signals|cycle,1,2,664992,138000,3,4,0.2075,7,0.8551,0.000576762,0,0.0000474736,0.0000198147
100000003888197100,peripheral,0,1,0.2101,"ниже порога конечного получателя: плательщиков 1 (нужно ≥ 2), получено 83 167 KZT (нужно ≥ 200 000 KZT)",3,false,false,,1,0,83167,0,1,0,0,7,0,0.00028671,0,0.00294017,0
100000002799941100,terminal,0.5,14,0.3066,получено: 600 000 KZT; плательщиков: 1; исходящих: 0,3,false,false,,1,0,600000,0,1,0,0,7,0,0.000385918,0,0.0000844807,0
100000001632325100,peripheral,0,18,0.1507,"ниже порога конечного получателя: плательщиков 1 (нужно ≥ 2), получено 85 600 KZT (нужно ≥ 200 000 KZT)",3,false,false,,1,0,85600,0,3,0,0,1,0,0.0002973,0,9.97519e-12,0
100000008620570100,peripheral,0,13,0.221,"смешанные признаки: плательщиков 2, получателей 2, поток 176 800 KZT",3,false,false,mixed_signals,2,2,145000,31800,2,2,0.2193,7,0.3145,0.000346564,0.00000340318,0.000381059,0.0000330834
100000005308954100,peripheral,0,2,0.2183,"смешанные признаки: плательщиков 1, получателей 1, поток 99 020 KZT",3,false,false,mixed_signals,1,1,69020,30000,1,1,0.4347,7,0,0.000357369,0,0.0000101236,0.0000198147
100000008468762100,terminal,0,0,0.2296,получено: 170 000 KZT; плательщиков: 2; исходящих: 0,3,false,false,,2,0,170000,0,2,0,0,8,0,0.00030871,0,0.00000132119,0
100000002305007100,peripheral,0,18,0.1456,"ниже порога конечного получателя: плательщиков 1 (нужно ≥ 2), получено 56 000 KZT (нужно ≥ 200 000 KZT)",3,false,false,,1,0,56000,0,1,0,0,1,0,0.000292714,0,9.97519e-12,0
100000008314863100,peripheral,0,7,0.2249,"ниже порога конечного получателя: плательщиков 1 (нужно ≥ 2), получено 12 000 KZT (нужно ≥ 200 000 KZT)",3,false,false,,1,0,12000,0,1,0,0,10,0,0.000513894,0,0,0
100000005709551100,peripheral,0,4,0.1981,"ниже порога конечного получателя: плательщиков 1 (нужно ≥ 2), получено 24 560 KZT (нужно ≥ 200 000 KZT)",3,false,false,,1,0,24560,0,1,0,0,7,0,0.000293061,0,0.00025946,0
100000008297199100,peripheral,0,9,0.2023,"ниже порога конечного получателя: плательщиков 1 (нужно ≥ 2), получено 42 268 KZT (нужно ≥ 200 000 KZT)",3,false,false,,1,0,42268,0,1,0,0,7,0,0.000294973,0,0.00113791,0
100000003271151100,peripheral,0,13,0.2157,"ниже порога конечного получателя: плательщиков 1 (нужно ≥ 2), получено 127 294 KZT (нужно ≥ 200 000 KZT)",3,false,false,,1,0,127294,0,1,0,0,7,0,0.000309732,0,0.00160441,0
100000007005380100,peripheral,0,4,0.187,"ниже порога конечного получателя: плательщиков 1 (нужно ≥ 2), получено 9 400 KZT (нужно ≥ 200 000 KZT)",3,false,false,,1,0,9400,0,1,0,0,7,0,0.000301441,0,0.000106942,0
100000004451012100,peripheral,0,14,0.221,"смешанные признаки: плательщиков 1, получателей 3, поток 156 985 KZT",3,false,false,mixed_signals,1,3,91245,65740,1,3,0.7205,7,0,0.000299531,0,0.0000844807,0.0000576607
100000004779204100,peripheral,0,6,0.2051,"смешанные признаки: плательщиков 1, получателей 1, поток 50 450 KZT",3,false,false,fast_transit|mixed_signals,1,1,30450,20000,1,2,0.6568,7,0.5,0.00028574,0,0.00290578,0.0000192202
100000002793881100,consolidator,0.8182,0,0.4535,"плательщиков: 3, прямых seed: 0; дальше: 0% входящего",3,false,false,sync_inflow,3,0,785600,0,3,0,0,9,0,0.000373013,0,0.00000527751,0
100000008671129100,peripheral,0,18,0.1366,"ниже порога конечного получателя: плательщиков 1 (нужно ≥ 2), получено 26 200 KZT (нужно ≥ 200 000 KZT)",3,false,false,,1,0,26200,0,1,0,0,1,0,0.000288097,0,9.97519e-12,0
100000002095257100,peripheral,0,25,0.1977,"ниже порога конечного получателя: плательщиков 1 (нужно ≥ 2), получено 8 500 KZT (нужно ≥ 200 000 KZT)",3,false,false,,1,0,8500,0,1,0,0,8,0,0.000394086,0,0.00000102523,0
100000002194329100,peripheral,0,6,0.1966,"ниже порога конечного получателя: плательщиков 1 (нужно ≥ 2), получено 25 170 KZT (нужно ≥ 200 000 KZT)",3,false,false,,1,0,25170,0,1,0,0,7,0,0.000285445,0,0.00290578,0
100000001884825100,consolidator,0.8,0,0.4329,"плательщиков: 3, прямых seed: 0; дальше: 0% входящего",3,false,false,,3,0,495000,0,3,0,0,8,0,0.000338297,0,0.00000357332,0
100000008692291100,transit,0.8019,0,0.3983,передаёт 98% входящего; 13% исходящих — за 2 дня,3,false,false,,3,3,160000,156000,3,3,0.975,8,0.1346,0.000306286,0,0.00000750327,0.0000641996
100000002697752100,terminal,0,9,0.2209,получено: 190 785 KZT; плательщиков: 2; исходящих: 0,3,false,false,,2,0,190785,0,2,0,0,7,0,0.000327694,0,0.00274232,0
100000007170072100,transit,0.995,12,0.4205,передаёт 100% входящего; 100% исходящих — за 2 дня,3,false,false,fast_transit,1,2,100000,99500,1,9,0.995,7,1,0.000305956,0,0.00013028,0.0000384405
100000002373144100,peripheral,0,9,0.2061,"смешанные признаки: плательщиков 1, получателей 1, поток 57 232 KZT",3,false,false,mixed_signals,1,1,46468,10764,1,1,0.2316,7,0,0.000288127,0,0.00113194,0.0000192202
100000000287768100,peripheral,0,9,0.2,"ниже порога конечного получателя: плательщиков 1 (нужно ≥ 2), получено 35 168 KZT (нужно ≥ 200 000 KZT)",3,false,false,,1,0,35168,0,1,0,0,7,0,0.000287132,0,0.00113194,0
100000004508696100,peripheral,0,49,0.218,"смешанные признаки: плательщиков 1, получателей 3, поток 118 000 KZT",3,false,false,fast_transit|mixed_signals|cycle,1,3,7000,111000,1,4,15.8571,7,0.955,0.000420007,0,0,0.0000392331
100000008688109100,peripheral,0,18,0.1281,"ниже порога конечного получателя: плательщиков 1 (нужно ≥ 2), получено 12 800 KZT (нужно ≥ 200 000 KZT)",3,false,false,,1,0,12800,0,1,0,0,1,0,0.00028602,0,9.97519e-12,0
100000008724461100,peripheral,0,0,0.2431,"смешанные признаки: плательщиков 1, получателей 1, поток 230 111 KZT",3,false,false,fast_transit|mixed_signals,1,1,100111,130000,1,1,1.2986,9,1,0.00028916,0,0.00000322073,0.0000223906
100000001714413100,terminal,0.1115,1,0.2385,получено: 250 172 KZT; плательщиков: 1; исходящих: 0,3,false,false,,1,0,250172,0,1,0,0,7,0,0.000292078,0,0.00294017,0
100000008672493100,peripheral,0,18,0.1291,"ниже порога конечного получателя: плательщиков 1 (нужно ≥ 2), получено 14 000 KZT (нужно ≥ 200 000 KZT)",3,false,false,,1,0,14000,0,1,0,0,1,0,0.000286206,0,9.97519e-12,0
100000003241965100,peripheral,0,10,0.1935,"ниже порога конечного получателя: плательщиков 1 (нужно ≥ 2), получено 15 000 KZT (нужно ≥ 200 000 KZT)",3,false,false,,1,0,15000,0,1,0,0,7,0,0.000289587,0,6.40702e-7,0
100000002241986100,peripheral,0,1,0.2557,"смешанные признаки: плательщиков 1, получателей 6, поток 3 357 000 KZT",3,false,false,mixed_signals|depth_outlier,1,6,280000,3077000,1,12,10.9893,7,0,0.000293037,2.83311e-311,0.00294017,0.000115321
100000004140994100,peripheral,0,18,0.1325,"ниже порога конечного получателя: плательщиков 1 (нужно ≥ 2), получено 18 650 KZT (нужно ≥ 200 000 KZT)",3,false,false,,1,0,18650,0,1,0,0,1,0,0.000286927,0,9.97519e-12,0
100000008489922100,distributor,0.6102,0,0.4253,получателей: 36; плательщиков: 3; исходящий поток: 3 789 900 KZT,3,false,false,cycle|depth_outlier,3,36,262010,3789900,5,41,14.4647,8,0.2691,0.000582521,0.0000684778,0.0000038464,0.000872188
100000001252290100,peripheral,0,1,0.2171,"смешанные признаки: плательщиков 1, получателей 1, поток 146 005 KZT",3,false,false,mixed_signals,1,1,141005,5000,1,1,0.0355,7,0,0.000288569,0,0.00294017,0.0000192202
100000008667799100,peripheral,0,18,0.1397,"ниже порога конечного получателя: плательщиков 1 (нужно ≥ 2), получено 34 000 KZT (нужно ≥ 200 000 KZT)",3,false,false,,1,0,34000,0,1,0,0,1,0,0.000289305,0,9.97519e-12,0
100000008684951100,peripheral,0,18,0.1316,"ниже порога конечного получателя: плательщиков 1 (нужно ≥ 2), получено 17 200 KZT (нужно ≥ 200 000 KZT)",3,false,false,,1,0,17200,0,1,0,0,1,0,0.000286702,0,9.97519e-12,0
100000006126743100,peripheral,0,1,0.2052,"ниже порога конечного получателя: плательщиков 1 (нужно ≥ 2), получено 55 000 KZT (нужно ≥ 200 000 KZT)",3,false,false,,1,0,55000,0,1,0,0,7,0,0.000285805,0,0.00294017,0
100000003009900100,peripheral,0,10,0.1942,"ниже порога конечного получателя: плательщиков 1 (нужно ≥ 2), получено 15 998 KZT (нужно ≥ 200 000 KZT)",3,false,false,,1,0,15998,0,1,0,0,7,0,0.000289956,0,6.40702e-7,0
100000001745217100,peripheral,0,9,0.2042,"ниже порога конечного получателя: плательщиков 1 (нужно ≥ 2), получено 50 000 KZT (нужно ≥ 200 000 KZT)",3,false,false,,1,0,50000,0,1,0,0,7,0,0.000288438,0,0.00113194,0
100000002886166100,peripheral,0,44,0.1604,"ниже порога конечного получателя: плательщиков 1 (нужно ≥ 2), получено 185 000 KZT (нужно ≥ 200 000 KZT)",3,false,false,,1,0,185000,0,3,0,0,1,0,0.00032278,0,7.26058e-218,0
100000002956779100,terminal,0.3453,17,0.2191,получено: 411 000 KZT; плательщиков: 1; исходящих: 0,3,false,false,,1,0,411000,0,1,0,0,1,0,0.000400752,0,0.00000377995,0
100000008568512100,peripheral,0,1,0.2205,"ниже порога конечного получателя: плательщиков 1 (нужно ≥ 2), получено 199 640 KZT (нужно ≥ 200 000 KZT)",3,false,false,,1,0,199640,0,1,0,0,7,0,0.000290454,0,0.00294017,0
100000008583360100,peripheral,0,10,0.2292,"смешанные признаки: плательщиков 1, получателей 1, поток 282 843 KZT",3,false,false,mixed_signals,1,1,112843,170000,1,1,1.5065,7,0,0.000325788,0,6.40702e-7,0.0000192202
100000001130176100,peripheral,0,19,0.2023,"ниже порога конечного получателя: плательщиков 1 (нужно ≥ 2), получено 25 000 KZT (нужно ≥ 200 000 KZT)",3,false,false,,1,0,25000,0,2,0,0,7,0,0.000554679,0,0,0
100000001145749100,peripheral,0,7,0.2219,"ниже порога конечного получателя: плательщиков 1 (нужно ≥ 2), получено 10 000 KZT (нужно ≥ 200 000 KZT)",3,false,false,,1,0,10000,0,1,0,0,10,0,0.000475585,0,0,0
100000005367445100,transit,1,16,0.4496,передаёт 100% входящего; 100% исходящих — за 2 дня,3,false,false,fast_transit|cycle,1,1,5000,5000,1,1,1,9,1,0.00193793,9.84728e-7,0,0
100000003917461100,peripheral,0,25,0.2419,"смешанные признаки: плательщиков 1, получателей 2, поток 150 000 KZT",3,false,false,mixed_signals|cycle,1,2,10000,140000,1,5,14,9,0.0714,0.000396725,0,0,0.000020211
100000008200810100,terminal,0.4074,5,0.2371,получено: 475 000 KZT; плательщиков: 1; исходящих: 0,3,false,false,,1,0,475000,0,1,0,0,2,0,0.0003065,0,3.79414e-7,0
100000002554175100,peripheral,0,10,0.1994,"ниже порога конечного получателя: плательщиков 1 (нужно ≥ 2), получено 24 621 KZT (нужно ≥ 200 000 KZT)",3,false,false,,1,0,24621,0,1,0,0,7,0,0.000293147,0,6.40702e-7,0
100000008751380100,terminal,0.2671,0,0.2847,получено: 345 780 KZT; плательщиков: 2; исходящих: 0,3,false,false,,2,0,345780,0,2,0,0,9,0,0.00031118,0,0.00000198206,0
100000004071444100,peripheral,0,9,0.2277,"смешанные признаки: плательщиков 1, получателей 1, поток 347 350 KZT",3,false,false,mixed_signals,1,1,247350,100000,1,1,0.4043,7,0,0.000305806,0,0.00113194,0.0000192202
100000001141268100,peripheral,0,0,0.2537,"смешанные признаки: плательщиков 2, получателей 1, поток 490 000 KZT",3,false,false,fast_transit|mixed_signals,2,1,480000,10000,2,1,0.0208,9,1,0.000362799,0,4.39558e-7,0.0000223906
100000002645993100,peripheral,0,4,0.2198,"смешанные признаки: плательщиков 2, получателей 5, поток 136 630 KZT",3,false,false,fast_transit|mixed_signals|cycle,2,5,49650,86980,4,9,1.7519,7,1,0.00029172,0.000562911,0.0035486,0.0000938762
100000002546921100,peripheral,0,8,0.1934,"ниже порога конечного получателя: плательщиков 1 (нужно ≥ 2), получено 20 000 KZT (нужно ≥ 200 000 KZT)",3,false,false,,1,0,20000,0,1,0,0,7,0,0.000289671,0,0.0000244138,0
100000008753897100,peripheral,0,18,0.1355,"ниже порога конечного получателя: плательщиков 1 (нужно ≥ 2), получено 24 050 KZT (нужно ≥ 200 000 KZT)",3,false,false,,1,0,24050,0,1,0,0,1,0,0.000287763,0,9.97519e-12,0
100000000870121100,peripheral,0,15,0.1982,"ниже порога конечного получателя: плательщиков 1 (нужно ≥ 2), получено 12 000 KZT (нужно ≥ 200 000 KZT)",3,false,false,,1,0,12000,0,1,0,0,7,0,0.000313923,0,4.25995e-8,0
100000003171006100,terminal,0.4161,0,0.3097,получено: 485 000 KZT; плательщиков: 2; исходящих: 0,3,false,false,,2,0,485000,0,2,0,0,9,0,0.000333096,0,0.00000449688,0
100000001690558100,terminal,0.5745,14,0.3199,получено: 740 000 KZT; плательщиков: 1; исходящих: 0,3,false,false,,1,0,740000,0,1,0,0,7,0,0.00040969,0,0.0000844807,0
100000008667795100,peripheral,0,18,0.1397,"ниже порога конечного получателя: плательщиков 1 (нужно ≥ 2), получено 34 000 KZT (нужно ≥ 200 000 KZT)",3,false,false,,1,0,34000,0,1,0,0,1,0,0.000289305,0,9.97519e-12,0
100000005674387100,peripheral,0,18,0.1366,"ниже порога конечного получателя: плательщиков 1 (нужно ≥ 2), получено 26 200 KZT (нужно ≥ 200 000 KZT)",3,false,false,,1,0,26200,0,1,0,0,1,0,0.000288097,0,9.97519e-12,0
100000003636627100,peripheral,0,19,0.2531,"смешанные признаки: плательщиков 1, получателей 1, поток 87 000 KZT",3,false,false,mixed_signals|cycle,1,1,77000,10000,8,1,0.1299,7,0,0.00208245,0.0000124232,0,0
100000001275752100,peripheral,0,0,0.2378,"ниже порога конечного получателя: плательщиков 1 (нужно ≥ 2), получено 151 500 KZT (нужно ≥ 200 000 KZT)",3,false,false,,1,0,151500,0,1,0,0,9,0,0.00029179,0,0.00000322073,0
100000002459240100,peripheral,0,1,0.2171,"ниже порога конечного получателя: плательщиков 1 (нужно ≥ 2), получено 150 000 KZT (нужно ≥ 200 000 KZT)",3,false,false,,1,0,150000,0,1,0,0,7,0,0.000288858,0,0.00294017,0
100000002644285100,terminal,0.4286,5,0.2407,получено: 500 000 KZT; плательщиков: 1; исходящих: 0,3,false,false,,1,0,500000,0,1,0,0,2,0,0.000307683,0,3.79414e-7,0
100000005186109100,peripheral,0,2,0.1886,"ниже порога конечного получателя: плательщиков 1 (нужно ≥ 2), получено 5 000 KZT (нужно ≥ 200 000 KZT)",3,false,false,,1,0,5000,0,1,0,0,7,0,0.000602073,0,0,0
100000005317181100,peripheral,0,9,0.2186,"смешанные признаки: плательщиков 1, получателей 1, поток 155 750 KZT",3,false,false,mixed_signals,1,1,141250,14500,1,1,0.1027,7,0,0.000320583,0,0.00113791,0.0000192202
100000003001661100,peripheral,0,23,0.2398,"смешанные признаки: плательщиков 1, получателей 5, поток 549 500 KZT",3,false,false,mixed_signals|cycle,1,5,110000,439500,1,8,3.9955,7,0,0.000542452,1.63055e-9,0,0.0000832217
100000000288317100,peripheral,0,13,0.2189,"смешанные признаки: плательщиков 2, получателей 3, поток 153 500 KZT",3,false,false,mixed_signals,2,3,100000,53500,2,3,0.535,7,0.3084,0.000311104,0,0.00176547,0.0000582552
100000004368189100,peripheral,0,5,0.1794,"смешанные признаки: плательщиков 1, получателей 2, поток 412 800 KZT",3,false,false,fast_transit|mixed_signals,1,2,384600,28200,1,2,0.0733,2,0.7695,0.000302225,0,3.79414e-7,0.00000277406
100000004493586100,peripheral,0,6,0.1824,"ниже порога конечного получателя: плательщиков 1 (нужно ≥ 2), получено 7 500 KZT (нужно ≥ 200 000 KZT)",3,false,false,,1,0,7500,0,1,0,0,7,0,0.000287085,0,0.000642816,0
100000004114962100,terminal,0,1,0.2281,получено: 165 000 KZT; плательщиков: 2; исходящих: 0,3,false,false,,2,0,165000,0,2,0,0,7,0,0.000706703,0,0.00296368,0
100000008088082100,peripheral,0,4,0.2137,"смешанные признаки: плательщиков 1, получателей 1, поток 89 138 KZT",3,false,false,mixed_signals,1,1,39138,50000,1,1,1.2775,7,0,0.000298417,0,0.00025946,0.0000192202
100000008595687100,peripheral,0,2,0.2184,"смешанные признаки: плательщиков 1, получателей 1, поток 74 795 KZT",3,false,false,fast_transit|mixed_signals|cycle,1,1,64395,10400,1,1,0.1615,7,1,0.000303198,0.0000053164,0.0000525698,0.000301084
100000001248999100,peripheral,0,21,0.1952,"ниже порога конечного получателя: плательщиков 1 (нужно ≥ 2), получено 23 425 KZT (нужно ≥ 200 000 KZT)",3,false,false,,1,0,23425,0,1,0,0,7,0,0.000287697,0,0.000233345,0
100000002736316100,consolidator,0.7778,6,0.4114,"плательщиков: 3, прямых seed: 0; дальше: 0% входящего",3,false,false,,3,0,266921,0,3,0,0,7,0,0.000381563,0,0.00250669,0
100000008596924100,peripheral,0,19,0.1553,"ниже порога конечного получателя: плательщиков 1 (нужно ≥ 2), получено 100 000 KZT (нужно ≥ 200 000 KZT)",3,false,false,,1,0,100000,0,1,0,0,1,0,0.000413633,0,0,0
100000008598972100,peripheral,0,12,0.1546,"ниже порога конечного получателя: плательщиков 1 (нужно ≥ 2), получено 120 000 KZT (нужно ≥ 200 000 KZT)",3,false,false,,1,0,120000,0,1,0,0,1,0,0.000292524,0,0.0000793604,0
100000002769809100,peripheral,0,14,0.218,"ниже порога конечного получателя: плательщиков 1 (нужно ≥ 2), получено 113 422 KZT (нужно ≥ 200 000 KZT)",3,false,false,,1,0,113422,0,1,0,0,7,0,0.000375593,0,0,0
100000003089553100,peripheral,0,0,0.2281,"ниже порога конечного получателя: плательщиков 1 (нужно ≥ 2), получено 150 000 KZT (нужно ≥ 200 000 KZT)",3,false,false,,1,0,150000,0,1,0,0,8,0,0.000305418,0,2.61257e-7,0
100000002343825100,consolidator,0.4609,0,0.3515,"плательщиков: 3, прямых seed: 0; дальше: 26% входящего",3,false,false,fast_transit,3,2,350000,89800,4,2,0.2566,8,0.5568,0.000331828,0,0.00000361746,0.0000427997
100000002015633100,peripheral,0,1,0.2117,"ниже порога конечного получателя: плательщиков 1 (нужно ≥ 2), получено 94 970 KZT (нужно ≥ 200 000 KZT)",3,false,false,,1,0,94970,0,1,0,0,7,0,0.00028709,0,0.00294017,0
100000002906470100,peripheral,0,14,0.218,"ниже порога конечного получателя: плательщиков 1 (нужно ≥ 2), получено 130 000 KZT (нужно ≥ 200 000 KZT)",3,false,false,,1,0,130000,0,1,0,0,7,0,0.000306111,0,0.0000844807,0
100000005628518100,peripheral,0,14,0.2171,"ниже порога конечного получателя: плательщиков 1 (нужно ≥ 2), получено 77 000 KZT (нужно ≥ 200 000 KZT)",3,false,false,,1,0,77000,0,3,0,0,7,0,0.00052984,0,0,0
100000002958139100,terminal,0.0232,0,0.235,получено: 209 500 KZT; плательщиков: 1; исходящих: 0,3,false,false,,1,0,209500,0,2,0,0,8,0,0.000298724,0,0.00000196621,0
100000008754747100,peripheral,0,18,0.1431,"ниже порога конечного получателя: плательщиков 1 (нужно ≥ 2), получено 45 500 KZT (нужно ≥ 200 000 KZT)",3,false,false,,1,0,45500,0,1,0,0,1,0,0.000291087,0,9.97519e-12,0
100000008776720100,peripheral,0,18,0.1365,"ниже порога конечного получателя: плательщиков 1 (нужно ≥ 2), получено 26 150 KZT (нужно ≥ 200 000 KZT)",3,false,false,,1,0,26150,0,1,0,0,1,0,0.000288089,0,9.97519e-12,0
100000008576528100,peripheral,0,1,0.1973,"ниже порога конечного получателя: плательщиков 1 (нужно ≥ 2), получено 28 000 KZT (нужно ≥ 200 000 KZT)",3,false,false,,1,0,28000,0,1,0,0,7,0,0.000284937,0,0.00294017,0
100000004603109100,consolidator,0.2734,3,0.3466,"плательщиков: 3, прямых seed: 0; дальше: 15% входящего",3,false,false,fast_transit|cycle|depth_outlier,3,2,2730000,400000,8,2,0.1465,2,1,0.00336844,7.92481e-302,6.68234e-302,6.93514e-7
100000008721637100,peripheral,0,10,0.2219,"смешанные признаки: плательщиков 1, получателей 2, поток 151 041 KZT",3,false,false,mixed_signals,1,2,24041,127000,1,2,5.2826,7,0.0945,0.00028889,0.0000217256,0.00160441,0.0000733145
100000004491749100,peripheral,0,19,0.1456,"ниже порога конечного получателя: плательщиков 1 (нужно ≥ 2), получено 50 000 KZT (нужно ≥ 200 000 KZT)",3,false,false,,1,0,50000,0,1,0,0,1,0,0.000348835,0,0,0
100000005171642100,transit,0.9736,19,0.4401,передаёт 98% входящего; 96% исходящих — за 2 дня,3,false,false,fast_transit|cycle|depth_outlier,2,1,696800,683600,5,4,0.9811,1,0.9626,0.00291619,0.0000126261,0,3.96294e-7
100000008682426100,peripheral,0,8,0.1934,"ниже порога конечного получателя: плательщиков 1 (нужно ≥ 2), получено 20 000 KZT (нужно ≥ 200 000 KZT)",3,false,false,,1,0,20000,0,1,0,0,7,0,0.000289671,0,0.0000244138,0
100000006209210100,terminal,0.0678,14,0.2352,получено: 229 111 KZT; плательщиков: 1; исходящих: 0,3,false,false,,1,0,229111,0,1,0,0,7,0,0.00035872,0,0.000108312,0
100000003888527100,peripheral,0,15,0.2102,"ниже порога конечного получателя: плательщиков 1 (нужно ≥ 2), получено 30 000 KZT (нужно ≥ 200 000 KZT)",3,false,false,,1,0,30000,0,1,0,0,7,0,0.000364548,0,0.0000242844,0
100000008490127100,peripheral,0,1,0.2452,"смешанные признаки: плательщиков 1, получателей 6, поток 1 354 755 KZT",3,false,false,mixed_signals|depth_outlier,1,6,431755,923000,2,9,2.1378,7,0,0.000297914,2.83311e-311,0.00294017,0.000115321
100000004336228100,peripheral,0,13,0.2046,"ниже порога конечного получателя: плательщиков 1 (нужно ≥ 2), получено 51 407 KZT (нужно ≥ 200 000 KZT)",3,false,false,,1,0,51407,0,2,0,0,7,0,0.000294414,0,0.00160441,0
100000006844004100,peripheral,0,4,0.2019,"ниже порога конечного получателя: плательщиков 1 (нужно ≥ 2), получено 20 600 KZT (нужно ≥ 200 000 KZT)",3,false,false,,1,0,20600,0,1,0,0,7,0,0.000542189,0,0,0
100000001688676100,peripheral,0,14,0.2183,"ниже порога конечного получателя: плательщиков 1 (нужно ≥ 2), получено 133 700 KZT (нужно ≥ 200 000 KZT)",3,false,false,,1,0,133700,0,1,0,0,7,0,0.00030674,0,0.0000844807,0
100000008712036100,peripheral,0,18,0.1339,"ниже порога конечного получателя: плательщиков 1 (нужно ≥ 2), получено 21 000 KZT (нужно ≥ 200 000 KZT)",3,false,false,,1,0,21000,0,1,0,0,1,0,0.000287291,0,9.97519e-12,0
100000004697956100,transit,0.8,19,0.2976,передаёт 100% входящего; 0% исходящих — за 2 дня,3,false,false,cycle,1,1,10000,10000,1,1,1,1,0,0.00046561,0.0000124216,0,0
100000004921657100,peripheral,0,7,0.2322,"смешанные признаки: плательщиков 1, получателей 1, поток 30 490 KZT",3,false,false,fast_transit|mixed_signals,1,1,8300,22190,1,1,2.6735,10,1,0.000359208,0,0,0
100000000408846100,peripheral,0,20,0.2018,"ниже порога конечного получателя: плательщиков 1 (нужно ≥ 2), получено 40 500 KZT (нужно ≥ 200 000 KZT)",3,false,false,,1,0,40500,0,1,0,0,7,0,0.000294103,0,1.43156e-282,0
100000003406094100,peripheral,0,2,0.2304,"смешанные признаки: плательщиков 1, получателей 3, поток 117 000 KZT",3,false,false,mixed_signals|cycle,1,3,70000,47000,4,3,0.6714,7,0.1489,0.000772254,0.00000113519,0,0.0000388368
100000008695566100,peripheral,0,18,0.1395,"ниже порога конечного получателя: плательщиков 1 (нужно ≥ 2), получено 33 700 KZT (нужно ≥ 200 000 KZT)",3,false,false,,1,0,33700,0,1,0,0,1,0,0.000289259,0,9.97519e-12,0
100000005974542100,peripheral,0,28,0.2163,"ниже порога конечного получателя: плательщиков 1 (нужно ≥ 2), получено 94 500 KZT (нужно ≥ 200 000 KZT)",3,false,false,,1,0,94500,0,3,0,0,7,0,0.000482489,0,0.00000319787,0
100000001887715100,peripheral,0,0,0.2794,"смешанные признаки: плательщиков 3, получателей 1, поток 2 081 500 KZT",3,false,false,fast_transit|mixed_signals|sync_inflow|depth_outlier,3,1,1331500,750000,4,1,0.5633,9,1,0.000726489,0,0.00000134263,0.0000225887
100000002472632100,peripheral,0,33,0.2485,"смешанные признаки: плательщиков 2, получателей 1, поток 522 400 KZT",3,false,false,mixed_signals,2,1,502400,20000,3,1,0.0398,7,0,0.000978856,0,0.00000252134,0.0000200128
100000004629688100,peripheral,0,2,0.1998,"смешанные признаки: плательщиков 1, получателей 1, поток 20 000 KZT",3,false,false,mixed_signals|cycle,1,1,5000,15000,1,2,3,7,0,0.000385424,0.0000154295,0,0
100000002459832100,terminal,0.6298,12,0.327,получено: 880 606 KZT; плательщиков: 2; исходящих: 0,3,false,false,,2,0,880606,0,2,0,0,7,0,0.000390855,0,0.000209641,0
100000006100920100,peripheral,0,6,0.2137,"ниже порога конечного получателя: плательщиков 1 (нужно ≥ 2), получено 100 000 KZT (нужно ≥ 200 000 KZT)",3,false,false,,1,0,100000,0,1,0,0,7,0,0.000324676,0,0.000642816,0
100000001439416100,peripheral,0,15,0.2307,"смешанные признаки: плательщиков 1, получателей 2, поток 175 000 KZT",3,false,false,mixed_signals|cycle,1,2,10000,165000,1,3,16.5,7,0,0.000341106,0.000102793,0.00000235094,0.0000198147
100000002121357100,peripheral,0,0,0.2394,"смешанные признаки: плательщиков 2, получателей 1, поток 368 300 KZT",3,false,false,mixed_signals,2,1,255300,113000,2,1,0.4426,8,0,0.000324478,0,5.92217e-7,0.000021598
100000002970466100,peripheral,0,6,0.2152,"смешанные признаки: плательщиков 1, получателей 2, поток 116 317 KZT",3,false,false,mixed_signals,1,2,23317,93000,1,3,3.9885,7,0.4301,0.000285341,0,0.00290578,0.0000384405
100000002581346100,peripheral,0,1,0.2183,"ниже порога конечного получателя: плательщиков 1 (нужно ≥ 2), получено 166 400 KZT (нужно ≥ 200 000 KZT)",3,false,false,,1,0,166400,0,1,0,0,7,0,0.000289386,0,0.00294017,0
100000008738658100,peripheral,0,18,0.1381,"ниже порога конечного получателя: плательщиков 1 (нужно ≥ 2), получено 29 920 KZT (нужно ≥ 200 000 KZT)",3,false,false,,1,0,29920,0,1,0,0,1,0,0.000288673,0,9.97519e-12,0
100000005910114100,distributor,0.3722,4,0.4315,получателей: 19; плательщиков: 3; исходящий поток: 1 469 993 KZT,3,false,false,cycle|depth_outlier,3,19,326144,1469993,3,56,4.5072,7,0.4222,0.000359527,0.00492113,0.00430315,0.00584221
100000001046626100,peripheral,0,1,0.2171,"ниже порога конечного получателя: плательщиков 1 (нужно ≥ 2), получено 150 000 KZT (нужно ≥ 200 000 KZT)",3,false,false,,1,0,150000,0,1,0,0,7,0,0.000288858,0,0.00294017,0
100000006492770100,peripheral,0,6,0.2259,"смешанные признаки: плательщиков 1, получателей 1, поток 289 000 KZT",3,false,false,fast_transit|mixed_signals,1,1,269000,20000,1,1,0.0743,7,1,0.000299082,0,0.00290578,0.0000192202
100000001674850100,terminal,0.0847,0,0.2452,получено: 237 000 KZT; плательщиков: 2; исходящих: 0,3,false,false,,2,0,237000,0,2,0,0,8,0,0.000312393,0,0.00000245786,0
100000000860514100,peripheral,0,33,0.2074,"смешанные признаки: плательщиков 1, получателей 1, поток 62 000 KZT",3,false,false,mixed_signals,1,1,12000,50000,1,1,4.1667,7,0,0.000304597,0,0.00000250068,0.0000200128
100000003650146100,peripheral,0,2,0.1939,"ниже порога конечного получателя: плательщиков 1 (нужно ≥ 2), получено 14 400 KZT (нужно ≥ 200 000 KZT)",3,false,false,,1,0,14400,0,1,0,0,7,0,0.00029849,0,0.0000244752,0
100000001227106100,peripheral,0,1,0.2182,"ниже порога конечного получателя: плательщиков 1 (нужно ≥ 2), получено 164 765 KZT (нужно ≥ 200 000 KZT)",3,false,false,,1,0,164765,0,1,0,0,7,0,0.000289333,0,0.00294017,0
100000003647799100,peripheral,0,1,0.2123,"ниже порога конечного получателя: плательщиков 1 (нужно ≥ 2), получено 100 000 KZT (нужно ≥ 200 000 KZT)",3,false,false,,1,0,100000,0,1,0,0,7,0,0.000287251,0,0.00294017,0
100000008293431100,peripheral,0,9,0.2266,"смешанные признаки: плательщиков 1, получателей 5, поток 312 000 KZT",3,false,false,mixed_signals|cycle,1,5,15000,297000,1,7,19.8,7,0,0.000285357,0.000366922,0.00113194,0.0000568706
100000002975287100,peripheral,0,6,0.1905,"ниже порога конечного получателя: плательщиков 1 (нужно ≥ 2), получено 15 000 KZT (нужно ≥ 200 000 KZT)",3,false,false,,1,0,15000,0,1,0,0,7,0,0.000287635,0,0.000465902,0
100000008507703100,peripheral,0,18,0.1376,"ниже порога конечного получателя: плательщиков 1 (нужно ≥ 2), получено 28 500 KZT (нужно ≥ 200 000 KZT)",3,false,false,,1,0,28500,0,1,0,0,1,0,0.000288453,0,9.97519e-12,0
100000001733687100,terminal,0.2,0,0.2637,получено: 300 000 KZT; плательщиков: 1; исходящих: 0,3,false,false,,1,0,300000,0,1,0,0,8,0,0.000305068,0,0.00000196621,0
100000004552204100,peripheral,0,30,0.2259,"смешанные признаки: плательщиков 1, получателей 2, поток 32 500 KZT",3,false,false,mixed_signals|cycle,1,2,22500,10000,2,2,0.4444,8,0,0.000857638,1.66423e-293,0,0.000020211
100000008223756100,terminal,0.2477,12,0.2621,получено: 331 682 KZT; плательщиков: 2; исходящих: 0,3,false,false,,2,0,331682,0,2,0,0,7,0,0.000354204,0,0.00303606,0
100000002956769100,consolidator,0.8182,0,0.4545,"плательщиков: 3, прямых seed: 0; дальше: 0% входящего",3,false,false,sync_inflow,3,0,840000,0,3,0,0,9,0,0.000382594,0,0.00000326315,0
100000008555233100,terminal,0.3756,0,0.3037,получено: 440 600 KZT; плательщиков: 1; исходящих: 0,3,false,false,,1,0,440600,0,1,0,0,9,0,0.000361356,0,8.36454e-8,0
100000002346166100,peripheral,0,18,0.1191,"ниже порога конечного получателя: плательщиков 1 (нужно ≥ 2), получено 6 000 KZT (нужно ≥ 200 000 KZT)",3,false,false,,1,0,6000,0,1,0,0,1,0,0.000284967,0,9.97519e-12,0
100000000878006100,peripheral,0,1,0.2034,"ниже порога конечного получателя: плательщиков 1 (нужно ≥ 2), получено 47 003 KZT (нужно ≥ 200 000 KZT)",3,false,false,,1,0,47003,0,1,0,0,7,0,0.000285548,0,0.00294017,0
100000004997515100,consolidator,0.6019,0,0.3966,"плательщиков: 4, прямых seed: 0; дальше: 14% входящего",3,false,false,,4,4,395000,54500,4,4,0.138,9,0,0.000354608,0,0.00000233106,0.0000895624
100000007653003100,peripheral,0,21,0.2126,"ниже порога конечного получателя: плательщиков 1 (нужно ≥ 2), получено 100 000 KZT (нужно ≥ 200 000 KZT)",3,false,false,,1,0,100000,0,1,0,0,7,0,0.000299662,0,0.000233345,0
100000000661131100,peripheral,0,18,0.1304,"ниже порога конечного получателя: плательщиков 1 (нужно ≥ 2), получено 15 600 KZT (нужно ≥ 200 000 KZT)",3,false,false,,1,0,15600,0,1,0,0,1,0,0.000286454,0,9.97519e-12,0
100000003880331100,distributor,0.4802,13,0.3752,получателей: 16; плательщиков: 1; исходящий поток: 3 904 908 KZT,3,false,false,cycle|depth_outlier,1,16,100000,3904908,1,31,39.0491,7,0.4467,0.000305956,0.00609882,0.00013028,0.000659654
100000003204491100,peripheral,0,9,0.2231,"смешанные признаки: плательщиков 1, получателей 1, поток 240 000 KZT",3,false,false,fast_transit|mixed_signals,1,1,140000,100000,1,2,0.7143,7,1,0.000296358,0,0.00113194,0.0000192202
100000008463968100,peripheral,0,18,0.1252,"ниже порога конечного получателя: плательщиков 1 (нужно ≥ 2), получено 10 000 KZT (нужно ≥ 200 000 KZT)",3,false,false,,1,0,10000,0,1,0,0,1,0,0.000285587,0,9.97519e-12,0
100000002712416100,terminal,0,0,0.235,получено: 116 800 KZT; плательщиков: 2; исходящих: 0,3,false,false,,2,0,116800,0,2,0,0,9,0,0.00030101,0,0.00000298153,0
100000008754997100,peripheral,0,18,0.1321,"ниже порога конечного получателя: плательщиков 1 (нужно ≥ 2), получено 18 000 KZT (нужно ≥ 200 000 KZT)",3,false,false,,1,0,18000,0,1,0,0,1,0,0.000286826,0,9.97519e-12,0
100000008011573100,peripheral,0,6,0.1905,"ниже порога конечного получателя: плательщиков 1 (нужно ≥ 2), получено 15 000 KZT (нужно ≥ 200 000 KZT)",3,false,false,,1,0,15000,0,1,0,0,7,0,0.000287635,0,0.000465902,0
100000003178549100,peripheral,0,21,0.2327,"смешанные признаки: плательщиков 2, получателей 4, поток 339 080 KZT",3,false,false,mixed_signals|cycle,2,4,250000,89080,2,4,0.3563,7,0,0.000350139,0.00152259,0.0016231,0.000272122
100000000534581100,peripheral,0,13,0.2124,"смешанные признаки: плательщиков 2, получателей 1, поток 95 960 KZT",3,false,false,mixed_signals,2,1,55960,40000,2,1,0.7148,7,0,0.000296821,0,0.00186387,0.0000192202
100000007138613100,consolidator,0.5145,6,0.3663,"плательщиков: 3, прямых seed: 0; дальше: 18% входящего",3,false,false,depth_outlier,3,2,1002000,179000,3,2,0.1786,7,0,0.000352148,0,0.00600701,0.0000388368
100000002380341100,peripheral,0,6,0.2068,"ниже порога конечного получателя: плательщиков 1 (нужно ≥ 2), получено 57 566 KZT (нужно ≥ 200 000 KZT)",3,false,false,,1,0,57566.4,0,1,0,0,7,0,0.000307431,0,0.000642816,0
100000008309514100,peripheral,0,18,0.1316,"ниже порога конечного получателя: плательщиков 1 (нужно ≥ 2), получено 17 200 KZT (нужно ≥ 200 000 KZT)",3,false,false,,1,0,17200,0,1,0,0,1,0,0.000286702,0,9.97519e-12,0
100000003134474100,peripheral,0,1,0.2141,"ниже порога конечного получателя: плательщиков 1 (нужно ≥ 2), получено 116 000 KZT (нужно ≥ 200 000 KZT)",3,false,false,,1,0,116000,0,1,0,0,7,0,0.000287766,0,0.00294017,0
100000002373386100,peripheral,0,18,0.1355,"ниже порога конечного получателя: плательщиков 1 (нужно ≥ 2), получено 24 000 KZT (нужно ≥ 200 000 KZT)",3,false,false,,1,0,24000,0,1,0,0,1,0,0.000287756,0,9.97519e-12,0
100000008684767100,peripheral,0,18,0.1386,"ниже порога конечного получателя: плательщиков 1 (нужно ≥ 2), получено 31 100 KZT (нужно ≥ 200 000 KZT)",3,false,false,,1,0,31100,0,1,0,0,1,0,0.000288856,0,9.97519e-12,0
100000008332511100,peripheral,0,10,0.2551,"ниже порога конечного получателя: плательщиков 1 (нужно ≥ 2), получено 100 000 KZT (нужно ≥ 200 000 KZT)",3,false,false,,1,0,100000,0,1,0,0,9,0,0.00110432,0,0,0
100000005754335100,peripheral,0,15,0.2156,"ниже порога конечного получателя: плательщиков 1 (нужно ≥ 2), получено 44 037 KZT (нужно ≥ 200 000 KZT)",3,false,false,,1,0,44037,0,1,0,0,7,0,0.000402219,0,0.0000242844,0
100000008547295100,peripheral,0,19,0.1364,"ниже порога конечного получателя: плательщиков 1 (нужно ≥ 2), получено 15 000 KZT (нужно ≥ 200 000 KZT)",3,false,false,,1,0,15000,0,1,0,0,1,0,0.000558802,0,0,0
100000001875167100,terminal,0.6667,1,0.3318,получено: 1 000 000 KZT; плательщиков: 1; исходящих: 0,3,false,false,,1,0,1000000,0,2,0,0,7,0,0.000316178,0,0.00294017,0
100000004670388100,peripheral,0,6,0.2441,"смешанные признаки: плательщиков 1, получателей 2, поток 880 354 KZT",3,false,false,fast_transit|mixed_signals|cycle,1,2,160354,720000,1,4,4.4901,7,0.5278,0.000510666,0,0,0.0000196165
100000004097972100,peripheral,0,9,0.2166,"смешанные признаки: плательщиков 1, получателей 2, поток 128 878 KZT",3,false,false,fast_transit|mixed_signals,1,2,118878,10000,1,2,0.0841,7,0.5,0.000314795,0,0.00113791,0.0000384405
100000000481716100,peripheral,0,10,0.1881,"ниже порога конечного получателя: плательщиков 1 (нужно ≥ 2), получено 8 000 KZT (нужно ≥ 200 000 KZT)",3,false,false,,1,0,8000,0,1,0,0,7,0,0.000374967,0,2.27957e-8,0
100000005089460100,peripheral,0,18,0.1276,"ниже порога конечного получателя: плательщиков 1 (нужно ≥ 2), получено 12 300 KZT (нужно ≥ 200 000 KZT)",3,false,false,,1,0,12300,0,1,0,0,1,0,0.000285943,0,9.97519e-12,0
100000003105929100,peripheral,0,1,0.2337,"смешанные признаки: плательщиков 1, получателей 1, поток 585 921 KZT",3,false,false,mixed_signals,1,1,429567,156354,2,1,0.364,7,0,0.000297844,0,0.00294017,0.0000192202
100000008379273100,transit,0.7444,10,0.3897,передаёт 106% входящего; 0% исходящих — за 2 дня,3,false,false,,2,4,36000,38000,2,4,1.0556,7,0,0.000297387,0.000116324,0.00000339898,0.00170051
100000005357705100,peripheral,0,13,0.2312,"смешанные признаки: плательщиков 1, получателей 4, поток 439 675 KZT",3,false,false,mixed_signals,1,4,52595,387080,1,5,7.3596,7,0.2725,0.000294654,0,0.00160441,0.000076881
100000003111305100,consolidator,0.8,0,0.4347,"плательщиков: 4, прямых seed: 0; дальше: 0% входящего",3,false,false,,4,0,509338,0,4,0,0,8,0,0.000401371,0,0.0000266543,0
100000008503177100,peripheral,0,13,0.1997,"ниже порога конечного получателя: плательщиков 1 (нужно ≥ 2), получено 33 951 KZT (нужно ≥ 200 000 KZT)",3,false,false,,1,0,33951,0,1,0,0,7,0,0.00029089,0,0.00160441,0
100000000955529100,peripheral,0,7,0.2136,"смешанные признаки: плательщиков 1, получателей 1, поток 90 500 KZT",3,false,false,mixed_signals,1,1,27000,63500,1,1,2.3519,7,0,0.000294027,0.000197854,6.40702e-7,0.0000033685
100000008695689100,peripheral,0,18,0.1366,"ниже порога конечного получателя: плательщиков 1 (нужно ≥ 2), получено 26 200 KZT (нужно ≥ 200 000 KZT)",3,false,false,,1,0,26200,0,1,0,0,1,0,0.000288097,0,9.97519e-12,0
100000004184158100,terminal,0.0094,9,0.2223,получено: 203 805 KZT; плательщиков: 1; исходящих: 0,3,false,false,,1,0,203805,0,1,0,0,7,0,0.000301974,0,0.00113194,0
100000005475379100,peripheral,0,4,0.2362,"смешанные признаки: плательщиков 1, получателей 3, поток 189 370 KZT",3,false,false,mixed_signals,1,3,108370,81000,1,3,0.7474,8,0,0.000419114,0,0.000040376,0.0000653885
100000003093299100,peripheral,0,6,0.1905,"ниже порога конечного получателя: плательщиков 1 (нужно ≥ 2), получено 15 000 KZT (нужно ≥ 200 000 KZT)",3,false,false,,1,0,15000,0,1,0,0,7,0,0.000284876,0,0.00290578,0
100000008767027100,peripheral,0,0,0.1975,"ниже порога конечного получателя: плательщиков 1 (нужно ≥ 2), получено 5 000 KZT (нужно ≥ 200 000 KZT)",3,false,false,,1,0,5000,0,1,0,0,9,0,0.000284796,0,3.55913e-7,0
100000004539443100,terminal,0,7,0.2546,получено: 61 990 KZT; плательщиков: 2; исходящих: 0,3,false,false,,2,0,61990,0,2,0,0,10,0,0.000949823,0,0,0
100000007863304100,peripheral,0,1,0.1959,"ниже порога конечного получателя: плательщиков 1 (нужно ≥ 2), получено 25 000 KZT (нужно ≥ 200 000 KZT)",3,false,false,,1,0,25000,0,1,0,0,7,0,0.000284841,0,0.00294017,0
100000004959752100,peripheral,0,12,0.2462,"ниже порога конечного получателя: плательщиков 1 (нужно ≥ 2), получено 22 200 KZT (нужно ≥ 200 000 KZT)",3,false,false,,1,0,22200,0,1,0,0,11,0,0.000779568,0,0,0
100000002214664100,peripheral,0,51,0.1504,"смешанные признаки: плательщиков 1, получателей 1, поток 84 900 KZT",3,false,false,fast_transit|mixed_signals,1,1,7950,76950,1,2,9.6792,1,1,0.000285269,0,9.97519e-12,0.00000138703
100000008192264100,transit,0.8208,1,0.3916,передаёт 115% входящего; 87% исходящих — за 2 дня,3,false,false,fast_transit,1,1,162810,187910,1,2,1.1542,7,0.875,0.00028927,0,0.00294017,0.0000192202
100000000942301100,peripheral,0,9,0.2061,"ниже порога конечного получателя: плательщиков 1 (нужно ≥ 2), получено 57 580 KZT (нужно ≥ 200 000 KZT)",3,false,false,,1,0,57580,0,2,0,0,7,0,0.000298935,0,0.00113791,0
100000002578653100,peripheral,0,4,0.196,"ниже порога конечного получателя: плательщиков 1 (нужно ≥ 2), получено 20 000 KZT (нужно ≥ 200 000 KZT)",3,false,false,,1,0,20000,0,1,0,0,7,0,0.0003096,0,0,0
100000002511581100,peripheral,0,18,0.1318,"ниже порога конечного получателя: плательщиков 1 (нужно ≥ 2), получено 17 600 KZT (нужно ≥ 200 000 KZT)",3,false,false,,1,0,17600,0,1,0,0,1,0,0.000286764,0,9.97519e-12,0
100000005610717100,peripheral,0,9,0.2376,"смешанные признаки: плательщиков 4, получателей 1, поток 749 700 KZT",3,false,false,fast_transit|mixed_signals|repeat_route,4,1,484500,265200,6,7,0.5474,7,0.8379,0.000342537,0,0.0081158,0.0000192202
100000005704413100,distributor,0.572,10,0.4261,получателей: 32; плательщиков: 3; исходящий поток: 1 363 593 KZT,3,false,false,cycle|depth_outlier,3,32,97834.67,1363593,4,35,13.9377,7,0.4452,0.000595948,0.000148008,0.00000237622,0.00256276
100000000976943100,transit,0.6262,4,0.3571,передаёт 120% входящего; 13% исходящих — за 2 дня,3,false,false,,1,1,70000,84000,1,3,1.2,8,0.131,0.000371288,0,0.000040376,0.0000217962
100000008708061100,peripheral,0,18,0.1235,"ниже порога конечного получателя: плательщиков 1 (нужно ≥ 2), получено 8 650 KZT (нужно ≥ 200 000 KZT)",3,false,false,,1,0,8650,0,1,0,0,1,0,0.000285377,0,9.97519e-12,0
100000003986141100,peripheral,0,6,0.1782,"ниже порога конечного получателя: плательщиков 1 (нужно ≥ 2), получено 5 286 KZT (нужно ≥ 200 000 KZT)",3,false,false,,1,0,5286.32,0,1,0,0,7,0,0.000285305,0,0.000465902,0
100000005037490100,peripheral,0,15,0.2142,"смешанные признаки: плательщиков 1, получателей 2, поток 45 000 KZT",3,false,false,mixed_signals|cycle,1,2,15000,30000,1,3,2,7,0.4667,0.000321395,0.000222854,4.25995e-8,0.0000194184
100000004257714100,peripheral,0,18,0.1448,"ниже порога конечного получателя: плательщиков 1 (нужно ≥ 2), получено 52 220 KZT (нужно ≥ 200 000 KZT)",3,false,false,,1,0,52220,0,1,0,0,1,0,0.000292128,0,9.97519e-12,0
100000000569479100,terminal,0.2308,13,0.2602,получено: 320 000 KZT; плательщиков: 1; исходящих: 0,3,false,false,,1,0,320000,0,1,0,0,7,0,0.000392672,0,0.000161054,0
100000007303047100,peripheral,0,18,0.1448,"ниже порога конечного получателя: плательщиков 1 (нужно ≥ 2), получено 52 250 KZT (нужно ≥ 200 000 KZT)",3,false,false,,1,0,52250,0,1,0,0,1,0,0.000292133,0,9.97519e-12,0
100000008708743100,peripheral,0,18,0.1304,"ниже порога конечного получателя: плательщиков 1 (нужно ≥ 2), получено 15 550 KZT (нужно ≥ 200 000 KZT)",3,false,false,,1,0,15550,0,1,0,0,1,0,0.000286447,0,9.97519e-12,0
100000008745863100,peripheral,0,18,0.135,"ниже порога конечного получателя: плательщиков 1 (нужно ≥ 2), получено 22 900 KZT (нужно ≥ 200 000 KZT)",3,false,false,,1,0,22900,0,1,0,0,1,0,0.000287585,0,9.97519e-12,0
100000005048668100,peripheral,0.1111,4,0.232,"смешанные признаки: плательщиков 2, получателей 8, поток 176 068 KZT",3,false,false,mixed_signals|cycle,2,8,16668,159400,2,11,9.5632,7,0.3005,0.000286994,0.00160727,0.00316524,0.000654287
100000006522972100,peripheral,0,4,0.1871,"ниже порога конечного получателя: плательщиков 1 (нужно ≥ 2), получено 9 515 KZT (нужно ≥ 200 000 KZT)",3,false,false,,1,0,9515,0,1,0,0,7,0,0.000301654,0,0.000106942,0
100000008759857100,peripheral,0,0,0.26,"смешанные признаки: плательщиков 1, получателей 2, поток 999 000 KZT",3,false,false,mixed_signals,1,2,5000,994000,1,3,198.8,9,0,0.000284796,0.00000223731,3.55913e-7,0.00000729998
100000005342513100,peripheral,0,27,0.1839,"смешанные признаки: плательщиков 1, получателей 1, поток 265 000 KZT",3,false,false,fast_transit|mixed_signals|cycle,1,1,235000,30000,2,1,0.1277,1,1,0.0011367,1.07573e-14,2.17497e-16,0
100000004750897100,peripheral,0,2,0.194,"ниже порога конечного получателя: плательщиков 1 (нужно ≥ 2), получено 10 000 KZT (нужно ≥ 200 000 KZT)",3,false,false,,1,0,10000,0,1,0,0,7,0,0.000486812,0,0,0
100000001140785100,terminal,0.0361,0,0.2375,получено: 215 000 KZT; плательщиков: 2; исходящих: 0,3,false,false,,2,0,215000,0,2,0,0,8,0,0.000313619,0,7.52898e-7,0
100000002821425100,terminal,0.1579,5,0.1961,получено: 275 000 KZT; плательщиков: 1; исходящих: 0,3,false,false,,1,0,275000,0,1,0,0,2,0,0.000297042,0,3.79414e-7,0
100000003221510100,peripheral,0,6,0.2177,"смешанные признаки: плательщиков 1, получателей 2, поток 144 000 KZT",3,false,false,mixed_signals,1,2,24000,120000,1,3,5,7,0,0.00028538,0,0.00290578,0.0000384405
100000003031003100,consolidator,0.8182,0,0.4398,"плательщиков: 3, прямых seed: 0; дальше: 0% входящего",3,false,false,,3,0,280090,0,3,0,0,9,0,0.000309791,0,0.00000619092,0
100000003060187100,peripheral,0,14,0.2139,"ниже порога конечного получателя: плательщиков 1 (нужно ≥ 2), получено 93 046 KZT (нужно ≥ 200 000 KZT)",3,false,false,,1,0,93046,0,1,0,0,7,0,0.000299837,0,0.0000844807,0
100000008718811100,peripheral,0,18,0.1488,"ниже порога конечного получателя: плательщиков 1 (нужно ≥ 2), получено 73 300 KZT (нужно ≥ 200 000 KZT)",3,false,false,,1,0,73300,0,1,0,0,1,0,0.000295394,0,9.97519e-12,0
100000008043184100,peripheral,0,21,0.2044,"ниже порога конечного получателя: плательщиков 1 (нужно ≥ 2), получено 50 564 KZT (нужно ≥ 200 000 KZT)",3,false,false,,1,0,50564,0,1,0,0,7,0,0.000291938,0,0.000233345,0
100000002530224100,peripheral,0,0,0.2344,"ниже порога конечного получателя: плательщиков 1 (нужно ≥ 2), получено 113 000 KZT (нужно ≥ 200 000 KZT)",3,false,false,,1,0,113000,0,1,0,0,9,0,0.00028982,0,0.00000322073,0
100000008754608100,peripheral,0,18,0.1276,"ниже порога конечного получателя: плательщиков 1 (нужно ≥ 2), получено 12 300 KZT (нужно ≥ 200 000 KZT)",3,false,false,,1,0,12300,0,1,0,0,1,0,0.000285943,0,9.97519e-12,0
100000006989232100,peripheral,0,9,0.1946,"ниже порога конечного получателя: плательщиков 1 (нужно ≥ 2), получено 22 194 KZT (нужно ≥ 200 000 KZT)",3,false,false,,1,0,22194,0,1,0,0,7,0,0.000285991,0,0.00113194,0
100000006532229100,peripheral,0,0,0.2237,"ниже порога конечного получателя: плательщиков 1 (нужно ≥ 2), получено 105 000 KZT (нужно ≥ 200 000 KZT)",3,false,false,,1,0,105000,0,1,0,0,8,0,0.000299004,0,2.61257e-7,0
100000005661829100,transit,0.8994,14,0.3915,передаёт 107% входящего; 84% исходящих — за 2 дня,3,false,false,fast_transit,1,2,37790,40362,1,4,1.0681,7,0.8372,0.000290454,0.000115228,0.0000844807,0.00000222921
100000004553349100,peripheral,0,4,0.1846,"ниже порога конечного получателя: плательщиков 1 (нужно ≥ 2), получено 7 755 KZT (нужно ≥ 200 000 KZT)",3,false,false,,1,0,7755,0,1,0,0,7,0,0.000298396,0,0.000106942,0
100000002945626100,consolidator,0.8182,0,0.4491,"плательщиков: 3, прямых seed: 0; дальше: 0% входящего",3,false,false,,3,0,584000,0,3,0,0,9,0,0.000335877,0,0.00000485279,0
100000008775471100,terminal,0.4872,0,0.3122,получено: 580 000 KZT; плательщиков: 1; исходящих: 0,3,false,false,,1,0,580000,0,2,0,0,8,0,0.000356366,0,0.00000129028,0
100000000404740100,peripheral,0.2,33,0.172,"обход остановлен на 4-м колене; входящих 1, достижим от seed: 7",4,false,true,truncated,1,0,25000,0,1,0,0,7,0,0.000554596,0,0,0
100000004268036100,peripheral,0.2,5,0.1004,"обход остановлен на 4-м колене; входящих 1, достижим от seed: 1",4,false,true,truncated,1,0,5500,0,1,0,0,1,0,0.000286961,0,0.00000368738,0
100000001256409100,peripheral,0.2,12,0.1094,"обход остановлен на 4-м колене; входящих 1, достижим от seed: 1",4,false,true,truncated,1,0,8000,0,1,0,0,1,0,0.000543889,0,0,0
100000005360814100,peripheral,0.2,0,0.1875,"обход остановлен на 4-м колене; входящих 1, достижим от seed: 7",4,false,true,truncated,1,0,144000,0,3,0,0,7,0,0.000431169,0,0.00000172121,0
100000002369454100,peripheral,0.2,13,0.1694,"обход остановлен на 4-м колене; входящих 1, достижим от seed: 7",4,false,true,truncated,1,0,25000,0,1,0,0,7,0,0.000426348,0,0,0
100000004272302100,peripheral,0.2,4,0.1592,"обход остановлен на 4-м колене; входящих 1, достижим от seed: 7",4,false,true,truncated,1,0,10000,0,1,0,0,7,0,0.000286188,0,0,0
100000008727982100,peripheral,0.2,19,0.1219,"обход остановлен на 4-м колене; входящих 1, достижим от seed: 1",4,false,true,truncated,1,0,30000,0,2,0,0,1,0,0.0005127,0,0,0
100000000600707100,peripheral,0.2,30,0.1365,"обход остановлен на 4-м колене; входящих 1, достижим от seed: 1",4,false,true,truncated,1,0,89000,0,2,0,0,1,0,0.000566529,0,0,0
100000004500781100,peripheral,0.2,8,0.1853,"обход остановлен на 4-м колене; входящих 1, достижим от seed: 7",4,false,true,truncated,1,0,74000,0,5,0,0,7,0,0.000676681,0,0,0
100000008703533100,peripheral,0.2,0,0.1867,"обход остановлен на 4-м колене; входящих 1, достижим от seed: 8",4,false,true,truncated,1,0,75000,0,1,0,0,8,0,0.00029393,0,4.91641e-7,0
100000004549591100,peripheral,0.2,49,0.1764,"обход остановлен на 4-м колене; входящих 1, достижим от seed: 7",4,false,true,truncated,1,0,49000,0,1,0,0,7,0,0.000441634,0,0,0
100000002700161100,peripheral,0.2,7,0.2107,"обход остановлен на 4-м колене; входящих 1, достижим от seed: 10",4,false,true,truncated,1,0,39000,0,1,0,0,10,0,0.000896227,0,0,0
100000003134550100,peripheral,0.2,0,0.1896,"обход остановлен на 4-м колене; входящих 1, достижим от seed: 8",4,false,true,truncated,1,0,100000,0,1,0,0,8,0,0.000297227,0,4.91641e-7,0
100000001957974100,peripheral,0.2,8,0.1972,"обход остановлен на 4-м колене; входящих 1, достижим от seed: 7",4,false,true,truncated|depth_outlier,1,0,500000,0,1,0,0,7,0,0.000318407,0,5.92046e-8,0
100000001246806100,peripheral,0.2,0,0.2054,"обход остановлен на 4-м колене; входящих 1, достижим от seed: 9",4,false,true,truncated,1,0,130000,0,1,0,0,9,0,0.000529823,0,0,0
100000003622955100,peripheral,0.2,4,0.2181,"обход остановлен на 4-м колене; входящих 1, достижим от seed: 11",4,false,true,truncated,1,0,15000,0,1,0,0,11,0,0.00132035,0,0,0
100000003692843100,peripheral,0.2,2,0.205,"обход остановлен на 4-м колене; входящих 1, достижим от seed: 7",4,false,true,truncated|depth_outlier,1,0,510000,0,2,0,0,7,0,0.000526321,0,0,0
100000008629504100,peripheral,0.2,9,0.1646,"обход остановлен на 4-м колене; входящих 1, достижим от seed: 7",4,false,true,truncated,1,0,20000,0,1,0,0,7,0,0.000300371,0,0.00000683794,0
100000005621418100,peripheral,0.2,20,0.1688,"обход остановлен на 4-м колене; входящих 1, достижим от seed: 7",4,false,true,truncated,1,0,30000,0,1,0,0,7,0,0.000306101,0,4.03378e-8,0
100000004167082100,peripheral,0.2,4,0.164,"обход остановлен на 4-м колене; входящих 1, достижим от seed: 7",4,false,true,truncated,1,0,13300,0,1,0,0,7,0,0.000382725,0,0,0
100000004379306100,peripheral,0.2,13,0.1663,"обход остановлен на 4-м колене; входящих 1, достижим от seed: 7",4,false,true,truncated,1,0,15000,0,1,0,0,7,0,0.000528901,0,0,0
100000004856746100,peripheral,0.2,23,0.1646,"обход остановлен на 4-м колене; входящих 1, достижим от seed: 7",4,false,true,truncated,1,0,20000,0,1,0,0,7,0,0.00029838,0,1.46838e-7,0
100000004891562100,peripheral,0.2,5,0.1308,"обход остановлен на 4-м колене; входящих 1, достижим от seed: 1",4,false,true,truncated,1,0,103400,0,1,0,0,1,0,0.000339007,0,0.00000368738,0
100000007042175100,peripheral,0.2,6,0.1807,"обход остановлен на 4-м колене; входящих 1, достижим от seed: 7",4,false,true,truncated,1,0,60000,0,1,0,0,7,0,0.000530841,0,0,0
100000002670463100,peripheral,0.2,5,0.1182,"обход остановлен на 4-м колене; входящих 1, достижим от seed: 1",4,false,true,truncated,1,0,31500,0,1,0,0,1,0,0.000300783,0,0.00000368738,0
100000005567828100,peripheral,0.2,10,0.1834,"обход остановлен на 4-м колене; входящих 1, достижим от seed: 7",4,false,true,truncated,1,0,94000,0,1,0,0,7,0,0.000318957,0,0.00000275827,0
100000004200745100,peripheral,0.2,25,0.2079,"обход остановлен на 4-м колене; входящих 1, достижим от seed: 9",4,false,true,truncated,1,0,130000,0,4,0,0,9,0,0.000597167,0,0,0
100000003989033100,peripheral,0.2,10,0.1518,"обход остановлен на 4-м колене; входящих 1, достижим от seed: 1",4,false,true,truncated,1,0,373400,0,13,0,0,1,0,0.000595228,0,0,0
100000005146665100,peripheral,0.2,8,0.1514,"обход остановлен на 4-м колене; входящих 1, достижим от seed: 7",4,false,true,truncated,1,0,5500,0,1,0,0,7,0,0.000284916,0,0,0
100000003096787100,peripheral,0.2,10,0.1654,"обход остановлен на 4-м колене; входящих 1, достижим от seed: 7",4,false,true,truncated,1,0,16400,0,1,0,0,7,0,0.00029013,0,0.00000275827,0
100000003074515100,peripheral,0.2,0,0.1901,"обход остановлен на 4-м колене; входящих 1, достижим от seed: 8",4,false,true,truncated,1,0,105000,0,1,0,0,8,0,0.000297755,0,0.00000127615,0
100000004377043100,peripheral,0.2,23,0.1533,"обход остановлен на 4-м колене; входящих 1, достижим от seed: 7",4,false,true,truncated,1,0,5700,0,1,0,0,7,0,0.000361398,0,4.53438e-313,0
100000008680061100,peripheral,0.2,6,0.1725,"обход остановлен на 4-м колене; входящих 1, достижим от seed: 7",4,false,true,truncated,1,0,41300,0,2,0,0,7,0,0.000308957,0,0.0000483748,0
100000008471634100,peripheral,0.2,33,0.181,"обход остановлен на 4-м колене; входящих 1, достижим от seed: 7",4,false,true,truncated,1,0,20000,0,1,0,0,7,0,0.00111606,0,0,0
100000002119762100,peripheral,0.2,1,0.1827,"обход остановлен на 4-м колене; входящих 1, достижим от seed: 7",4,false,true,truncated,1,0,77000,0,6,0,0,7,0,0.000526398,0,0,0
100000008628818100,peripheral,0.2,10,0.176,"обход остановлен на 4-м колене; входящих 1, достижим от seed: 7",4,false,true,truncated,1,0,46310,0,1,0,0,7,0,0.000301241,0,0.00000275827,0
100000007510567100,peripheral,0.2,10,0.1772,"обход остановлен на 4-м колене; входящих 1, достижим от seed: 7",4,false,true,truncated,1,0,52000,0,1,0,0,7,0,0.000303355,0,0.00000275827,0
100000004780327100,peripheral,0.2,5,0.1083,"обход остановлен на 4-м колене; входящих 1, достижим от seed: 1",4,false,true,truncated,1,0,12000,0,1,0,0,1,0,0.000290417,0,0.00000368738,0
100000008376785100,peripheral,0.2,1,0.1938,"обход остановлен на 4-м колене; входящих 1, достижим от seed: 7",4,false,true,truncated,1,0,234250,0,2,0,0,7,0,0.000528657,0,0,0
100000005745873100,peripheral,0.2,6,0.1895,"обход остановлен на 4-м колене; входящих 1, достижим от seed: 7",4,false,true,truncated,1,0,223000,0,1,0,0,7,0,0.000314588,0,1.10939e-311,0
100000002594214100,peripheral,0.2,1,0.2051,"обход остановлен на 4-м колене; входящих 1, достижим от seed: 7",4,false,true,truncated|depth_outlier,1,0,1000000,0,1,0,0,7,0,0.000364987,0,1.10939e-311,0
100000001299323100,peripheral,0.2,0,0.1905,"обход остановлен на 4-м колене; входящих 1, достижим от seed: 8",4,false,true,truncated,1,0,109000,0,1,0,0,8,0,0.000298278,0,0.00000127615,0
100000003838587100,peripheral,0.2,8,0.1576,"обход остановлен на 4-м колене; входящих 1, достижим от seed: 7",4,false,true,truncated,1,0,6000,0,1,0,0,7,0,0.000551806,0,0,0
100000000673915100,peripheral,0.2,1,0.1644,"обход остановлен на 4-м колене; входящих 1, достижим от seed: 7",4,false,true,truncated,1,0,20200,0,1,0,0,7,0,0.000286031,0,4.40237e-296,0
100000003061115100,peripheral,0.2,9,0.1774,"обход остановлен на 4-м колене; входящих 1, достижим от seed: 7",4,false,true,truncated,1,0,45000,0,1,0,0,7,0,0.000530734,0,0,0
100000004326224100,peripheral,0.2,1,0.1803,"обход остановлен на 4-м колене; входящих 1, достижим от seed: 7",4,false,true,truncated,1,0,60000,0,1,0,0,7,0,0.000531697,0,0,0
100000004988240100,peripheral,0.2,6,0.1696,"обход остановлен на 4-м колене; входящих 1, достижим от seed: 7",4,false,true,truncated,1,0,20000,0,1,0,0,7,0,0.000526799,0,0,0
100000008525136100,peripheral,0.2,4,0.1627,"обход остановлен на 4-м колене; входящих 1, достижим от seed: 7",4,false,true,truncated,1,0,14100,0,1,0,0,7,0,0.000286969,0,0.0000917099,0
100000001991973100,peripheral,0.2,5,0.1139,"обход остановлен на 4-м колене; входящих 1, достижим от seed: 1",4,false,true,truncated,1,0,20800,0,1,0,0,1,0,0.000295095,0,0.00000368738,0
100000004569637100,peripheral,0.2,13,0.1567,"обход остановлен на 4-м колене; входящих 1, достижим от seed: 7",4,false,true,truncated,1,0,5500,0,1,0,0,7,0,0.000549807,0,0,0
100000008675322100,peripheral,0.2,1,0.1933,"обход остановлен на 4-м колене; входящих 1, достижим от seed: 7",4,false,true,truncated,1,0,340000,0,4,0,0,7,0,0.0003176,0,4.40237e-296,0
100000004235471100,peripheral,0.2,1,0.1875,"обход остановлен на 4-м колене; входящих 1, достижим от seed: 7",4,false,true,truncated,1,0,180000,0,1,0,0,7,0,0.000346662,0,0,0
100000003194831100,peripheral,0.2,10,0.1047,"обход остановлен на 4-м колене; входящих 1, достижим от seed: 1",4,false,true,truncated,1,0,6265,0,1,0,0,1,0,0.000289259,0,0,0
100000008588665100,peripheral,0.2,9,0.1679,"обход остановлен на 4-м колене; входящих 1, достижим от seed: 7",4,false,true,truncated,1,0,25000,0,1,0,0,7,0,0.000350467,0,5.04731e-7,0
100000003230329100,peripheral,0.2,0,0.1906,"обход остановлен на 4-м колене; входящих 1, достижим от seed: 8",4,false,true,truncated,1,0,110000,0,1,0,0,8,0,0.000298409,0,0.00000127615,0
100000002217806100,peripheral,0.2,49,0.178,"обход остановлен на 4-м колене; входящих 1, достижим от seed: 7",4,false,true,truncated,1,0,55000,0,2,0,0,7,0,0.000460932,0,0,0
100000004041294100,peripheral,0.2,33,0.1634,"обход остановлен на 4-м колене; входящих 1, достижим от seed: 7",4,false,true,truncated,1,0,17800,0,2,0,0,7,0,0.000299221,0,2.06571e-8,0
100000008583971100,peripheral,0.4,9,0.1745,"обход остановлен на 4-м колене; входящих 2, достижим от seed: 7",4,false,true,truncated,2,0,51000,0,2,0,0,7,0,0.000327895,0,0.0000383229,0
100000008251939100,peripheral,0.2,10,0.1755,"обход остановлен на 4-м колене; входящих 1, достижим от seed: 7",4,false,true,truncated,1,0,44360,0,1,0,0,7,0,0.000300516,0,0.00000275827,0
100000004049912100,peripheral,0.2,14,0.1599,"обход остановлен на 4-м колене; входящих 1, достижим от seed: 7",4,false,true,truncated,1,0,10000,0,1,0,0,7,0,0.000322766,0,0,0
100000002227960100,peripheral,0.2,17,0.1576,"обход остановлен на 4-м колене; входящих 1, достижим от seed: 7",4,false,true,truncated,1,0,10000,0,1,0,0,7,0,0.000297795,0,4.40237e-296,0
100000008677368100,peripheral,0.2,14,0.1671,"обход остановлен на 4-м колене; входящих 1, достижим от seed: 7",4,false,true,truncated,1,0,13500,0,1,0,0,7,0,0.000530863,0,0,0
100000008631800100,peripheral,0.2,5,0.109,"обход остановлен на 4-м колене; входящих 1, достижим от seed: 1",4,false,true,truncated,1,0,12850,0,1,0,0,1,0,0.000290869,0,0.00000368738,0
100000003220685100,peripheral,0.2,1,0.2111,"обход остановлен на 4-м колене; входящих 1, достижим от seed: 7",4,false,true,truncated|depth_outlier,1,0,1306000,0,2,0,0,7,0,0.00053439,0,0,0
100000003072205100,peripheral,0.4,0,0.1949,"обход остановлен на 4-м колене; входящих 2, достижим от seed: 8",4,false,true,truncated,2,0,163000,0,2,0,0,8,0,0.000317227,0,3.61867e-7,0
100000001202637100,peripheral,0.2,11,0.1811,"обход остановлен на 4-м колене; входящих 1, достижим от seed: 9",4,false,true,truncated,1,0,10000,0,1,0,0,9,0,0.000545481,0,0,0
100000002835874100,peripheral,0.2,0,0.1842,"обход остановлен на 4-м колене; входящих 1, достижим от seed: 8",4,false,true,truncated,1,0,58700,0,1,0,0,8,0,0.000291706,0,0.00000127615,0
100000002707106100,peripheral,0.2,8,0.1614,"обход остановлен на 4-м колене; входящих 1, достижим от seed: 7",4,false,true,truncated,1,0,15000,0,2,0,0,7,0,0.000285068,0,5.92046e-8,0
100000008343415100,peripheral,0.2,12,0.1834,"обход остановлен на 4-м колене; входящих 1, достижим от seed: 7",4,false,true,truncated,1,0,100000,0,3,0,0,7,0,0.000431467,0,0,0
100000004981068100,peripheral,0.2,13,0.1592,"обход остановлен на 4-м колене; входящих 1, достижим от seed: 7",4,false,true,truncated,1,0,10000,0,1,0,0,7,0,0.000376672,0,6.34214e-8,0
100000004241142100,peripheral,0.2,6,0.1727,"обход остановлен на 4-м колене; входящих 1, достижим от seed: 7",4,false,true,truncated,1,0,27102,0,1,0,0,7,0,0.000527003,0,0,0
100000008190411100,peripheral,0.2,29,0.19,"обход остановлен на 4-м колене; входящих 1, достижим от seed: 7",4,false,true,truncated,1,0,198450,0,12,0,0,7,0,0.000421697,0,1.40754e-8,0
100000008699083100,peripheral,0.2,0,0.1985,"обход остановлен на 4-м колене; входящих 1, достижим от seed: 8",4,false,true,truncated,1,0,238500,0,1,0,0,8,0,0.000304734,0,2.11917e-7,0
100000008136608100,peripheral,0.2,10,0.1942,"обход остановлен на 4-м колене; входящих 1, достижим от seed: 7",4,false,true,truncated,1,0,170000,0,1,0,0,7,0,0.000560957,0,0,0
100000008695157100,peripheral,0.2,12,0.1991,"обход остановлен на 4-м колене; входящих 1, достижим от seed: 7",4,false,true,truncated,1,0,425546,0,3,0,0,7,0,0.000494567,0,3.17845e-9,0
100000000369781100,peripheral,0.2,1,0.1554,"обход остановлен на 4-м колене; входящих 1, достижим от seed: 7",4,false,true,truncated,1,0,5000,0,1,0,0,7,0,0.000529321,0,0,0
100000003133045100,peripheral,0.2,29,0.1775,"обход остановлен на 4-м колене; входящих 1, достижим от seed: 7",4,false,true,truncated,1,0,68000,0,1,0,0,7,0,0.000331207,0,1.40754e-8,0
100000002474570100,peripheral,0.2,5,0.1025,"обход остановлен на 4-м колене; входящих 1, достижим от seed: 1",4,false,true,truncated,1,0,6750,0,1,0,0,1,0,0.000287626,0,0.00000368738,0
100000002514975100,peripheral,0.2,20,0.1681,"обход остановлен на 4-м колене; входящих 1, достижим от seed: 7",4,false,true,truncated,1,0,17920,0,1,0,0,7,0,0.000527898,0,0,0
100000001089055100,peripheral,0.2,21,0.1609,"обход остановлен на 4-м колене; входящих 1, достижим от seed: 7",4,false,true,truncated,1,0,13000,0,1,0,0,7,0,0.000327471,0,0.0000283749,0
100000000608031100,peripheral,0.2,21,0.1734,"обход остановлен на 4-м колене; входящих 1, достижим от seed: 7",4,false,true,truncated,1,0,30000,0,1,0,0,7,0,0.00053543,0,0,0
100000002659103100,peripheral,0.2,4,0.1885,"обход остановлен на 4-м колене; входящих 1, достижим от seed: 7",4,false,true,truncated,1,0,165000,0,1,0,0,7,0,0.000347576,0,7.66111e-7,0
100000000733940100,peripheral,0.2,22,0.2031,"обход остановлен на 4-м колене; входящих 1, достижим от seed: 7",4,false,true,truncated|depth_outlier,1,0,752000,0,2,0,0,7,0,0.000408736,0,0,0
100000001537524100,peripheral,0.2,0,0.1937,"обход остановлен на 4-м колене; входящих 1, достижим от seed: 8",4,false,true,truncated,1,0,150000,0,1,0,0,8,0,0.000297054,0,2.11917e-7,0
100000002971593100,peripheral,0.2,1,0.1782,"обход остановлен на 4-м колене; входящих 1, достижим от seed: 7",4,false,true,truncated,1,0,49050,0,1,0,0,7,0,0.000527245,0,0,0
100000006918814100,peripheral,0.2,4,0.1665,"обход остановлен на 4-м колене; входящих 1, достижим от seed: 7",4,false,true,truncated,1,0,20000,0,2,0,0,7,0,0.000302673,0,0.0000507852,0
100000007381662100,peripheral,0.2,14,0.1603,"обход остановлен на 4-м колене; входящих 1, достижим от seed: 7",4,false,true,truncated,1,0,11000,0,1,0,0,7,0,0.000295228,0,0.000031485,0
100000003199390100,peripheral,0.2,1,0.1918,"обход остановлен на 4-м колене; входящих 1, достижим от seed: 7",4,false,true,truncated,1,0,260000,0,1,0,0,7,0,0.000374495,0,0,0
100000007749747100,peripheral,0.2,0,0.1856,"обход остановлен на 4-м колене; входящих 1, достижим от seed: 8",4,false,true,truncated,1,0,50000,0,1,0,0,8,0,0.000441083,0,0,0
100000003447411100,peripheral,0.2,13,0.1919,"обход остановлен на 4-м колене; входящих 1, достижим от seed: 7",4,false,true,truncated,1,0,302000,0,3,0,0,7,0,0.00030415,0,0.000113657,0
100000000500040100,peripheral,0.2,14,0.1665,"обход остановлен на 4-м колене; входящих 1, достижим от seed: 7",4,false,true,truncated,1,0,20000,0,1,0,0,7,0,0.000304384,0,0.000031485,0
100000008551752100,peripheral,0.2,6,0.196,"обход остановлен на 4-м колене; входящих 1, достижим от seed: 7",4,false,true,truncated,1,0,406000,0,2,0,0,7,0,0.00033966,0,1.10939e-311,0
100000002876914100,peripheral,0.2,5,0.1083,"обход остановлен на 4-м колене; входящих 1, достижим от seed: 1",4,false,true,truncated,1,0,12000,0,1,0,0,1,0,0.000290417,0,0.00000368738,0
100000004571634100,peripheral,0.2,4,0.1764,"обход остановлен на 4-м колене; входящих 1, достижим от seed: 8",4,false,true,truncated,1,0,20000,0,1,0,0,8,0,0.000371999,0,0,0
100000004610802100,peripheral,0.2,4,0.1948,"обход остановлен на 4-м колене; входящих 1, достижим от seed: 7",4,false,true,truncated,1,0,241000,0,18,0,0,7,0,0.00047116,0,0,0
100000001311175100,peripheral,0.2,5,0.1538,"обход остановлен на 4-м колене; входящих 1, достижим от seed: 2",4,false,true,truncated,1,0,300000,0,1,0,0,2,0,0.000528336,0,0,0
100000008740295100,peripheral,0.2,0,0.2011,"обход остановлен на 4-м колене; входящих 1, достижим от seed: 8",4,false,true,truncated,1,0,300000,0,1,0,0,8,0,0.000323232,0,0.00000127615,0
100000002596039100,peripheral,0.2,13,0.1911,"обход остановлен на 4-м колене; входящих 1, достижим от seed: 7",4,false,true,truncated,1,0,280000,0,1,0,0,7,0,0.000302685,0,0.000113657,0
100000002126791100,peripheral,0.2,0,0.2293,"обход остановлен на 4-м колене; входящих 1, достижим от seed: 9",4,false,true,truncated|depth_outlier,1,0,1313000,0,3,0,0,9,0,0.000568334,0,0,0
100000005783452100,peripheral,0.4,0,0.2005,"обход остановлен на 4-м колене; входящих 2, достижим от seed: 8",4,false,true,truncated,2,0,286500,0,2,0,0,8,0,0.000312694,0,0.00000148807,0
100000006693788100,peripheral,0.2,9,0.163,"обход остановлен на 4-м колене; входящих 1, достижим от seed: 7",4,false,true,truncated,1,0,10764,0,1,0,0,7,0,0.000528945,0,0,0
100000002832753100,peripheral,0.2,2,0.1724,"обход остановлен на 4-м колене; входящих 1, достижим от seed: 7",4,false,true,truncated,1,0,12500,0,1,0,0,7,0,0.000749535,0,0,0
100000002981489100,peripheral,0.2,1,0.1574,"обход остановлен на 4-м колене; входящих 1, достижим от seed: 7",4,false,true,truncated,1,0,10000,0,1,0,0,7,0,0.000286781,0,1.10939e-311,0
100000003084870100,peripheral,0.2,5,0.1117,"обход остановлен на 4-м колене; входящих 1, достижим от seed: 2",4,false,true,truncated,1,0,6500,0,1,0,0,2,0,0.00034325,0,0,0
100000002791494100,peripheral,0.2,10,0.1824,"обход остановлен на 4-м колене; входящих 1, достижим от seed: 7",4,false,true,truncated,1,0,85860,0,1,0,0,7,0,0.000315933,0,0.00000275827,0
100000003345947100,peripheral,0.2,12,0.1823,"обход остановлен на 4-м колене; входящих 1, достижим от seed: 7",4,false,true,truncated,1,0,79500,0,6,0,0,7,0,0.000491826,0,0,0
100000002733083100,peripheral,0.2,10,0.1646,"обход остановлен на 4-м колене; входящих 1, достижим от seed: 7",4,false,true,truncated,1,0,15200,0,1,0,0,7,0,0.000289684,0,0.00000275827,0
100000003247600100,peripheral,0.2,4,0.1879,"обход остановлен на 4-м колене; входящих 1, достижим от seed: 7",4,false,true,truncated,1,0,58000,0,1,0,0,7,0,0.000835377,0,0,0
100000001378288100,peripheral,0.2,12,0.195,"обход остановлен на 4-м колене; входящих 1, достижим от seed: 7",4,false,true,truncated,1,0,268000,0,3,0,0,7,0,0.000520299,0,0,0
100000002305477100,peripheral,0.2,17,0.1648,"обход остановлен на 4-м колене; входящих 1, достижим от seed: 7",4,false,true,truncated,1,0,20000,0,1,0,0,7,0,0.000311552,0,4.40237e-296,0
100000006638021100,peripheral,0.4,0,0.2166,"обход остановлен на 4-м колене; входящих 2, достижим от seed: 9",4,false,true,truncated,2,0,388500,0,2,0,0,9,0,0.000541255,0,0,0
100000008517061100,peripheral,0.2,8,0.2121,"обход остановлен на 4-м колене; входящих 1, достижим от seed: 7",4,false,true,truncated|depth_outlier,1,0,1844000,0,4,0,0,7,0,0.000410794,0,5.92046e-8,0
100000005910895100,peripheral,0.2,16,0.1699,"обход остановлен на 4-м колене; входящих 1, достижим от seed: 8",4,false,true,truncated,1,0,5100,0,1,0,0,8,0,0.000593908,0,0,0
100000002723439100,peripheral,0.2,16,0.1816,"обход остановлен на 4-м колене; входящих 1, достижим от seed: 8",4,false,true,truncated,1,0,18000,0,2,0,0,8,0,0.000549524,0,0,0
100000002320495100,peripheral,0.2,6,0.1658,"обход остановлен на 4-м колене; входящих 1, достижим от seed: 7",4,false,true,truncated,1,0,13526.27,0,1,0,0,7,0,0.000532243,0,0,0
100000002229615100,peripheral,0.2,17,0.1752,"обход остановлен на 4-м колене; входящих 1, достижим от seed: 7",4,false,true,truncated,1,0,25000,0,1,0,0,7,0,0.000713773,0,0,0
100000008327791100,peripheral,0.2,21,0.1633,"обход остановлен на 4-м колене; входящих 1, достижим от seed: 7",4,false,true,truncated,1,0,11000,0,1,0,0,7,0,0.000533579,0,0,0
100000002208836100,peripheral,0.2,1,0.1802,"обход остановлен на 4-м колене; входящих 1, достижим от seed: 7",4,false,true,truncated,1,0,90000,0,1,0,0,7,0,0.000327986,0,0,0
100000001724740100,peripheral,0.2,0,0.209,"обход остановлен на 4-м колене; входящих 1, достижим от seed: 9",4,false,true,truncated,1,0,185000,0,4,0,0,9,0,0.000533298,0,0,0
100000004386286100,peripheral,0.2,25,0.1844,"обход остановлен на 4-м колене; входящих 1, достижим от seed: 9",4,false,true,truncated,1,0,12500,0,1,0,0,9,0,0.000593324,0,0,0
100000001714883100,peripheral,0.2,5,0.1027,"обход остановлен на 4-м колене; входящих 1, достижим от seed: 1",4,false,true,truncated,1,0,6900,0,1,0,0,1,0,0.000287705,0,0.00000368738,0
100000008337304100,peripheral,0.2,13,0.1823,"обход остановлен на 4-м колене; входящих 1, достижим от seed: 7",4,false,true,truncated,1,0,105465,0,2,0,0,7,0,0.000352277,0,0,0
100000000655469100,peripheral,0.2,17,0.1655,"обход остановлен на 4-м колене; входящих 1, достижим от seed: 7",4,false,true,truncated,1,0,20000,0,2,0,0,7,0,0.00034347,0,3.94272e-310,0
100000008722541100,peripheral,0.2,1,0.1926,"обход остановлен на 4-м колене; входящих 1, достижим от seed: 7",4,false,true,truncated,1,0,280000,0,4,0,0,7,0,0.000381454,0,0,0
100000004222274100,peripheral,0.2,6,0.1674,"обход остановлен на 4-м колене; входящих 1, достижим от seed: 7",4,false,true,truncated,1,0,15500,0,1,0,0,7,0,0.000542149,0,0,0
100000006232642100,peripheral,0.2,15,0.2071,"обход остановлен на 4-м колене; входящих 1, достижим от seed: 7",4,false,true,truncated,1,0,456000,0,4,0,0,7,0,0.000425287,0,0.00000120724,0
100000004066370100,peripheral,0.2,30,0.1337,"обход остановлен на 4-м колене; входящих 1, достижим от seed: 1",4,false,true,truncated,1,0,65000,0,2,0,0,1,0,0.000585574,0,0,0
100000005685783100,peripheral,0.2,59,0.1209,"обход остановлен на 4-м колене; входящих 1, достижим от seed: 1",4,false,true,truncated,1,0,26150,0,1,0,0,1,0,0.000528913,0,0,0
100000006171671100,peripheral,0.2,6,0.1627,"обход остановлен на 4-м колене; входящих 1, достижим от seed: 7",4,false,true,truncated,1,0,10000,0,1,0,0,7,0,0.000525944,0,0,0
100000003481025100,peripheral,0.2,6,0.1617,"обход остановлен на 4-м колене; входящих 1, достижим от seed: 7",4,false,true,truncated,1,0,9000,0,1,0,0,7,0,0.000527887,0,0,0
100000003646145100,peripheral,0.2,30,0.1688,"обход остановлен на 4-м колене; входящих 1, достижим от seed: 8",4,false,true,truncated,1,0,5000,0,1,0,0,8,0,0.000648533,0,5.43628e-294,0
100000002659265100,peripheral,0.2,0,0.1935,"обход остановлен на 4-м колене; входящих 1, достижим от seed: 8",4,false,true,truncated,1,0,141000,0,1,0,0,8,0,0.000317945,0,3.0907e-8,0
100000003289281100,peripheral,0.2,9,0.1775,"обход остановлен на 4-м колене; входящих 1, достижим от seed: 7",4,false,true,truncated,1,0,40000,0,1,0,0,7,0,0.000594077,0,0,0
100000004840086100,peripheral,0.2,9,0.1855,"обход остановлен на 4-м колене; входящих 1, достижим от seed: 7",4,false,true,truncated,1,0,100000,0,2,0,0,7,0,0.000535942,0,0,0
100000008554390100,peripheral,0.2,5,0.1099,"обход остановлен на 4-м колене; входящих 1, достижим от seed: 1",4,false,true,truncated,1,0,14000,0,1,0,0,1,0,0.00029148,0,0.00000368738,0
100000004691350100,peripheral,0.2,6,0.1727,"обход остановлен на 4-м колене; входящих 1, достижим от seed: 7",4,false,true,truncated,1,0,13300,0,1,0,0,7,0,0.000880455,0,0,0
100000004652395100,consolidator,0.5,4,0.2843,"обход остановлен на 4-м колене; входящих 3, достижим от seed: 7",4,false,true,truncated|sync_inflow,3,0,101528,0,5,0,0,7,0,0.000333836,0,0.000170222,0
100000004979264100,peripheral,0.2,0,0.1827,"обход остановлен на 4-м колене; входящих 1, достижим от seed: 8",4,false,true,truncated,1,0,39800,0,1,0,0,8,0,0.000409046,0,0,0
100000008074304100,peripheral,0.2,1,0.1523,"обход остановлен на 4-м колене; входящих 1, достижим от seed: 7",4,false,true,truncated,1,0,5500,0,1,0,0,7,0,0.000330578,0,0,0
100000002227989100,peripheral,0.2,17,0.1665,"обход остановлен на 4-м колене; входящих 1, достижим от seed: 7",4,false,true,truncated,1,0,20000,0,1,0,0,7,0,0.000392155,0,2.66516e-310,0
100000003207060100,peripheral,0.2,9,0.1769,"обход остановлен на 4-м колене; входящих 1, достижим от seed: 7",4,false,true,truncated,1,0,53000,0,1,0,0,7,0,0.000424868,0,5.04731e-7,0
100000004601193100,peripheral,0.2,4,0.1953,"обход остановлен на 4-м колене; входящих 1, достижим от seed: 8",4,false,true,truncated,1,0,84000,0,3,0,0,8,0,0.000599632,0,0,0
100000004991593100,peripheral,0.2,4,0.1756,"обход остановлен на 4-м колене; входящих 1, достижим от seed: 7",4,false,true,truncated,1,0,45000,0,2,0,0,7,0,0.000352905,0,0.000029953,0
100000003128638100,peripheral,0.2,0,0.2018,"обход остановлен на 4-м колене; входящих 1, достижим от seed: 8",4,false,true,truncated,1,0,300000,0,1,0,0,8,0,0.000356181,0,3.0907e-8,0
100000005878334100,peripheral,0.2,12,0.18,"обход остановлен на 4-м колене; входящих 1, достижим от seed: 7",4,false,true,truncated,1,0,76400,0,2,0,0,7,0,0.000396674,0,0,0
100000002878483100,peripheral,0.2,5,0.1013,"обход остановлен на 4-м колене; входящих 1, достижим от seed: 1",4,false,true,truncated,1,0,6000,0,1,0,0,1,0,0.000287227,0,0.00000368738,0
100000000981693100,peripheral,0.2,6,0.1677,"обход остановлен на 4-м колене; входящих 1, достижим от seed: 7",4,false,true,truncated,1,0,16500,0,1,0,0,7,0,0.00052596,0,0,0
100000006416061100,peripheral,0.2,13,0.1713,"обход остановлен на 4-м колене; входящих 1, достижим от seed: 7",4,false,true,truncated,1,0,30000,0,1,0,0,7,0,0.000432321,0,0,0
100000008168850100,peripheral,0.2,1,0.1916,"обход остановлен на 4-м колене; входящих 1, достижим от seed: 7",4,false,true,truncated,1,0,187910,0,2,0,0,7,0,0.000529917,0,0,0
100000004747154100,peripheral,0.2,29,0.1773,"обход остановлен на 4-м колене; входящих 1, достижим от seed: 7",4,false,true,truncated,1,0,67000,0,1,0,0,7,0,0.000330514,0,1.40754e-8,0
100000008524903100,peripheral,0.2,6,0.1628,"обход остановлен на 4-м колене; входящих 1, достижим от seed: 7",4,false,true,truncated,1,0,15000,0,1,0,0,7,0,0.000329939,0,0,0
100000005049404100,peripheral,0.2,1,0.1807,"обход остановлен на 4-м колене; входящих 1, достижим от seed: 7",4,false,true,truncated,1,0,98000,0,2,0,0,7,0,0.000310924,0,1.10939e-311,0
100000002258492100,peripheral,0.2,26,0.2139,"обход остановлен на 4-м колене; входящих 1, достижим от seed: 8",4,false,true,truncated,1,0,9000,0,1,0,0,8,0,0.000536914,0,0,0
100000005497148100,peripheral,0.2,1,0.1702,"обход остановлен на 4-м колене; входящих 1, достижим от seed: 7",4,false,true,truncated,1,0,24000,0,2,0,0,7,0,0.000487124,0,0,0
100000004596284100,peripheral,0.2,2,0.1779,"обход остановлен на 4-м колене; входящих 1, достижим от seed: 7",4,false,true,truncated,1,0,30000,0,1,0,0,7,0,0.000587801,0,0,0
100000007960337100,peripheral,0.2,13,0.1704,"обход остановлен на 4-м колене; входящих 1, достижим от seed: 7",4,false,true,truncated,1,0,35500,0,1,0,0,7,0,0.000301122,0,0,0
100000003180305100,peripheral,0.2,6,0.1893,"обход остановлен на 4-м колене; входящих 1, достижим от seed: 7",4,false,true,truncated,1,0,144000,0,1,0,0,7,0,0.000524836,0,0,0
100000007653094100,peripheral,0.2,15,0.1765,"обход остановлен на 4-м колене; входящих 1, достижим от seed: 7",4,false,true,truncated,1,0,16000,0,1,0,0,7,0,0.00057163,0,0,0
100000008175078100,peripheral,0.2,1,0.2132,"обход остановлен на 4-м колене; входящих 1, достижим от seed: 7",4,false,true,truncated|depth_outlier,1,0,1846711,0,15,0,0,7,0,0.000466336,0,4.40237e-296,0
100000004263867100,peripheral,0.2,5,0.1054,"обход остановлен на 4-м колене; входящих 1, достижим от seed: 1",4,false,true,truncated,1,0,9000,0,1,0,0,1,0,0.000288822,0,0.00000368738,0
100000002194320100,peripheral,0.2,2,0.198,"обход остановлен на 4-м колене; входящих 1, достижим от seed: 7",4,false,true,truncated,1,0,275000,0,1,0,0,7,0,0.000483569,0,0,0
100000001222245100,peripheral,0.2,1,0.2,"обход остановлен на 4-м колене; входящих 1, достижим от seed: 7",4,false,true,truncated,1,0,420000,0,5,0,0,7,0,0.000545838,0,0,0
100000008151098100,peripheral,0.2,20,0.1688,"обход остановлен на 4-м колене; входящих 1, достижим от seed: 7",4,false,true,truncated,1,0,30000,0,1,0,0,7,0,0.000307631,0,0,0
100000008735802100,peripheral,0.2,6,0.1837,"обход остановлен на 4-м колене; входящих 1, достижим от seed: 7",4,false,true,truncated,1,0,85000,0,2,0,0,7,0,0.000505714,0,0,0
100000004047887100,peripheral,0.2,1,0.1684,"обход остановлен на 4-м колене; входящих 1, достижим от seed: 7",4,false,true,truncated,1,0,30000,0,1,0,0,7,0,0.000286466,0,1.10939e-311,0
100000003146511100,peripheral,0.2,4,0.1597,"обход остановлен на 4-м колене; входящих 1, достижим от seed: 7",4,false,true,truncated,1,0,10000,0,1,0,0,7,0,0.000310108,0,0,0
100000007511780100,peripheral,0.2,15,0.1989,"обход остановлен на 4-м колене; входящих 1, достижим от seed: 7",4,false,true,truncated,1,0,155000,0,2,0,0,7,0,0.000556405,0,0.00000191564,0
100000007867364100,peripheral,0.2,14,0.1767,"обход остановлен на 4-м колене; входящих 1, достижим от seed: 7",4,false,true,truncated,1,0,41852,0,1,0,0,7,0,0.000446124,0,0,0
100000006288612100,peripheral,0.2,25,0.1705,"обход остановлен на 4-м колене; входящих 1, достижим от seed: 7",4,false,true,truncated,1,0,30805,0,3,0,0,7,0,0.000296012,0,0.00000236979,0
100000006735545100,peripheral,0.2,4,0.1524,"обход остановлен на 4-м колене; входящих 1, достижим от seed: 7",4,false,true,truncated,1,0,5000,0,1,0,0,7,0,0.000291689,0,0.000029953,0
100000004403641100,peripheral,0.2,0,0.1951,"обход остановлен на 4-м колене; входящих 1, достижим от seed: 8",4,false,true,truncated,1,0,171500,0,1,0,0,8,0,0.00029892,0,2.11917e-7,0
100000003370425100,peripheral,0.2,15,0.1802,"обход остановлен на 4-м колене; входящих 1, достижим от seed: 7",4,false,true,truncated,1,0,20000,0,1,0,0,7,0,0.000643529,0,0,0
100000004350094100,peripheral,0.2,14,0.1782,"обход остановлен на 4-м колене; входящих 1, достижим от seed: 7",4,false,true,truncated,1,0,20000,0,1,0,0,7,0,0.000885857,0,0.00000165617,0
100000004911971100,peripheral,0.2,1,0.17,"обход остановлен на 4-м колене; входящих 1, достижим от seed: 7",4,false,true,truncated,1,0,35000,0,3,0,0,7,0,0.000287492,0,4.40237e-296,0
100000001202787100,peripheral,0.4,4,0.1645,"обход остановлен на 4-м колене; входящих 2, достижим от seed: 7",4,false,true,truncated,2,0,14850,0,2,0,0,7,0,0.000349179,0,0.0000126582,0
100000008469048100,peripheral,0.2,9,0.196,"обход остановлен на 4-м колене; входящих 1, достижим от seed: 7",4,false,true,truncated,1,0,265200,0,7,0,0,7,0,0.000575193,0,0,0
100000002635746100,peripheral,0.2,5,0.1001,"обход остановлен на 4-м колене; входящих 1, достижим от seed: 1",4,false,true,truncated,1,0,5300,0,1,0,0,1,0,0.000286855,0,0.00000368738,0
100000008321975100,peripheral,0.2,17,0.1524,"обход остановлен на 4-м колене; входящих 1, достижим от seed: 7",4,false,true,truncated,1,0,5900,0,1,0,0,7,0,0.00030157,0,3.94272e-310,0
100000003078839100,peripheral,0.2,13,0.1613,"обход остановлен на 4-м колене; входящих 1, достижим от seed: 7",4,false,true,truncated,1,0,14000,0,2,0,0,7,0,0.000313065,0,0,0
100000004006327100,peripheral,0.2,0,0.2057,"обход остановлен на 4-м колене; входящих 1, достижим от seed: 8",4,false,true,truncated,1,0,300000,0,3,0,0,8,0,0.000551933,0,0,0
100000007865484100,peripheral,0.2,6,0.2001,"обход остановлен на 4-м колене; входящих 1, достижим от seed: 7",4,false,true,truncated|depth_outlier,1,0,584600,0,2,0,0,7,0,0.000364128,0,1.10939e-311,0
100000005367180100,peripheral,0.2,13,0.1647,"обход остановлен на 4-м колене; входящих 1, достижим от seed: 7",4,false,true,truncated,1,0,7700,0,1,0,0,7,0,0.0007775,0,0,0
100000001669260100,peripheral,0.2,12,0.151,"обход остановлен на 4-м колене; входящих 1, достижим от seed: 1",4,false,true,truncated|depth_outlier,1,0,500000,0,1,0,0,1,0,0.000556729,0,0,0
100000001297206100,peripheral,0.2,9,0.1537,"обход остановлен на 4-м колене; входящих 1, достижим от seed: 7",4,false,true,truncated,1,0,6758,0,1,0,0,7,0,0.000296892,0,0.00000182172,0
100000002645046100,peripheral,0.2,5,0.1083,"обход остановлен на 4-м колене; входящих 1, достижим от seed: 1",4,false,true,truncated,1,0,12000,0,1,0,0,1,0,0.000290417,0,0.00000368738,0
100000006308406100,peripheral,0.2,17,0.1915,"обход остановлен на 4-м колене; входящих 1, достижим от seed: 7",4,false,true,truncated,1,0,183000,0,2,0,0,7,0,0.000535798,0,4.40237e-296,0
100000002728246100,peripheral,0.2,1,0.1624,"обход остановлен на 4-м колене; входящих 1, достижим от seed: 7",4,false,true,truncated,1,0,10000,0,1,0,0,7,0,0.00053542,0,0,0
100000001590795100,peripheral,0.2,5,0.0996,"обход остановлен на 4-м колене; входящих 1, достижим от seed: 1",4,false,true,truncated,1,0,5060,0,1,0,0,1,0,0.000286727,0,0.00000368738,0
100000006257675100,peripheral,0.2,17,0.1788,"обход остановлен на 4-м колене; входящих 1, достижим от seed: 7",4,false,true,truncated,1,0,70000,0,2,0,0,7,0,0.000380339,0,4.40237e-296,0
100000002130400100,peripheral,0.2,30,0.1096,"обход остановлен на 4-м колене; входящих 1, достижим от seed: 1",4,false,true,truncated,1,0,10000,0,1,0,0,1,0,0.000315778,0,0,0
100000000557536100,peripheral,0.2,1,0.1849,"обход остановлен на 4-м колене; входящих 1, достижим от seed: 7",4,false,true,truncated,1,0,153000,0,7,0,0,7,0,0.000299141,0,4.40237e-296,0
100000002689717100,peripheral,0.2,10,0.1762,"обход остановлен на 4-м колене; входящих 1, достижим от seed: 7",4,false,true,truncated,1,0,47500,0,1,0,0,7,0,0.000301683,0,0.00000275827,0
100000005189258100,peripheral,0.2,6,0.1745,"обход остановлен на 4-м колене; входящих 1, достижим от seed: 7",4,false,true,truncated,1,0,50000,0,1,0,0,7,0,0.000314206,0,0.0000483748,0
100000002748511100,peripheral,0.2,2,0.1734,"обход остановлен на 4-м колене; входящих 1, достижим от seed: 7",4,false,true,truncated,1,0,20000,0,1,0,0,7,0,0.000563363,0,2.11553e-8,0
100000002371892100,peripheral,0.2,2,0.176,"обход остановлен на 4-м колене; входящих 1, достижим от seed: 7",4,false,true,truncated,1,0,43830,0,1,0,0,7,0,0.000304859,0,0,0
100000008130868100,peripheral,0.2,5,0.1179,"обход остановлен на 4-м колене; входящих 1, достижим от seed: 1",4,false,true,truncated,1,0,22782,0,1,0,0,1,0,0.000448978,0,0,0
100000007153161100,peripheral,0.2,6,0.1778,"обход остановлен на 4-м колене; входящих 1, достижим от seed: 7",4,false,true,truncated,1,0,44997,0,1,0,0,7,0,0.000527808,0,0,0
100000002994441100,peripheral,0.2,13,0.1558,"обход остановлен на 4-м колене; входящих 1, достижим от seed: 7",4,false,true,truncated,1,0,5000,0,1,0,0,7,0,0.000549916,0,0,0
100000001065481100,peripheral,0.2,15,0.1737,"обход остановлен на 4-м колене; входящих 1, достижим от seed: 7",4,false,true,truncated,1,0,16000,0,2,0,0,7,0,0.000429736,0,0.00000415309,0
100000007731977100,peripheral,0.2,14,0.1763,"обход остановлен на 4-м колене; входящих 1, достижим от seed: 7",4,false,true,truncated,1,0,50000,0,1,0,0,7,0,0.000334905,0,0.000031485,0
100000003252446100,peripheral,0.2,0,0.1905,"обход остановлен на 4-м колене; входящих 1, достижим от seed: 8",4,false,true,truncated,1,0,108600,0,1,0,0,8,0,0.000298361,0,4.91641e-7,0
100000002671326100,peripheral,0.2,29,0.2108,"обход остановлен на 4-м колене; входящих 1, достижим от seed: 7",4,false,true,truncated|depth_outlier,1,0,1050000,0,2,0,0,7,0,0.000625496,0,0,0
100000005087923100,peripheral,0.2,10,0.1197,"обход остановлен на 4-м колене; входящих 1, достижим от seed: 1",4,false,true,truncated,1,0,20000,0,1,0,0,1,0,0.000457725,0,0,0
100000008770483100,peripheral,0.2,0,0.168,"обход остановлен на 4-м колене; входящих 1, достижим от seed: 9",4,false,true,truncated,1,0,5000,0,1,0,0,9,0,0.000287338,0,0,0
100000002748040100,peripheral,0.2,10,0.1663,"обход остановлен на 4-м колене; входящих 1, достижим от seed: 7",4,false,true,truncated,1,0,18000,0,1,0,0,7,0,0.000290724,0,0.00000275827,0
100000004800648100,peripheral,0.2,25,0.1857,"обход остановлен на 4-м колене; входящих 1, достижим от seed: 7",4,false,true,truncated,1,0,131000,0,1,0,0,7,0,0.00033496,0,0.00000236979,0
100000005025629100,peripheral,0.2,14,0.1532,"обход остановлен на 4-м колене; входящих 1, достижим от seed: 7",4,false,true,truncated,1,0,5227,0,1,0,0,7,0,0.000312429,0,0.0000108234,0
100000000581682100,peripheral,0.2,23,0.1505,"обход остановлен на 4-м колене; входящих 1, достижим от seed: 7",4,false,true,truncated,1,0,5000,0,1,0,0,7,0,0.000289283,0,3.03868e-11,0
100000004976946100,peripheral,0.2,6,0.1905,"обход остановлен на 4-м колене; входящих 1, достижим от seed: 7",4,false,true,truncated,1,0,246000,0,1,0,0,7,0,0.000317739,0,1.10939e-311,0
100000000957746100,peripheral,0.2,21,0.1522,"обход остановлен на 4-м колене; входящих 1, достижим от seed: 7",4,false,true,truncated,1,0,5300,0,1,0,0,7,0,0.000345341,0,0,0
100000003001138100,peripheral,0.2,23,0.169,"обход остановлен на 4-м колене; входящих 1, достижим от seed: 7",4,false,true,truncated,1,0,30000,0,1,0,0,7,0,0.000315511,0,3.03868e-11,0
100000001325618100,peripheral,0.2,5,0.1057,"обход остановлен на 4-м колене; входящих 1, достижим от seed: 1",4,false,true,truncated,1,0,9300,0,1,0,0,1,0,0.000288981,0,0.00000368738,0
100000003792647100,peripheral,0.2,6,0.1579,"обход остановлен на 4-м колене; входящих 1, достижим от seed: 7",4,false,true,truncated,1,0,8000,0,1,0,0,7,0,0.000397835,0,0,0
100000004107228100,peripheral,0.2,13,0.1505,"обход остановлен на 4-м колене; входящих 1, достижим от seed: 7",4,false,true,truncated,1,0,5000,0,1,0,0,7,0,0.000287155,0,0.0000119874,0
100000003500764100,peripheral,0.2,21,0.1697,"обход остановлен на 4-м колене; входящих 1, достижим от seed: 7",4,false,true,truncated,1,0,21000,0,1,0,0,7,0,0.000526937,0,0,0
100000004261340100,peripheral,0.2,4,0.1762,"обход остановлен на 4-м колене; входящих 1, достижим от seed: 7",4,false,true,truncated,1,0,48500,0,4,0,0,7,0,0.000345436,0,0.0000207018,0
100000008172721100,peripheral,0.2,13,0.1878,"обход остановлен на 4-м колене; входящих 1, достижим от seed: 7",4,false,true,truncated,1,0,168335,0,1,0,0,7,0,0.000392957,0,0,0
100000005079473100,peripheral,0.2,0,0.1723,"обход остановлен на 4-м колене; входящих 1, достижим от seed: 7",4,false,true,truncated,1,0,39312,0,1,0,0,7,0,0.000324204,0,0.00000172121,0
100000004850609100,peripheral,0.2,6,0.1584,"обход остановлен на 4-м колене; входящих 1, достижим от seed: 7",4,false,true,truncated,1,0,10000,0,1,0,0,7,0,0.000311317,0,0.00000555394,0
100000005042822100,peripheral,0.2,22,0.2068,"обход остановлен на 4-м колене; входящих 1, достижим от seed: 7",4,false,true,truncated|depth_outlier,1,0,1000000,0,1,0,0,7,0,0.00044986,0,0,0
100000002794374100,peripheral,0.2,0,0.2005,"обход остановлен на 4-м колене; входящих 1, достижим от seed: 9",4,false,true,truncated,1,0,111000,0,1,0,0,9,0,0.00036172,0,0,0
100000002860934100,peripheral,0.2,23,0.1966,"обход остановлен на 4-м колене; входящих 1, достижим от seed: 7",4,false,true,truncated,1,0,279500,0,4,0,0,7,0,0.000577264,0,3.03868e-11,0
100000003097947100,peripheral,0.2,13,0.1747,"обход остановлен на 4-м колене; входящих 1, достижим от seed: 7",4,false,true,truncated,1,0,52980,0,1,0,0,7,0,0.000318317,0,0,0
100000004260869100,peripheral,0.2,2,0.1719,"обход остановлен на 4-м колене; входящих 1, достижим от seed: 7",4,false,true,truncated,1,0,10000,0,1,0,0,7,0,0.000836493,0,0,0
100000008762885100,peripheral,0.2,0,0.1628,"обход остановлен на 4-м колене; входящих 1, достижим от seed: 8",4,false,true,truncated,1,0,7000,0,1,0,0,8,0,0.000285721,0,3.0907e-8,0
100000002986245100,peripheral,0.2,5,0.1009,"обход остановлен на 4-м колене; входящих 1, достижим от seed: 1",4,false,true,truncated,1,0,5750,0,1,0,0,1,0,0.000287094,0,0.00000368738,0
100000001471706100,peripheral,0.2,26,0.2512,"обход остановлен на 4-м колене; входящих 1, достижим от seed: 8",4,false,true,truncated,1,0,377000,0,8,0,0,8,0,0.000536914,0,0,0
100000002304943100,peripheral,0.2,17,0.1618,"обход остановлен на 4-м колене; входящих 1, достижим от seed: 7",4,false,true,truncated,1,0,15000,0,1,0,0,7,0,0.000304673,0,4.40237e-296,0
100000002695812100,peripheral,0.2,10,0.1835,"обход остановлен на 4-м колене; входящих 1, достижим от seed: 7",4,false,true,truncated,1,0,95000,0,1,0,0,7,0,0.000319328,0,0.00000275827,0
100000008761220100,peripheral,0.2,0,0.1664,"обход остановлен на 4-м колене; входящих 1, достижим от seed: 8",4,false,true,truncated,1,0,10000,0,1,0,0,8,0,0.000285344,0,0.00000127615,0
100000004890713100,peripheral,0.2,10,0.1746,"обход остановлен на 4-м колене; входящих 1, достижим от seed: 7",4,false,true,truncated,1,0,40485,0,1,0,0,7,0,0.000299077,0,0.00000275827,0
100000003083865100,peripheral,0.2,10,0.1645,"обход остановлен на 4-м колене; входящих 1, достижим от seed: 7",4,false,true,truncated,1,0,15000,0,1,0,0,7,0,0.00028961,0,0.00000275827,0
100000004030553100,peripheral,0.2,12,0.1307,"обход остановлен на 4-м колене; входящих 1, достижим от seed: 1",4,false,true,truncated,1,0,70000,0,1,0,0,1,0,0.000527693,0,0,0
100000002653187100,peripheral,0.2,25,0.1753,"обход остановлен на 4-м колене; входящих 1, достижим от seed: 8",4,false,true,truncated,1,0,15000,0,1,0,0,8,0,0.000469936,0,0,0
100000006412162100,peripheral,0.2,5,0.1106,"обход остановлен на 4-м колене; входящих 1, достижим от seed: 1",4,false,true,truncated,1,0,15000,0,2,0,0,1,0,0.000292012,0,0.00000368738,0
100000004674178100,peripheral,0.2,33,0.1646,"обход остановлен на 4-м колене; входящих 1, достижим от seed: 7",4,false,true,truncated,1,0,20000,0,1,0,0,7,0,0.000301097,0,2.06571e-8,0
100000004070530100,peripheral,0.2,1,0.1643,"обход остановлен на 4-м колене; входящих 1, достижим от seed: 7",4,false,true,truncated,1,0,20000,0,1,0,0,7,0,0.000285656,0,1.10939e-311,0
100000006706519100,peripheral,0.2,6,0.1727,"обход остановлен на 4-м колене; входящих 1, достижим от seed: 7",4,false,true,truncated,1,0,36000,0,3,0,0,7,0,0.000388486,0,0,0
100000005636951100,peripheral,0.2,10,0.1301,"обход остановлен на 4-м колене; входящих 1, достижим от seed: 1",4,false,true,truncated,1,0,40000,0,1,0,0,1,0,0.000631413,0,0,0
100000003040087100,peripheral,0.2,10,0.1712,"обход остановлен на 4-м колене; входящих 1, достижим от seed: 7",4,false,true,truncated,1,0,29000,0,1,0,0,7,0,0.00029481,0,0.00000275827,0
100000008766764100,peripheral,0.2,0,0.1594,"обход остановлен на 4-м колене; входящих 1, достижим от seed: 8",4,false,true,truncated,1,0,5000,0,1,0,0,8,0,0.000284691,0,0.00000127615,0
100000000299820100,peripheral,0.2,13,0.1606,"обход остановлен на 4-м колене; входящих 1, достижим от seed: 7",4,false,true,truncated,1,0,10000,0,1,0,0,7,0,0.000447548,0,0,0
100000008349740100,peripheral,0.2,1,0.177,"обход остановлен на 4-м колене; входящих 1, достижим от seed: 7",4,false,true,truncated,1,0,70000,0,2,0,0,7,0,0.000290947,0,4.40237e-296,0
100000008761132100,peripheral,0.2,0,0.1664,"обход остановлен на 4-м колене; входящих 1, достижим от seed: 8",4,false,true,truncated,1,0,10000,0,1,0,0,8,0,0.000285344,0,0.00000127615,0
100000002540033100,peripheral,0.2,0,0.181,"обход остановлен на 4-м колене; входящих 1, достижим от seed: 9",4,false,true,truncated,1,0,10000,0,1,0,0,9,0,0.000592416,0,0,0
100000001845505100,peripheral,0.2,13,0.1704,"обход остановлен на 4-м колене; входящих 1, достижим от seed: 7",4,false,true,truncated,1,0,20000,0,1,0,0,7,0,0.000588641,0,0,0
100000003782913100,peripheral,0.2,8,0.1876,"обход остановлен на 4-м колене; входящих 1, достижим от seed: 7",4,false,true,truncated,1,0,200000,0,1,0,0,7,0,0.000297785,0,5.92046e-8,0
100000008778753100,peripheral,0.2,33,0.1575,"обход остановлен на 4-м колене; входящих 1, достижим от seed: 7",4,false,true,truncated,1,0,10000,0,1,0,0,7,0,0.000292567,0,2.06571e-8,0
100000008710913100,peripheral,0.2,0,0.1697,"обход остановлен на 4-м колене; входящих 1, достижим от seed: 8",4,false,true,truncated,1,0,14000,0,1,0,0,8,0,0.000286563,0,3.3096e-7,0
100000005495211100,peripheral,0.2,9,0.1666,"обход остановлен на 4-м колене; входящих 1, достижим от seed: 7",4,false,true,truncated,1,0,14500,0,1,0,0,7,0,0.000556533,0,0,0
100000004013952100,peripheral,0.2,9,0.1563,"обход остановлен на 4-м колене; входящих 1, достижим от seed: 7",4,false,true,truncated,1,0,5500,0,1,0,0,7,0,0.000529982,0,0,0
100000007330432100,peripheral,0.2,2,0.2066,"обход остановлен на 4-м колене; входящих 1, достижим от seed: 7",4,false,true,truncated|depth_outlier,1,0,584900,0,1,0,0,7,0,0.000534951,0,2.06505e-8,0
100000000737152100,peripheral,0.2,6,0.1715,"обход остановлен на 4-м колене; входящих 1, достижим от seed: 7",4,false,true,truncated,1,0,35000,0,1,0,0,7,0,0.000342565,0,0,0
100000004674389100,peripheral,0.2,4,0.1731,"обход остановлен на 4-м колене; входящих 1, достижим от seed: 8",4,false,true,truncated,1,0,15000,0,1,0,0,8,0,0.000350009,0,0,0
100000002529877100,peripheral,0.2,0,0.1982,"обход остановлен на 4-м колене; входящих 1, достижим от seed: 8",4,false,true,truncated,1,0,232000,0,1,0,0,8,0,0.00030417,0,2.11917e-7,0
100000004035925100,peripheral,0.2,2,0.2115,"обход остановлен на 4-м колене; входящих 1, достижим от seed: 7",4,false,true,truncated|depth_outlier,1,0,1111588,0,2,0,0,7,0,0.000459722,0,0,0
100000002188586100,peripheral,0.2,10,0.174,"обход остановлен на 4-м колене; входящих 1, достижим от seed: 7",4,false,true,truncated,1,0,38310,0,1,0,0,7,0,0.000298269,0,0.00000275827,0
100000008050986100,peripheral,0.2,1,0.1804,"обход остановлен на 4-м колене; входящих 1, достижим от seed: 7",4,false,true,truncated,1,0,95000,0,2,0,0,7,0,0.000310101,0,1.10939e-311,0
100000004777215100,peripheral,0.2,17,0.1789,"обход остановлен на 4-м колене; входящих 1, достижим от seed: 7",4,false,true,truncated,1,0,60000,0,1,0,0,7,0,0.000462335,0,3.94272e-310,0
100000000926078100,peripheral,0.2,9,0.1942,"обход остановлен на 4-м колене; входящих 1, достижим от seed: 7",4,false,true,truncated,1,0,250000,0,1,0,0,7,0,0.000513417,0,0,0
100000003486846100,peripheral,0.2,2,0.1757,"обход остановлен на 4-м колене; входящих 1, достижим от seed: 7",4,false,true,truncated,1,0,27000,0,2,0,0,7,0,0.000527998,0,0,0
100000002516862100,peripheral,0.2,4,0.1815,"обход остановлен на 4-м колене; входящих 1, достижим от seed: 7",4,false,true,truncated,1,0,81710,0,5,0,0,7,0,0.00034748,0,0,0
100000008730238100,peripheral,0.2,0,0.1961,"обход остановлен на 4-м колене; входящих 1, достижим от seed: 8",4,false,true,truncated,1,0,113000,0,1,0,0,8,0,0.000559843,0,0,0
100000000803368100,peripheral,0.2,8,0.189,"обход остановлен на 4-м колене; входящих 1, достижим от seed: 7",4,false,true,truncated,1,0,139503,0,1,0,0,7,0,0.000545131,0,1.9677e-7,0
100000002528978100,peripheral,0.2,10,0.165,"обход остановлен на 4-м колене; входящих 1, достижим от seed: 7",4,false,true,truncated,1,0,15900,0,1,0,0,7,0,0.000289944,0,0.00000275827,0
100000002597074100,peripheral,0.2,9,0.1556,"обход остановлен на 4-м колене; входящих 1, достижим от seed: 7",4,false,true,truncated,1,0,8000,0,1,0,0,7,0,0.00030873,0,0,0
100000003631015100,peripheral,0.2,6,0.1914,"обход остановлен на 4-м колене; входящих 1, достижим от seed: 7",4,false,true,truncated,1,0,266000,0,1,0,0,7,0,0.00032048,0,1.10939e-311,0
100000008255655100,peripheral,0.2,21,0.1561,"обход остановлен на 4-м колене; входящих 1, достижим от seed: 7",4,false,true,truncated,1,0,5400,0,1,0,0,7,0,0.000528053,0,0,0
100000004265639100,peripheral,0.2,13,0.1627,"обход остановлен на 4-м колене; входящих 1, достижим от seed: 7",4,false,true,truncated,1,0,10000,0,1,0,0,7,0,0.000548975,0,0,0
100000002726055100,peripheral,0.2,17,0.1584,"обход остановлен на 4-м колене; входящих 1, достижим от seed: 7",4,false,true,truncated,1,0,10000,0,1,0,0,7,0,0.000338096,0,2.66516e-310,0
100000003696422100,peripheral,0.2,22,0.1905,"обход остановлен на 4-м колене; входящих 1, достижим от seed: 7",4,false,true,truncated,1,0,118000,0,2,0,0,7,0,0.000703235,0,0,0
100000007745062100,peripheral,0.2,25,0.2058,"обход остановлен на 4-м колене; входящих 1, достижим от seed: 9",4,false,true,truncated,1,0,100000,0,1,0,0,9,0,0.000621254,0,0,0
100000005041147100,peripheral,0.2,9,0.1623,"обход остановлен на 4-м колене; входящих 1, достижим от seed: 7",4,false,true,truncated,1,0,10000,0,1,0,0,7,0,0.000530593,0,0,0
100000003819173100,peripheral,0.2,13,0.1842,"обход остановлен на 4-м колене; входящих 1, достижим от seed: 7",4,false,true,truncated,1,0,143777,0,1,0,0,7,0,0.000293613,0,0.000113657,0
100000001275557100,peripheral,0.2,28,0.1655,"обход остановлен на 4-м колене; входящих 1, достижим от seed: 7",4,false,true,truncated,1,0,20000,0,1,0,0,7,0,0.000345704,0,0,0
100000002706810100,peripheral,0.2,5,0.1219,"обход остановлен на 4-м колене; входящих 1, достижим от seed: 1",4,false,true,truncated,1,0,45000,0,1,0,0,1,0,0.00030796,0,0.00000368738,0
100000002896506100,peripheral,0.2,12,0.173,"обход остановлен на 4-м колене; входящих 1, достижим от seed: 7",4,false,true,truncated,1,0,45000,0,1,0,0,7,0,0.000311907,0,0,0
100000008766031100,peripheral,0.2,0,0.1594,"обход остановлен на 4-м колене; входящих 1, достижим от seed: 8",4,false,true,truncated,1,0,5000,0,1,0,0,8,0,0.000284939,0,3.3096e-7,0
100000008758607100,peripheral,0.2,0,0.1594,"обход остановлен на 4-м колене; входящих 1, достижим от seed: 8",4,false,true,truncated,1,0,5000,0,1,0,0,8,0,0.000284691,0,0.00000127615,0
100000008648783100,peripheral,0.2,5,0.0999,"обход остановлен на 4-м колене; входящих 1, достижим от seed: 1",4,false,true,truncated,1,0,5200,0,1,0,0,1,0,0.000286802,0,0.00000368738,0
100000004291663100,peripheral,0.2,14,0.1688,"обход остановлен на 4-м колене; входящих 1, достижим от seed: 7",4,false,true,truncated,1,0,25000,0,1,0,0,7,0,0.000309471,0,0.000031485,0
100000003037476100,consolidator,0.5,0,0.3089,"обход остановлен на 4-м колене; входящих 3, достижим от seed: 8",4,false,true,truncated|depth_outlier,3,0,555000,0,3,0,0,8,0,0.000357325,0,0.00000181902,0
100000008715513100,peripheral,0.2,5,0.1185,"обход остановлен на 4-м колене; входящих 1, достижим от seed: 1",4,false,true,truncated,1,0,32500,0,1,0,0,1,0,0.000301315,0,0.00000368738,0
100000001276409100,peripheral,0.2,10,0.1835,"обход остановлен на 4-м колене; входящих 1, достижим от seed: 7",4,false,true,truncated,1,0,94760,0,1,0,0,7,0,0.000319239,0,0.00000275827,0
100000003232675100,peripheral,0.2,4,0.1763,"обход остановлен на 4-м колене; входящих 1, достижим от seed: 7",4,false,true,truncated,1,0,44000,0,2,0,0,7,0,0.00039875,0,0,0
100000007988344100,peripheral,0.2,9,0.1663,"обход остановлен на 4-м колене; входящих 1, достижим от seed: 7",4,false,true,truncated,1,0,20000,0,3,0,0,7,0,0.000385257,0,0,0
100000003047800100,peripheral,0.2,5,0.1101,"обход остановлен на 4-м колене; входящих 1, достижим от seed: 1",4,false,true,truncated,1,0,12212,0,1,0,0,1,0,0.000372451,0,0,0
100000003230328100,consolidator,0.5,4,0.2712,"обход остановлен на 4-м колене; входящих 3, достижим от seed: 7",4,false,true,truncated,3,0,26572,0,3,0,0,7,0,0.000349714,0,0.0000635853,0
100000002702968100,peripheral,0.2,10,0.172,"обход остановлен на 4-м колене; входящих 1, достижим от seed: 7",4,false,true,truncated,1,0,31600,0,1,0,0,7,0,0.000295776,0,0.00000275827,0
100000004788983100,peripheral,0.2,9,0.169,"обход остановлен на 4-м колене; входящих 1, достижим от seed: 7",4,false,true,truncated,1,0,27000,0,1,0,0,7,0,0.000367376,0,0,0
100000006490615100,peripheral,0.2,4,0.1756,"обход остановлен на 4-м колене; входящих 1, достижим от seed: 7",4,false,true,truncated,1,0,41600,0,6,0,0,7,0,0.000392493,0,0,0
100000008745676100,peripheral,0.2,54,0.1236,"обход остановлен на 4-м колене; входящих 1, достижим от seed: 1",4,false,true,truncated,1,0,34547,0,1,0,0,1,0,0.000527191,0,0,0
100000001598625100,peripheral,0.2,13,0.1694,"обход остановлен на 4-м колене; входящих 1, достижим от seed: 7",4,false,true,truncated,1,0,25000,0,1,0,0,7,0,0.000426348,0,0,0
100000008461217100,peripheral,0.2,7,0.1958,"обход остановлен на 4-м колене; входящих 1, достижим от seed: 10",4,false,true,truncated,1,0,18000,0,1,0,0,10,0,0.000542322,0,0,0
100000005711521100,peripheral,0.2,4,0.1959,"обход остановлен на 4-м колене; входящих 1, достижим от seed: 7",4,false,true,truncated,1,0,238000,0,1,0,0,7,0,0.000530678,0,0,0
100000002713974100,peripheral,0.2,12,0.1743,"обход остановлен на 4-м колене; входящих 1, достижим от seed: 7",4,false,true,truncated,1,0,50000,0,1,0,0,7,0,0.000328116,0,0,0
100000005272139100,peripheral,0.2,2,0.1983,"обход остановлен на 4-м колене; входящих 1, достижим от seed: 7",4,false,true,truncated,1,0,165000,0,1,0,0,7,0,0.000750572,0,0,0
100000002968096100,peripheral,0.2,13,0.1775,"обход остановлен на 4-м колене; входящих 1, достижим от seed: 7",4,false,true,truncated,1,0,70000,0,1,0,0,7,0,0.000317725,0,0,0
100000004449824100,peripheral,0.2,5,0.1054,"обход остановлен на 4-м колене; входящих 1, достижим от seed: 1",4,false,true,truncated,1,0,9000,0,1,0,0,1,0,0.000288822,0,0.00000368738,0
100000004502048100,peripheral,0.2,14,0.1635,"обход остановлен на 4-м колене; входящих 1, достижим от seed: 7",4,false,true,truncated,1,0,13888,0,1,0,0,7,0,0.000337823,0,0,0
100000002660298100,peripheral,0.2,10,0.1718,"обход остановлен на 4-м колене; входящих 1, достижим от seed: 7",4,false,true,truncated,1,0,30900,0,1,0,0,7,0,0.000295516,0,0.00000275827,0
100000001299828100,peripheral,0.2,9,0.1856,"обход остановлен на 4-м колене; входящих 1, достижим от seed: 7",4,false,true,truncated,1,0,100000,0,1,0,0,7,0,0.000543972,0,0,0
100000000581662100,peripheral,0.2,5,0.1227,"обход остановлен на 4-м колене; входящих 1, достижим от seed: 2",4,false,true,truncated,1,0,21160,0,1,0,0,2,0,0.000301269,0,0,0
100000001249054100,peripheral,0.2,10,0.1659,"обход остановлен на 4-м колене; входящих 1, достижим от seed: 7",4,false,true,truncated,1,0,17375,0,1,0,0,7,0,0.000290492,0,0.00000275827,0
100000008759795100,peripheral,0.2,5,0.1118,"обход остановлен на 4-м колене; входящих 1, достижим от seed: 1",4,false,true,truncated,1,0,17000,0,1,0,0,1,0,0.000293075,0,0.00000368738,0
100000001299443100,peripheral,0.2,5,0.1042,"обход остановлен на 4-м колене; входящих 1, достижим от seed: 1",4,false,true,truncated,1,0,8000,0,1,0,0,1,0,0.00028829,0,0.00000368738,0
100000007997939100,peripheral,0.2,0,0.1789,"обход остановлен на 4-м колене; входящих 1, достижим от seed: 9",4,false,true,truncated,1,0,13000,0,1,0,0,9,0,0.000355935,0,0,0
100000003470579100,peripheral,0.2,20,0.1988,"обход остановлен на 4-м колене; входящих 1, достижим от seed: 7",4,false,true,truncated,1,0,357000,0,2,0,0,7,0,0.000564802,0,0,0
100000008649416100,peripheral,0.2,6,0.1558,"обход остановлен на 4-м колене; входящих 1, достижим от seed: 7",4,false,true,truncated,1,0,5000,0,1,0,0,7,0,0.000530566,0,0,0
100000008183752100,peripheral,0.2,0,0.1976,"обход остановлен на 4-м колене; входящих 1, достижим от seed: 8",4,false,true,truncated,1,0,140000,0,1,0,0,8,0,0.000527059,0,0,0
100000003950749100,peripheral,0.2,2,0.1592,"обход остановлен на 4-м колене; входящих 1, достижим от seed: 7",4,false,true,truncated,1,0,7000,0,1,0,0,7,0,0.000381801,0,2.11553e-8,0
100000005979037100,peripheral,0.2,13,0.1761,"обход остановлен на 4-м колене; входящих 1, достижим от seed: 7",4,false,true,truncated,1,0,60300,0,1,0,0,7,0,0.000323054,0,0,0
100000008734279100,peripheral,0.2,12,0.1692,"обход остановлен на 4-м колене; входящих 1, достижим от seed: 7",4,false,true,truncated,1,0,31650,0,1,0,0,7,0,0.000299695,0,3.17845e-9,0
100000005589319100,peripheral,0.2,4,0.1692,"обход остановлен на 4-м колене; входящих 1, достижим от seed: 7",4,false,true,truncated,1,0,26000,0,1,0,0,7,0,0.000308264,0,0.0000507852,0
100000003626268100,peripheral,0.2,13,0.1553,"обход остановлен на 4-м колене; входящих 1, достижим от seed: 7",4,false,true,truncated,1,0,5000,0,1,0,0,7,0,0.000527751,0,0,0
100000001220124100,peripheral,0.2,13,0.1763,"обход остановлен на 4-м колене; входящих 1, достижим от seed: 7",4,false,true,truncated,1,0,40000,0,1,0,0,7,0,0.000536335,0,0,0
100000003904497100,peripheral,0.2,0,0.1759,"обход остановлен на 4-м колене; входящих 1, достижим от seed: 9",4,false,true,truncated,1,0,10000,0,1,0,0,9,0,0.000339343,0,0,0
100000001270470100,peripheral,0.2,9,0.1706,"обход остановлен на 4-м колене; входящих 1, достижим от seed: 7",4,false,true,truncated,1,0,28300,0,2,0,0,7,0,0.000427263,0,0,0
100000003091142100,peripheral,0.2,9,0.1737,"обход остановлен на 4-м колене; входящих 1, достижим от seed: 7",4,false,true,truncated,1,0,40000,0,1,0,0,7,0,0.000407502,0,0,0
100000001053894100,peripheral,0.2,1,0.2136,"обход остановлен на 4-м колене; входящих 1, достижим от seed: 7",4,false,true,truncated|depth_outlier,1,0,2000000,0,7,0,0,7,0,0.000445936,0,1.10939e-311,0
100000004722630100,peripheral,0.2,6,0.1972,"обход остановлен на 4-м колене; входящих 1, достижим от seed: 7",4,false,true,truncated,1,0,340000,0,2,0,0,7,0,0.000489013,0,0,0
100000004655046100,peripheral,0.2,11,0.19,"обход остановлен на 4-м колене; входящих 1, достижим от seed: 9",4,false,true,truncated,1,0,24000,0,1,0,0,9,0,0.000554151,0,0,0
100000004019056100,peripheral,0.2,4,0.1804,"обход остановлен на 4-м колене; входящих 1, достижим от seed: 7",4,false,true,truncated,1,0,50000,0,1,0,0,7,0,0.000537692,0,0,0
100000008071749100,peripheral,0.2,10,0.1696,"обход остановлен на 4-м колене; входящих 1, достижим от seed: 7",4,false,true,truncated,1,0,24943,0,1,0,0,7,0,0.000293303,0,0.00000275827,0
100000008221765100,peripheral,0.2,1,0.19,"обход остановлен на 4-м колене; входящих 1, достижим от seed: 7",4,false,true,truncated,1,0,156354,0,1,0,0,7,0,0.000537205,0,0,0
100000008778010100,peripheral,0.2,51,0.1316,"обход остановлен на 4-м колене; входящих 1, достижим от seed: 1",4,false,true,truncated,1,0,76950,0,2,0,0,1,0,0.000526516,0,0,0
100000004584730100,peripheral,0.2,4,0.175,"обход остановлен на 4-м колене; входящих 1, достижим от seed: 7",4,false,true,truncated,1,0,47000,0,1,0,0,7,0,0.000302136,0,7.66111e-7,0
100000004797167100,peripheral,0.2,12,0.123,"обход остановлен на 4-м колене; входящих 1, достижим от seed: 1",4,false,true,truncated,1,0,31000,0,1,0,0,1,0,0.000548311,0,0,0
100000005010159100,peripheral,0.2,12,0.1605,"обход остановлен на 4-м колене; входящих 1, достижим от seed: 7",4,false,true,truncated,1,0,7092,0,1,0,0,7,0,0.000610443,0,0,0
100000003025903100,peripheral,0.2,12,0.1987,"обход остановлен на 4-м колене; входящих 1, достижим от seed: 7",4,false,true,truncated,1,0,386300,0,6,0,0,7,0,0.000523282,0,0,0
100000003005167100,peripheral,0.2,5,0.1029,"обход остановлен на 4-м колене; входящих 1, достижим от seed: 1",4,false,true,truncated,1,0,7000,0,1,0,0,1,0,0.000287759,0,0.00000368738,0
100000002214383100,peripheral,0.2,47,0.1419,"обход остановлен на 4-м колене; входящих 1, достижим от seed: 1",4,false,true,truncated,1,0,213000,0,1,0,0,1,0,0.000527734,0,0,0
100000004800452100,peripheral,0.2,12,0.1596,"обход остановлен на 4-м колене; входящих 1, достижим от seed: 7",4,false,true,truncated,1,0,6544.53,0,1,0,0,7,0,0.000604106,0,0,0
100000006903193100,peripheral,0.2,9,0.1566,"обход остановлен на 4-м колене; входящих 1, достижим от seed: 7",4,false,true,truncated,1,0,9000,0,1,0,0,7,0,0.000299959,0,0.0000291019,0
100000007811950100,peripheral,0.2,33,0.1787,"обход остановлен на 4-м колене; входящих 1, достижим от seed: 7",4,false,true,truncated,1,0,50000,0,1,0,0,7,0,0.000542945,0,0,0
100000000375150100,peripheral,0.2,7,0.228,"обход остановлен на 4-м колене; входящих 1, достижим от seed: 10",4,false,true,truncated,1,0,300000,0,1,0,0,10,0,0.0007408,0,0,0
100000008775747100,peripheral,0.2,0,0.1594,"обход остановлен на 4-м колене; входящих 1, достижим от seed: 8",4,false,true,truncated,1,0,5000,0,1,0,0,8,0,0.000284691,0,0.00000127615,0
100000006689603100,peripheral,0.2,13,0.1948,"обход остановлен на 4-м колене; входящих 1, достижим от seed: 7",4,false,true,truncated,1,0,400000,0,2,0,0,7,0,0.000310677,0,0.000113657,0
100000005075949100,peripheral,0.2,4,0.2229,"обход остановлен на 4-м колене; входящих 1, достижим от seed: 7",4,false,true,truncated|depth_outlier,1,0,2226000,0,7,0,0,7,0,0.00076276,0,0,0
100000003985389100,peripheral,0.2,13,0.1989,"обход остановлен на 4-м колене; входящих 1, достижим от seed: 7",4,false,true,truncated,1,0,422698,0,16,0,0,7,0,0.000487463,0,0,0
100000002478829100,peripheral,0.2,17,0.1716,"обход остановлен на 4-м колене; входящих 1, достижим от seed: 7",4,false,true,truncated,1,0,34000,0,1,0,0,7,0,0.000385073,0,3.94272e-310,0
100000003125997100,peripheral,0.2,0,0.1933,"обход остановлен на 4-м колене; входящих 1, достижим от seed: 8",4,false,true,truncated,1,0,87750,0,1,0,0,8,0,0.000545317,0,0,0
100000003214786100,peripheral,0.2,9,0.1531,"обход остановлен на 4-м колене; входящих 1, достижим от seed: 7",4,false,true,truncated,1,0,5000,0,1,0,0,7,0,0.000417825,0,0,0
100000008308418100,peripheral,0.2,6,0.1768,"обход остановлен на 4-м колене; входящих 1, достижим от seed: 7",4,false,true,truncated,1,0,50000,0,1,0,0,7,0,0.000429105,0,0,0
100000008619159100,peripheral,0.2,2,0.2003,"обход остановлен на 4-м колене; входящих 1, достижим от seed: 7",4,false,true,truncated,1,0,446400,0,2,0,0,7,0,0.00035459,0,0,0
100000004418967100,peripheral,0.2,0,0.1927,"обход остановлен на 4-м колене; входящих 1, достижим от seed: 8",4,false,true,truncated,1,0,100000,0,1,0,0,8,0,0.000450924,0,0,0
100000003173783100,peripheral,0.2,5,0.1671,"обход остановлен на 4-м колене; входящих 1, достижим от seed: 7",4,false,true,truncated,1,0,23500,0,2,0,0,7,0,0.000344666,0,0.000045006,0
100000002242455100,peripheral,0.2,1,0.1863,"обход остановлен на 4-м колене; входящих 1, достижим от seed: 7",4,false,true,truncated,1,0,110000,0,1,0,0,7,0,0.000529021,0,0,0
100000004848236100,peripheral,0.2,9,0.1549,"обход остановлен на 4-м колене; входящих 1, достижим от seed: 7",4,false,true,truncated,1,0,7500,0,1,0,0,7,0,0.000307187,0,0,0
100000004674412100,peripheral,0.2,4,0.187,"обход остановлен на 4-м колене; входящих 1, достижим от seed: 8",4,false,true,truncated,1,0,46000,0,1,0,0,8,0,0.00048635,0,0,0
100000007071852100,peripheral,0.2,9,0.1902,"обход остановлен на 4-м колене; входящих 1, достижим от seed: 7",4,false,true,truncated,1,0,195000,0,1,0,0,7,0,0.000440933,0,0.0000271706,0
100000001498732100,peripheral,0.2,29,0.1515,"обход остановлен на 4-м колене; входящих 1, достижим от seed: 7",4,false,true,truncated,1,0,5500,0,1,0,0,7,0,0.000287853,0,1.40754e-8,0
100000000627521100,peripheral,0.2,1,0.1531,"обход остановлен на 4-м колене; входящих 1, достижим от seed: 7",4,false,true,truncated,1,0,6500,0,1,0,0,7,0,0.000284563,0,1.10939e-311,0
100000003105089100,peripheral,0.2,17,0.1576,"обход остановлен на 4-м колене; входящих 1, достижим от seed: 7",4,false,true,truncated,1,0,10000,0,1,0,0,7,0,0.000297795,0,4.40237e-296,0
100000003166017100,peripheral,0.2,10,0.1645,"обход остановлен на 4-м колене; входящих 1, достижим от seed: 7",4,false,true,truncated,1,0,15000,0,1,0,0,7,0,0.00028961,0,0.00000275827,0
100000002506987100,peripheral,0.2,10,0.1709,"обход остановлен на 4-м колене; входящих 1, достижим от seed: 7",4,false,true,truncated,1,0,28200,0,1,0,0,7,0,0.000294513,0,0.00000275827,0
100000005767403100,peripheral,0.2,23,0.2202,"обход остановлен на 4-м колене; входящих 1, достижим от seed: 7",4,false,true,truncated|depth_outlier,1,0,1100000,0,2,0,0,7,0,0.00107291,0,1.46838e-7,0
100000005553088100,peripheral,0.2,12,0.1631,"обход остановлен на 4-м колене; входящих 1, достижим от seed: 7",4,false,true,truncated,1,0,17500,0,1,0,0,7,0,0.000292695,0,3.17845e-9,0
100000003632533100,peripheral,0.2,6,0.1607,"обход остановлен на 4-м колене; входящих 1, достижим от seed: 7",4,false,true,truncated,1,0,10000,0,1,0,0,7,0,0.000426284,0,0,0
100000008762005100,peripheral,0.2,0,0.1594,"обход остановлен на 4-м колене; входящих 1, достижим от seed: 8",4,false,true,truncated,1,0,5000,0,1,0,0,8,0,0.00028524,0,3.0907e-8,0
100000002214207100,peripheral,0.2,30,0.1397,"обход остановлен на 4-м колене; входящих 1, достижим от seed: 1",4,false,true,truncated,1,0,97000,0,1,0,0,1,0,0.000686018,0,0,0
100000003180820100,peripheral,0.2,0,0.1897,"обход остановлен на 4-м колене; входящих 1, достижим от seed: 8",4,false,true,truncated,1,0,101000,0,1,0,0,8,0,0.000297233,0,0.00000127615,0
100000003786516100,peripheral,0.2,4,0.1524,"обход остановлен на 4-м колене; входящих 1, достижим от seed: 7",4,false,true,truncated,1,0,5000,0,1,0,0,7,0,0.000291578,0,0.0000277264,0
100000005226217100,peripheral,0.2,0,0.1824,"обход остановлен на 4-м колене; входящих 1, достижим от seed: 9",4,false,true,truncated,1,0,17500,0,1,0,0,9,0,0.000380822,0,0,0
100000001533161100,peripheral,0.2,4,0.183,"обход остановлен на 4-м колене; входящих 1, достижим от seed: 7",4,false,true,truncated,1,0,100000,0,1,0,0,7,0,0.000322546,0,7.66111e-7,0
100000007034089100,peripheral,0.4,0,0.1969,"обход остановлен на 4-м колене; входящих 2, достижим от seed: 8",4,false,true,truncated,2,0,198000,0,2,0,0,8,0,0.000319357,0,0.00000160711,0
100000008336318100,peripheral,0.2,0,0.1955,"обход остановлен на 4-м колене; входящих 1, достижим от seed: 8",4,false,true,truncated,1,0,170000,0,1,0,0,8,0,0.000324919,0,3.0907e-8,0
100000005370558100,peripheral,0.2,6,0.1512,"обход остановлен на 4-м колене; входящих 1, достижим от seed: 7",4,false,true,truncated,1,0,5000,0,1,0,0,7,0,0.000297677,0,0.00000555394,0
100000002729875100,peripheral,0.2,10,0.1811,"обход остановлен на 4-м колене; входящих 1, достижим от seed: 7",4,false,true,truncated,1,0,76000,0,1,0,0,7,0,0.00031227,0,0.00000275827,0
100000006512787100,peripheral,0.2,6,0.1696,"обход остановлен на 4-м колене; входящих 1, достижим от seed: 7",4,false,true,truncated,1,0,20000,0,2,0,0,7,0,0.000526917,0,0,0
100000003186579100,peripheral,0.2,13,0.1859,"обход остановлен на 4-м колене; входящих 1, достижим от seed: 7",4,false,true,truncated,1,0,110000,0,2,0,0,7,0,0.000512108,0,0,0
100000004472936100,peripheral,0.2,4,0.1572,"обход остановлен на 4-м колене; входящих 1, достижим от seed: 7",4,false,true,truncated,1,0,5000,0,1,0,0,7,0,0.000528748,0,0,0
100000002231144100,peripheral,0.2,17,0.163,"обход остановлен на 4-м колене; входящих 1, достижим от seed: 7",4,false,true,truncated,1,0,15000,0,1,0,0,7,0,0.000365126,0,2.66516e-310,0
100000002505277100,peripheral,0.2,6,0.1782,"обход остановлен на 4-м колене; входящих 1, достижим от seed: 7",4,false,true,truncated,1,0,60000,0,1,0,0,7,0,0.000405324,0,0,0
100000003177533100,peripheral,0.2,12,0.1653,"обход остановлен на 4-м колене; входящих 1, достижим от seed: 7",4,false,true,truncated,1,0,20000,0,3,0,0,7,0,0.000336311,0,0,0
100000005888829100,peripheral,0.2,0,0.1967,"обход остановлен на 4-м колене; входящих 1, достижим от seed: 8",4,false,true,truncated,1,0,197000,0,1,0,0,8,0,0.000309775,0,0.00000127615,0
100000002242066100,peripheral,0.2,31,0.1802,"обход остановлен на 4-м колене; входящих 1, достижим от seed: 7",4,false,true,truncated,1,0,60000,0,1,0,0,7,0,0.000530604,0,0,0
100000008027922100,peripheral,0.2,28,0.1812,"обход остановлен на 4-м колене; входящих 1, достижим от seed: 7",4,false,true,truncated,1,0,70000,0,1,0,0,7,0,0.00049987,0,0,0
100000002686226100,peripheral,0.2,6,0.2028,"обход остановлен на 4-м колене; входящих 1, достижим от seed: 7",4,false,true,truncated,1,0,430000,0,2,0,0,7,0,0.000650419,0,0,0
100000001065234100,peripheral,0.2,2,0.2019,"обход остановлен на 4-м колене; входящих 1, достижим от seed: 7",4,false,true,truncated,1,0,360000,0,1,0,0,7,0,0.000545243,0,0,0
100000000424935100,peripheral,0.2,23,0.1617,"обход остановлен на 4-м колене; входящих 1, достижим от seed: 7",4,false,true,truncated,1,0,15000,0,1,0,0,7,0,0.000299774,0,3.03868e-11,0
100000005723580100,peripheral,0.2,0,0.18,"обход остановлен на 4-м колене; входящих 1, достижим от seed: 8",4,false,true,truncated,1,0,35000,0,1,0,0,8,0,0.000342448,0,0,0
100000000704700100,peripheral,0.2,44,0.1113,"обход остановлен на 4-м колене; входящих 1, достижим от seed: 1",4,false,true,truncated,1,0,10000,0,1,0,0,1,0,0.000530097,0,0,0
100000005293969100,peripheral,0.2,6,0.1567,"обход остановлен на 4-м колене; входящих 1, достижим от seed: 7",4,false,true,truncated,1,0,5466.97,0,1,0,0,7,0,0.000527356,0,0,0
100000002512742100,peripheral,0.2,5,0.1013,"обход остановлен на 4-м колене; входящих 1, достижим от seed: 1",4,false,true,truncated,1,0,6000,0,1,0,0,1,0,0.000287227,0,0.00000368738,0
100000001816678100,peripheral,0.2,4,0.1776,"обход остановлен на 4-м колене; входящих 1, достижим от seed: 7",4,false,true,truncated,1,0,60000,0,1,0,0,7,0,0.000307965,0,0.0000230858,0
100000004586598100,peripheral,0.2,15,0.2144,"обход остановлен на 4-м колене; входящих 1, достижим от seed: 7",4,false,true,truncated|depth_outlier,1,0,761255,0,4,0,0,7,0,0.000536054,0,0,0
100000005782886100,peripheral,0.2,0,0.1797,"обход остановлен на 4-м колене; входящих 1, достижим от seed: 9",4,false,true,truncated,1,0,14000,0,1,0,0,9,0,0.000361465,0,0,0
100000002622822100,peripheral,0.2,0,0.2304,"обход остановлен на 4-м колене; входящих 1, достижим от seed: 9",4,false,true,truncated|depth_outlier,1,0,750000,0,1,0,0,9,0,0.000901553,0,0,0
100000003718715100,peripheral,0.2,15,0.217,"обход остановлен на 4-м колене; входящих 1, достижим от seed: 7",4,false,true,truncated|depth_outlier,1,0,915000,0,3,0,0,7,0,0.000572041,0,0,0
100000006491963100,peripheral,0.2,5,0.1112,"обход остановлен на 4-м колене; входящих 1, достижим от seed: 1",4,false,true,truncated,1,0,16000,0,3,0,0,1,0,0.000292543,0,0.00000368738,0
100000004526651100,peripheral,0.2,0,0.1784,"обход остановлен на 4-м колене; входящих 1, достижим от seed: 8",4,false,true,truncated,1,0,33000,0,1,0,0,8,0,0.000288349,0,0.00000127615,0
100000008331280100,peripheral,0.2,20,0.1721,"обход остановлен на 4-м колене; входящих 1, достижим от seed: 7",4,false,true,truncated,1,0,41000,0,2,0,0,7,0,0.000316282,0,0,0
100000004177936100,peripheral,0.2,13,0.1584,"обход остановлен на 4-м колене; входящих 1, достижим от seed: 7",4,false,true,truncated,1,0,10000,0,1,0,0,7,0,0.000335131,0,0.0000196477,0
100000002922000100,peripheral,0.2,4,0.2007,"обход остановлен на 4-м колене; входящих 1, достижим от seed: 7",4,false,true,truncated,1,0,448000,0,1,0,0,7,0,0.000456556,0,7.66111e-7,0
100000002404112100,peripheral,0.2,20,0.1762,"обход остановлен на 4-м колене; входящих 1, достижим от seed: 7",4,false,true,truncated,1,0,60000,0,1,0,0,7,0,0.000328164,0,4.03378e-8,0
100000000634341100,peripheral,0.2,9,0.1715,"обход остановлен на 4-м колене; входящих 1, достижим от seed: 7",4,false,true,truncated,1,0,24000,0,2,0,0,7,0,0.000551576,0,0,0
100000001822650100,peripheral,0.2,0,0.1909,"обход остановлен на 4-м колене; входящих 1, достижим от seed: 8",4,false,true,truncated,1,0,112000,0,1,0,0,8,0,0.000304241,0,3.3096e-7,0
100000004791226100,peripheral,0.2,6,0.1699,"обход остановлен на 4-м колене; входящих 1, достижим от seed: 7",4,false,true,truncated,1,0,20000,0,1,0,0,7,0,0.000538257,0,0,0
100000007841978100,peripheral,0.2,1,0.1998,"обход остановлен на 4-м колене; входящих 1, достижим от seed: 7",4,false,true,truncated,1,0,449000,0,1,0,0,7,0,0.000503292,0,0,0
100000006866831100,peripheral,0.2,13,0.164,"обход остановлен на 4-м колене; входящих 1, достижим от seed: 7",4,false,true,truncated,1,0,16500,0,1,0,0,7,0,0.000365593,0,0,0
100000002999140100,peripheral,0.2,25,0.159,"обход остановлен на 4-м колене; входящих 1, достижим от seed: 7",4,false,true,truncated,1,0,10000,0,2,0,0,7,0,0.000287924,0,0.00000236979,0
100000002884708100,peripheral,0.2,0,0.2195,"обход остановлен на 4-м колене; входящих 1, достижим от seed: 8",4,false,true,truncated|depth_outlier,1,0,1171644,0,2,0,0,8,0,0.000559185,0,0,0
100000001130553100,peripheral,0.2,6,0.1688,"обход остановлен на 4-м колене; входящих 1, достижим от seed: 7",4,false,true,truncated,1,0,18000,0,2,0,0,7,0,0.000540082,0,0,0
100000006351075100,peripheral,0.2,6,0.1718,"обход остановлен на 4-м колене; входящих 1, достижим от seed: 7",4,false,true,truncated,1,0,40000,0,2,0,0,7,0,0.000289517,0,1.10939e-311,0
100000005616568100,peripheral,0.2,1,0.2,"обход остановлен на 4-м колене; входящих 1, достижим от seed: 7",4,false,true,truncated|depth_outlier,1,0,530000,0,1,0,0,7,0,0.000429444,0,1.10939e-311,0
100000006381453100,peripheral,0.2,0,0.1872,"обход остановлен на 4-м колене; входящих 1, достижим от seed: 8",4,false,true,truncated,1,0,45000,0,1,0,0,8,0,0.000572766,0,0,0
100000004616845100,peripheral,0.2,8,0.1645,"обход остановлен на 4-м колене; входящих 1, достижим от seed: 7",4,false,true,truncated,1,0,20200,0,2,0,0,7,0,0.000287265,0,0,0
100000004908173100,peripheral,0.2,0,0.1745,"обход остановлен на 4-м колене; входящих 1, достижим от seed: 8",4,false,true,truncated,1,0,21000,0,1,0,0,8,0,0.000319084,0,0,0
100000004433250100,peripheral,0.2,6,0.156,"обход остановлен на 4-м колене; входящих 1, достижим от seed: 7",4,false,true,truncated,1,0,8000,0,1,0,0,7,0,0.000304901,0,0,0
100000003664994100,peripheral,0.2,15,0.2034,"обход остановлен на 4-м колене; входящих 1, достижим от seed: 7",4,false,true,truncated,1,0,338271,0,2,0,0,7,0,0.000388819,0,0.00000120724,0
100000004673335100,peripheral,0.2,5,0.1823,"обход остановлен на 4-м колене; входящих 1, достижим от seed: 7",4,false,true,truncated,1,0,80000,0,1,0,0,7,0,0.000490433,0,0.000045006,0
100000002487222100,peripheral,0.2,1,0.1798,"обход остановлен на 4-м колене; входящих 1, достижим от seed: 7",4,false,true,truncated,1,0,90000,0,2,0,0,7,0,0.000308729,0,1.10939e-311,0
100000000018102100,peripheral,0.2,13,0.1545,"обход остановлен на 4-м колене; входящих 1, достижим от seed: 7",4,false,true,truncated,1,0,7000,0,1,0,0,7,0,0.000318637,0,0,0
100000008638859100,peripheral,0.2,14,0.1935,"обход остановлен на 4-м колене; входящих 1, достижим от seed: 9",4,false,true,truncated,1,0,34000,0,1,0,0,9,0,0.000536126,0,0.0000355365,0
100000001131403100,peripheral,0.2,8,0.213,"обход остановлен на 4-м колене; входящих 1, достижим от seed: 7",4,false,true,truncated|depth_outlier,1,0,1570000,0,3,0,0,7,0,0.000534895,0,0,0
100000001733216100,peripheral,0.2,6,0.1782,"обход остановлен на 4-м колене; входящих 1, достижим от seed: 7",4,false,true,truncated,1,0,60000,0,2,0,0,7,0,0.000405324,0,0,0
100000004400480100,peripheral,0.2,5,0.1266,"обход остановлен на 4-м колене; входящих 1, достижим от seed: 2",4,false,true,truncated,1,0,21700,0,1,0,0,2,0,0.000481716,0,0,0
100000007539296100,peripheral,0.2,4,0.1799,"обход остановлен на 4-м колене; входящих 1, достижим от seed: 7",4,false,true,truncated,1,0,46000,0,2,0,0,7,0,0.000553962,0,0,0
100000008757301100,peripheral,0.2,9,0.1799,"обход остановлен на 4-м колене; входящих 1, достижим от seed: 7",4,false,true,truncated,1,0,58398,0,3,0,0,7,0,0.000527411,0,0,0
100000002752565100,peripheral,0.2,9,0.1758,"обход остановлен на 4-м колене; входящих 1, достижим от seed: 7",4,false,true,truncated,1,0,57000,0,1,0,0,7,0,0.000336336,0,0,0
100000002734815100,peripheral,0.2,0,0.1908,"обход остановлен на 4-м колене; входящих 1, достижим от seed: 8",4,false,true,truncated,1,0,110000,0,1,0,0,8,0,0.00031049,0,3.0907e-8,0
100000008333492100,peripheral,0.2,0,0.2086,"обход остановлен на 4-м колене; входящих 1, достижим от seed: 9",4,false,true,truncated,1,0,216400,0,1,0,0,9,0,0.000435484,0,0,0
100000006527156100,peripheral,0.2,4,0.1752,"обход остановлен на 4-м колене; входящих 1, достижим от seed: 7",4,false,true,truncated,1,0,48500,0,1,0,0,7,0,0.000294468,0,0,0
100000003448713100,peripheral,0.2,13,0.1906,"обход остановлен на 4-м колене; входящих 1, достижим от seed: 7",4,false,true,truncated,1,0,266750,0,1,0,0,7,0,0.000301803,0,0.000113657,0
100000004780083100,peripheral,0.2,4,0.1593,"обход остановлен на 4-м колене; входящих 1, достижим от seed: 7",4,false,true,truncated,1,0,9999,0,1,0,0,7,0,0.000291801,0,0,0
100000004798515100,peripheral,0.2,25,0.1905,"обход остановлен на 4-м колене; входящих 1, достижим от seed: 7",4,false,true,truncated,1,0,200000,0,2,0,0,7,0,0.000361781,0,0.00000236979,0
100000004232712100,peripheral,0.2,1,0.1645,"обход остановлен на 4-м колене; входящих 1, достижим от seed: 7",4,false,true,truncated,1,0,12500,0,1,0,0,7,0,0.000526152,0,0,0
100000005209352100,peripheral,0.2,9,0.1531,"обход остановлен на 4-м колене; входящих 1, достижим от seed: 7",4,false,true,truncated,1,0,5000,0,1,0,0,7,0,0.000417825,0,0,0
100000000561160100,peripheral,0.2,13,0.1922,"обход остановлен на 4-м колене; входящих 1, достижим от seed: 7",4,false,true,truncated,1,0,240000,0,1,0,0,7,0,0.00043367,0,0.0000119874,0
100000003568904100,peripheral,0.2,4,0.18,"обход остановлен на 4-м колене; входящих 1, достижим от seed: 7",4,false,true,truncated,1,0,49000,0,1,0,0,7,0,0.000528585,0,0,0
100000000470237100,peripheral,0.2,23,0.1752,"обход остановлен на 4-м колене; входящих 1, достижим от seed: 7",4,false,true,truncated,1,0,32500,0,1,0,0,7,0,0.000584077,0,4.53438e-313,0
100000008560263100,peripheral,0.2,1,0.1809,"обход остановлен на 4-м колене; входящих 1, достижим от seed: 7",4,false,true,truncated,1,0,100000,0,1,0,0,7,0,0.000311473,0,1.10939e-311,0
100000000542087100,peripheral,0.2,1,0.1558,"обход остановлен на 4-м колене; входящих 1, достижим от seed: 7",4,false,true,truncated,1,0,8506.91,0,1,0,0,7,0,0.000284877,0,4.40237e-296,0
100000004403548100,peripheral,0.2,13,0.1521,"обход остановлен на 4-м колене; входящих 1, достижим от seed: 7",4,false,true,truncated,1,0,5000,0,1,0,0,7,0,0.000365793,0,0,0
100000003010908100,peripheral,0.2,10,0.1679,"обход остановлен на 4-м колене; входящих 1, достижим от seed: 7",4,false,true,truncated,1,0,17000,0,1,0,0,7,0,0.000397123,0,0.0000021678,0
100000006756956100,peripheral,0.2,4,0.1847,"обход остановлен на 4-м колене; входящих 1, достижим от seed: 7",4,false,true,truncated,1,0,121200,0,9,0,0,7,0,0.000309234,0,0.0000917099,0
100000007357489100,peripheral,0.4,0,0.1949,"обход остановлен на 4-м колене; входящих 2, достижим от seed: 8",4,false,true,truncated,2,0,164500,0,2,0,0,8,0,0.00031125,0,0.00000160711,0
100000002599729100,peripheral,0.2,6,0.1805,"обход остановлен на 4-м колене; входящих 1, достижим от seed: 7",4,false,true,truncated,1,0,65000,0,2,0,0,7,0,0.000482943,0,0,0
100000005849862100,peripheral,0.2,14,0.167,"обход остановлен на 4-м колене; входящих 1, достижим от seed: 7",4,false,true,truncated,1,0,13000,0,2,0,0,7,0,0.000545141,0,0,0
100000008762843100,peripheral,0.2,0,0.1628,"обход остановлен на 4-м колене; входящих 1, достижим от seed: 8",4,false,true,truncated,1,0,7000,0,1,0,0,8,0,0.000285721,0,3.0907e-8,0
100000002723674100,peripheral,0.2,17,0.1692,"обход остановлен на 4-м колене; входящих 1, достижим от seed: 7",4,false,true,truncated,1,0,30000,0,1,0,0,7,0,0.000325309,0,4.40237e-296,0
100000008758106100,peripheral,0.2,0,0.1664,"обход остановлен на 4-м колене; входящих 1, достижим от seed: 8",4,false,true,truncated,1,0,10000,0,1,0,0,8,0,0.000285344,0,0.00000127615,0
100000001286703100,peripheral,0.2,1,0.1646,"обход остановлен на 4-м колене; входящих 1, достижим от seed: 7",4,false,true,truncated,1,0,20500,0,1,0,0,7,0,0.000285697,0,1.10939e-311,0
